headline,incident_date,state,district,species,conflict_type,livestock_killed,human_injured,human_dead,summary,confidence,report_type,needs_review,source,url,village,article_body,body_status
Snow Leopard Kills 23 Sheep at Lankerchey - voiceofladakh.in,2022-01-29,Ladakh,,Snow Leopard,Livestock Attack,23,0,0,Snow leopard killed livestock in Ladakh.,0.98,single_incident,,voiceofladakh.in,https://news.google.com/rss/articles/CBMigAFBVV95cUxNeFRvMlpobUI0N0tqbVhVQ0VEYy1uWEVPZ0RHTDhmVTJ1Z3FCMUpyeW03NXg1RzJQQjhkNEdfVXJRMjNZc0I5SXhLSEtCOVE1c3RWLWdlRGMzOHV2V3VXaWhIVm50dnpzTFY1WTVxSVpjdi1fUWY1OVVIQTY5amljRA?oc=5,,"Snow Leopard Kills 23 Sheep at Lankerchey
KARGIL, JANUARY 29, 2022: At least 23 sheep were killed in a leopard attack in Youkmagatoo and Farka Gontabsa area of Lankerchey here today.
The snow leopard barged into the livestock shed of two farmers named Mohammad Ali Gontabsa and Mohd Hanifa of Youkma Gatoo during the intervening night of Saturday.
The owner of the sheep, Mohd Ali of Gongtabsa told the media that a leopard barged inside his livestock shed, killing nine sheep besides leaving several others wounded.
Another leopard attack was reported at the livestock shed of Mohd Hanifa where 14 Sheep have been killed.
Locals from the area appealed to the district administration to trap the roaming beast as according to them it has been on the prowl for the last many days in the area.
Similarly, the stray dogs’ menace has become a cause for concern for residents of village Lankerchey. They have been facing serious challenges due to the increasing menace of stray dogs that is also causing damage to livestock.
As many as 10 Sheep were reportedly killed in an attack by stray dogs in Lankerchey on Wednesday.
The resident said that the stray dogs have created fear among locals, especially among children. “The scare of dogs has badly hampered the movement of local”, said a resident while talking to media.
The residents complained that the fear of stray dogs is a long pending issue while the administration is in a deep slumber despite many complaints and media reports in the recent past.
The people of Lankerchey appealed to the district administration Kargil to look into the matter and take immediate steps to curb the menace.
The villagers also appeal to the administration to provide compensation to the owner who has suffered livestock damage in the recent attacks.","success(trafilatura, resolved_via_decode, 1784 chars)"
Snow leopard kills 37 sheep and Pashmina goats in Ladakh - India TV News,2020-04-22,Ladakh,,Snow Leopard,Livestock Attack,37,0,0,Snow leopard killed livestock in Ladakh.,0.98,single_incident,,India TV News,https://news.google.com/rss/articles/CBMinwFBVV95cUxNM2RJMDhKMFMzb2pPWnA4azNsS2p1N2hmci1BQVdjeks1Z1dYZXN6eENlUzRFNDg5eTNSQU5aaHNpNnVzeWdtTkZTdVBBazhjVm81NnRITUFGYVloTUZ5UGIyVVduVk5SQkxYN2l0bnU1SjNoTkQ5Q3RjVDc0SEJ4c1FFUlIxUGt4NklrN0pydE1NR01wcnE3UFNNNHA0RTA?oc=5,,"A snow Leopard killed 37 sheep and Pashmina goats in a remote village near here, taking the number of livestock perished in wild animal attacks over the past four weeks in the district to170, officials said on Wednesday.
The snow leopard strayed into the Yourgo village from a nearby forest and entered the livestock shed of Tsering Dorjay during the intervening night of April 19-20, the officials said.
Executive Councillor for Wildlife Konchok Stanzin immediately sent a wildlife team to the village to catch the snow leopard.
“Caught snow leopard will be released back into the wild after a few days,” he said, expressing grief over the huge loss of livestock which is the only means of sustenance for the nomad family.
He also directed wildlife warden to assess the livestock loss for giving timely compensation and also instructed him to provide a corral pen to the family for protecting the remaining livestock.
Konchok also directed the concerned to sanction a unit of sheep and goat to the affected family to recover the loss while the Revenue Department Durbuk was directed to assess the livestock loss.
This was the fourth wild animal attack on livestock within four weeks in the district, resulting in the killing of 170 cattle including 52 Pashmina goat kids in a wolf attack reported in the same village (Yourgo) on March 30.
Earlier on March 28, a snow Leopard killed 39 sheep at Ronjuk Khardong and two days later a Lynx killed 42 sheep and goats at Kherapulla Kargyam village.
Eurasian Lynx or Ee in Ladakhi is one of the medium-sized Wildlife cats which roam the high and cold snow covered mountains of Ladakh Himalaya.
The cat is agile and strong and is highly adapted to the thin air atmosphere of Ladakh.","success(trafilatura, resolved_via_decode, 1725 chars)"
Snow Leopard Which Killed Over 40 Sheep In Himachal Captured - NDTV,2020-05-03,Himachal Pradesh,,Snow Leopard,Livestock Attack,43,0,0,Snow leopard killed livestock in Himachal Pradesh.,0.98,single_incident,,NDTV,https://news.google.com/rss/articles/CBMirAFBVV95cUxQRW9DRm5TdmdXdlVQMGREQlAxR3czdzJWWmF0a0JMMEZISmZNTmd3enpMSzk3NHdMcFUzMkoybEJneFRrWTZqWFVFcUFYMW5hdk02WWhhb3hDeGtuUmFkcUlHaGlCZTdLbEs4UlcxTXliSUk5SThBMjhTUjdHeTdsZnc5WHlnamxoMENDdFA3UUlCQThycnJDTlY5WUJ1dkMxRGF5OEpYZUl0eHhH?oc=5,,,extraction_failed(page_fetch_failed after resolved_via_decode)
"Suspected leopard attack leaves 16 sheep dead, 17 injured in Budgam - Telangana Today",2026-09-10,Jammu & Kashmir,Budgam,Leopard,Livestock Attack,16,17,0,Leopard attack resulted in livestock casualties in Budgam.,0.98,single_incident,,Telangana Today,https://news.google.com/rss/articles/CBMimAFBVV95cUxQUFBSTFhmSno5U1NiQnZDZHVRbHNiSC1hd2xxVXJHdkR3VklwRmtNcGV1WGhDYk51RWlNV0JDbXZ2aUJYdmUtb1FyUE5RUjhFZHR6dDZjdW5lT2tsX09SblRoOFU1NDJDbktWMTQ2NlhDYlFWTzdHbkFNQS1JS0xldi1Bb1RfT29RNWlYakg0VEdUczRVVkh2MQ?oc=5,,"Srinagar: As many as 16 sheep were killed and 17 others injured in a suspected leopard attack on a flock in J&K’s Budgam district early on Thursday.
The flock was attacked in the Chadoora area of Budgam during the intervening night of Wednesday and Thursday.
The owner of the flock, Imtiyaz Ahmad Chopan, told reporters that a leopard had attacked his sheep, though the animal’s identity is yet to be confirmed.
He said the animal entered the livestock enclosure in Badipora village of Chadoora during the night and attacked the flock.
“We depend on livestock for our livelihood, and the incident has caused significant financial losses for us,” he said.
The flock owner appealed to the government and departments concerned to provide immediate assistance and compensation for the loss of livestock.
Meanwhile, locals also urged the Wildlife Department to inspect the site and take necessary measures to prevent further attacks in the area.
Wild predators such as Asiatic black bears and leopards frequently enter human settlements in Jammu and Kashmir due to severe habitat loss, climate change and dwindling food sources in the wild.
Between 2020 and mid-2025, Jammu and Kashmir recorded over 17,200 human-wildlife conflict incidents, resulting in more than 100 deaths and nearly 1,100 injuries. Asiatic black bears and leopards cause the majority of attacks, straying into villages, agricultural fields and apple orchards.
The chief reasons for human-animal conflict in J&K are unplanned development, deforestation and the conversion of buffer zones into residential areas or orchards, which shrink natural spaces.
Open garbage dumps, livestock and abundant fruit in orchards near forest fringes attract predators repeatedly.
Irregular weather and shifting snowfall patterns reduce natural forage and water availability at higher elevations, forcing animals down into human habitations.","success(trafilatura, resolved_via_decode, 1889 chars)"
"16 Sheep Killed, 17 Injured in Suspected Leopard Attack in Budgam - Kashmir Observer",2026-09-10,Jammu & Kashmir,Budgam,Leopard,Livestock Attack,16,17,0,Suspected leopard attack resulted in livestock casualties in Budgam.,0.98,single_incident,,Kashmir Observer,https://news.google.com/rss/articles/CBMipwFBVV95cUxPb2FFclVBSU5ieGppbWtZellScm0tS0Q0SG4zcnhEbXMwcHZuLUFEa0dKZUYta1NOUU1FV1BBY1NhTDR3SmdXejNkd1J3TjhMdWFteWtqdld3akVCOWs1Vi1nbTlYU3VDVXoybC1wbHZKZ3RENXhHM1cxbmZ1TzduZG1jUDU3ak1zODktYjFvWnl4NFhCSEVOUE9nSWVfbTI1aDVRRWRIVQ?oc=5,,"Srinagar- Sixteen sheep were killed and 17 others injured after a suspected leopard attacked a flock in Badipora village of Chadoora area in Budgam district during the intervening night of Wednesday and Thursday.
The owner of the flock, Imtiyaz Ahmad Chopan, said he suspected that a leopard had entered the livestock enclosure and attacked the sheep. However, the identity of the animal has not been confirmed.
According to Chopan, the animal entered the enclosure during the night and attacked the flock, resulting in significant losses.
“We depend on livestock for our livelihood, and the incident has caused significant financial losses for us,” he said, as per news agency KNO.
Chopan appealed to the government and concerned departments to provide immediate assistance and compensation for the loss of livestock.
Meanwhile, locals urged the Wildlife Department to inspect the site and take necessary measures to prevent further attacks in the area.","success(trafilatura, resolved_via_decode, 954 chars)"
2 Women Among 7 Injured In Leopard Attack - Kashmir Life,2020-04-29,Jammu & Kashmir,,Leopard,Human Injury,0,7,0,Leopard attack resulted in human injuries.,0.98,single_incident,,Kashmir Life,https://news.google.com/rss/articles/CBMifkFVX3lxTE41bG5EMmxVMlJvSXI1WFhURlUwaTdQVm5MX09jcUk5RnUxdDh4NUxXZ1NGaHkyZ2VHZVEtSU45NFBzOC1VMHp4VEhJUGhzSkFsNF9mQmdWcTN4eFZieTBsek1YdFdYNnU4QXJBbFZqMmNGU0Z4T00ydjY2QUxXUQ?oc=5,,"Srinagar
Seven persons including two women were injured after they were attacked by a leopard in Pohrupeth area of Handwara in north Kashmir’s Kupwara district on Wednesday.
Reports said that the leopard barged inside a residential house and attacked the inmates. In the meantime, neighbours gathered around the house and meanwhile informed the wildlife department about it. While the neighbours managed to rescue the family members, a team of wildlife officials reached the spot and tranquillized the animals inside the house.
Meanwhile, the victims were shifted to Sub District hospital Handwara for treatment.
Among the injured, five were identified as Meema Begum (45) wife of Mohd Sarwar Khan, Gulshan Begum (55) wife of Ghulam Nabi Dar, Mushtaq Ahmad Ganie son of Abdul Samad Ganai and two brothers namely Dilawar Dar (30), Manzoor Ahmad Dar (35) sons of Abdul Jabar Dar. A police officer also confirmed the injuries in the leopard attack. (GNS)","success(trafilatura, resolved_via_decode, 951 chars)"
5-Yr-Old Killed In Leopard Attack In Anantnag - Kashmir Observer,2025-12-17,Jammu & Kashmir,Anantnag,Leopard,Human Death,0,0,1,Leopard attack led to the death of a child.,0.98,single_incident,,Kashmir Observer,https://news.google.com/rss/articles/CBMioAFBVV95cUxNbmhIUTBmMDF5WF9mX24zUnlFR0x0RU1qWXZpMU5USGIxWllZZ05WZ3RldFo1TDA3U2Rydm5rTzRGekh1Z2cwb0dsaHdJSnhJTlpjeHY5ZjVDMmdRa2w2WUZpWHNjNEhkTzJ3Ui1qeVNQb2lId01NcWt2c3dHMUtGTk9rZTI0dElTVWdYS2FNQjZ1WERKcXlBcm4xVlJ6Y2x6?oc=5,,"Srinagar- Panic gripped Gallan Gujjar Basti in the Khiram area of south Kashmir’s Anantnag district on Wednesday evening after a leopard mauled a five-year-old girl to death.
Officials said the leopard attacked the child, identified as Sumiya Jan, daughter of Riyaz Ahmad Paswal, outside her home in Galan Achdar Khiram and dragged her away, triggering fear among residents who rushed to the spot and raised an alarm.
After the residents intervened, the leopard fled, leaving the girl critically injured. She was immediately taken to the Primary Health Centre at Srigufwara, where doctors declared her dead.
The incident sparked panic in the locality, with residents demanding immediate intervention by the Wildlife Department to trap the animal and prevent further loss of life.
Officials said the matter has been brought to the notice of the concerned authorities and necessary measures are expected to be taken to ensure the safety of people in the area.","success(trafilatura, resolved_via_decode, 957 chars)"
Leopard Mauls 5-Year-Old To Death In Budgam - Kashmir Observer,2024-03-28,Jammu & Kashmir,Budgam,Leopard,Human Death,0,0,1,Leopard attack resulted in the death of a child.,0.98,single_incident,,Kashmir Observer,https://news.google.com/rss/articles/CBMiiwFBVV95cUxPMzlCaGpRQk9QdjlwQlVxRzlmbFBaOUxQcEVqTWw2LVYzQjlYUnVUcU9TWDIyaWlnbUkwelNlUVJWVHlaZ0J3VW92UGhwSUJLbWZ3RDhjQXR2Wi1OX3JNYlZnbU1xa3FUbEhoOFk5b3h1Nnp0MGtsQmtqQ2E4V0NrZll5bnkzdzU1SW9B?oc=5,,"Budgam- The peaceful tranquility of Budgam district in central Kashmir was shattered once again as a 6-year-old girl fell victim to a vicious leopard attack on Monday evening.
Toiba Mushtaq, daughter of Mushtaq Ahmad Khan, was tragically mauled to death by the wild predator in the Hariwani area, according to officials.
Her lifeless body was discovered by horrified villagers on the lawns of her home, marking the second such incident in the past 17 days.
Authorities wasted no time in responding to the distressing news, swiftly launching a massive operation aimed at capturing the elusive leopard responsible for the attack.
Cages had already been strategically placed in neighboring villages following the previous incident, as wildlife officials intensified their efforts to rescue the young girl and apprehend the dangerous animal.
The grim reality of the situation is underscored by the recent string of leopard attacks in the region. Just over two weeks ago, a 9-year-old girl met a similar tragic fate in the nearby village of Samsan, succumbing to injuries inflicted by a leopard.
Another minor boy narrowly escaped with injuries in a separate incident, highlighting the urgent need for comprehensive measures to address the growing threat posed by these predatory animals.","success(trafilatura, resolved_via_decode, 1283 chars)"
Beasts On Prowl: Leopard Mauls Minor To Death In Bandipora - Kashmir Observer,2023-08-29,Jammu & Kashmir,Bandipora,Leopard,Human Death,0,0,1,Leopard attack led to the death of a minor.,0.98,single_incident,,Kashmir Observer,https://news.google.com/rss/articles/CBMinwFBVV95cUxQa3NQVFJrV1ZEYl90bldtLUdMOU9zVy1SR0ZwRmc2TDJuUXRZSkt0WjFvQW0yS0JsSDNlNGJNYXkyaW44aHpnTWhWN2l3ZWtvbnc0NUFwc00xaVFEQllGdWhOR0tqY2JHTVNXUlp3RGY0SEJtVkQ5Q0RxS3NVcEJvUjBXeXVpM2ExWnlYS25KNnd4TjJNS25Gb1dNeGZmRDA?oc=5,,"Srinagar- In yet another deadly incident of man-animal conflict, a seven-year-old boy on Tuesday was mauled to death by a leopard in Nesbal area of North Kashmir’s Bandipora district.
7-year-old Zaid Bashir had gone missing from his native Nesbal village on Monday evening following which a massive search operation was launched by Police, army’s 13RR. CRPF with the assistance of the locals, officials said Tuesday.
According to them, bloodstains and clothes of the boy were found near a field, leading them to suspect that a leopard, which had been sighted often in the area, had attacked the boy.
After overnight search, the boy’s mutilated body was found in a nearby hillock in Nesbal in the early morning on Tuesday.
After legal-medical formalities, the body was handed over to his family members for last rites.
Meanwhile, three people, including a woman were attacked and injured on Tuesday by a black bear in Damhal Hanjipora area of South Kashmir Kulgam district.
Muhammad Ramzan Malik, Muhammad Shafi Malik and Raja Begum were working in an orchard in their native Nagam village of DH Pora when a bear appeared there and attacked them, reports said. The trio sustained injuries in the surprise bear attack. They raised an alarm following which other villagers rushed to their rescue.
All the injured, reports said, were removed to the district hospital, Kulgam for treatment.
“We were passing through the area when we learnt that a bear had mauled a man. We rushed to the spot and found three people, including a woman injured,” Zahid Iqbal, an eyewitness said.
He said that the area has been witnessing frequent attacks by wild animals. Iqbal urged the Deputy Commissioner (DC) Kulgam and wildlife department to look into the matter and save villagers from further beast attacks. (With KNO inputs)","success(trafilatura, resolved_via_decode, 1808 chars)"
J&K: Leopard attacks nearly dozen goats in Samba region - archive.siasat.com,2023-04-23,Jammu & Kashmir,,Leopard,Livestock Attack,0,0,0,Leopard attacked goats in Samba region.,0.98,single_incident,,archive.siasat.com,https://news.google.com/rss/articles/CBMimgFBVV95cUxQWDlGTWpOSkJUVFdCbE15RWJUNG8za1NoN1piMk5laWxGc2gxY2Y1RXNvbzhpVDMtWGdLYnViQ3UtaUxrM1VILUZDSW0yX19lZDl0ODNoaU5IWWRObG9yZUxCQ1l2NFdQNldWSGhKVldQOE9FZEhySm9UQ3I2eExSazVIYlc3OW56RXIxbGZjWjZVNGozc0NINFZB?oc=5,,"Jammu: A leopard killed nearly a dozen sheep in the Gurha Slathia area of Jammu and Kashmir’s Samba district on Sunday, police officials said.
Joint teams have been formed and traps placed to capture the big cat, they said.
The leopard ventured into the Ghar Mandi locality of Gurha Slathia from the nearby forest area and attacked a herd of goats, they said, adding that while eight goats were found dead on the spot, three others are missing and are believed to have been taken away by the animal.
A couple of days back, a girl sustained serious injuries after being attacked by a leopard near the Parmandal area.
The wildlife department has been informed about the frequent visit of leopards in the villages adjoining the forest area, officials said, adding that the animal will be caught soon.","success(trafilatura, resolved_via_decode, 797 chars)"
"16 sheep killed, 17 injured in leopard attack in Chadoora Budgam - KashmirPEN",2026-09-10,Jammu & Kashmir,,Leopard,Livestock Attack,16,17,0,Leopard attacked sheep in Chadoora Budgam.,0.98,single_incident,,KashmirPEN,https://news.google.com/rss/articles/CBMilAFBVV95cUxNRnpwdFVzdEZ6R0JWdElTSGc0S1JXZ3hac00zZzAzOVptSFNPY1VGZU82VG9HUVFVMTlLRDRoWFo2V0t0ZnBXOVo5UmdTVUtyQk50YXVMQ1k2YXkwaEY0RndkUnE4cVZaanZUY3hncFZoMGphdzhQQTEwSFBndVItQzlubjhyRkVBbmtxOFR1dHNSSXVO?oc=5,,,extraction_failed(after resolved_via_decode)
Leopard kills 9-year-old boy in Kupwara village - thekashmirhorizon.com,2026-06-08,Jammu & Kashmir,,Leopard,Human Death,0,0,1,Leopard killed a child in Kupwara village.,0.98,single_incident,,thekashmirhorizon.com,https://news.google.com/rss/articles/CBMikwFBVV95cUxOWUVLMDczTkJIQzQtNXZnUGhXdTl5YThVVlhsbEM5NGJNSnRzVC10LVJLNWNVaVlxR1RDNGVsMkFTUTVWS0FnV01IOVBHZmMxOEVLRGtkOUtDQlM2a0Z2bHgzRGJiS1piZm1Da1BZOHdDYTBHQXVXMUc3SjlIZjJVWFJmNVpPMURYamZSOWtWc0sxcTg?oc=5,,"Kupwara, Jun 08: A nine-year-old boy was killed in a leopard attack at Manzpathra village of Chowkibal area in North Kashmir’s Kupwara district on Monday, triggering panic among local residents.
The man-animal encounter as per the news agency—Kashmir News Observer (KNO) occurred near high school and left the child severely injured. However, the victim succumbed to his injuries later.
The incident spread fear across the area, particularly as it came just weeks after another child from the same village was attacked by a leopard and injured.
Locals have urged the Wildlife Department and district administration to launch an immediate operation to capture the leopard and prevent further attacks—(KNO)","success(trafilatura, resolved_via_decode, 704 chars)"
Leopard Attack in North Kashmir Kills Seven Sheep - Kashmir Life,2025-12-18,Jammu & Kashmir,,Leopard,Livestock Attack,7,0,0,Leopard attacked sheep in North Kashmir.,0.98,single_incident,,Kashmir Life,https://news.google.com/rss/articles/CBMiiAFBVV95cUxPdFJVc3d2M0ctY0ZYbHhoWGxzMUI0VDlXXzNkUjdzcjNRNHFJbVJ3VFdRRDhmZ3BIM1NVSGtnSDNscWVaWXc3V29aZHNuTjVzYXBfMWtVSUFlYVJxcXRwV194dHc1cEotWFhNZzZLLXBFNkdTTTI3bEJuUEJKOUM4VnVFb3N0V2Za?oc=5,,"SRINAGAR: Panic gripped Shiva village on the outskirts of Sopore in north Kashmir’s Baramulla district after a leopard attacked a flock of sheep, killing at least seven and injuring many others.
An official said that the wild animal entered the sheep shed belonging to one Showket Ahmad Dar during the intervening night and mauled several livestock. “Seven sheep were found dead on the spot, while seven others sustained grievous injuries,” he said.
The incident has triggered fear among residents, who have appealed to the Wildlife Department to deploy teams and set up cages in the area to capture the leopard before it causes further damage.
Meanwhile, a team from the Wildlife Department reached the village soon after the incident and launched a hunt to track and capture the wild animal. (KNO)","success(trafilatura, resolved_via_decode, 799 chars)"
4-Year-Old Girl Mauled To Death By Leopard In Budgam - Kashmir Observer,2021-06-04,Jammu & Kashmir,,Leopard,Human Death,0,0,1,Leopard killed a young girl in Budgam.,0.98,single_incident,,Kashmir Observer,https://news.google.com/rss/articles/CBMif0FVX3lxTE82MnRNbzk0VmhtSXkxNUtGU1dsWnViVHdUY1JRSjVxWEtEQXcxTERHajBLOUJybWxEYUlUcTZKZEJlek1sQlZ2aFF4SFFxam1sTWZrQkRPeVZGSnk1R2RxUDQyRk5QR1Fpb2lNMGk1RE9Kd3NFVE1YWUN5LVM4M1U?oc=5,,"Srinagar- A four-year-old girl was mauled to death by a leopard in Budgam district of Jammu and Kashmir, officials said.
Adha Shakil went missing from the lawn of her house in Ompora Housing Colony on Thursday evening, they said, adding remains of her body were found in a nearby forest area during a search operation on Friday morning.
Deputy Commissioner Shahbaz Mirza called a meeting with senior police officers and officials of the forest and wildlife departments to decide on a slew of measures to prevent such incidents in the future.
These include immediate removal of fallen material and other cultural operations in Ompora forests and other risk areas.
The forest department will immediately take steps for erection and strengthening of existing chain-link fencing in the Ompora forests and will submit a detailed project report to the higher authorities for funds.
The wildlife warden will deploy staff, well equipped with machinery for elimination of the wild animal (leopard), which has turned man-eater, with permission from the competent authority.
The wildlife department staff will be deputed in the periphery of the Ompora forests for patrolling and awareness among the general public. (PTI)","success(trafilatura, resolved_via_decode, 1209 chars)"
Two Injured In Leopard Attack In North Kashmir’s Kupwara - Kashmir Observer,2025-04-14,Jammu & Kashmir,,Leopard,Human Injury,0,2,0,Leopard attacked and injured two individuals in Kupwara.,0.98,single_incident,,Kashmir Observer,https://news.google.com/rss/articles/CBMimwFBVV95cUxOdkRDQm1TYmNmX3BjdmYteGY1Rk91NnFRLUs5b2pxQUNOQXd2YjRwcWJSVXFFU1JDYUlyZFY2Unp5NWctbFZfWk5iWldYcFZuNm1GWTBSd2VaZzlna3RDQk9IRjVFaDhQeHR5NEVKRTdkNVNQMEpLVDhIUkFaTkp2WVpQcW1sa2hTdmxLbWxmNnJIZ3AyR2UzUl9tQQ?oc=5,,"Srinagar- Atleast two people including a woman were injured in a leopard attack in Kralpora area of North Kashmir’s Kupwara district on Monday.
Officials said that a leopard attacked two persons when they were working in their agriculture land at Aloosa Kralpora, leaving them injured, reported news agency GNS.
They were immediately shifted by locals to SDH Kralpora for treatment.
They have been identified as Mohammad Abdullah Wani(75) son of Khazir Mohammad Wani and Hafeeza Begum wife of Nazir Ahmad Sheikh both the resident of Aloosa.","success(trafilatura, resolved_via_decode, 540 chars)"
Minor Among 3 Injured In Leopard Attack In South Kashmir’s Pulwama - Kashmir Observer,2022-12-02,Jammu & Kashmir,,Leopard,Human Injury,0,3,0,"Leopard injured three people, including a minor, in Pulwama.",0.98,single_incident,,Kashmir Observer,https://news.google.com/rss/articles/CBMiqAFBVV95cUxPem9URmxpVGpnd0wzUlc3cGdyNGxGVVhOOEhaTTQtajJYeTlwWGNQSWN3Rl9tME9xQ1hVZ05QcjJqTWxhOThSeFBuQkNlMXRGTi1OaHd3eWZEZVltVlNscTg4bkFWVVIzdU1aSGxNZC1PT0dUdGxRQVdVUUs3eFJ2R3pEVkJaNzFGWEpVRDVRa09WYVJCQ1J6QVA3ZDZDNUZ6bElYd2NpUlc?oc=5,,"Srinagar- A minor boy was among three persons were injured after a leopard attacked them in Ladoo village of Pampore in South Kashmir’s Pulwama district on Friday.
News agency KNO quoting locals reported that a leopard appeared in orchards of the area today morning and attacked three persons including a 4-year-old boy.
They said the injured were rushed to a nearby hospital, where they were referred to SMHS Srinagar for advanced treatment.
The injured have been identified as Shaheena Akhter (40), Zahid Ahmad (04) and Zakir Hussian (45)—all residents of Ladoo.","success(trafilatura, resolved_via_decode, 564 chars)"
40 sheep and goats killed in attack by leopards in J&K’s Ramban - Greater Kashmir,2020-11-06,Jammu & Kashmir,,Leopard,Livestock Attack,40,0,0,Leopards killed livestock in Ramban.,0.98,single_incident,,Greater Kashmir,https://news.google.com/rss/articles/CBMisAFBVV95cUxOaENHUTd6cUp1QllBNjd6bUUzNG1wclJLdGp2UFBQTjV2XzhsNzlkcFYwTUxrTTdELXFxaVFrN1lrYjhIZ21sWTdlZXVMQWx2VTBfRzZjLS1CbTJJUTR4V3lzTXdaNTdMdXA4alZ5U1dFTUdmZHdETlZXQ3pXQjA3Y2E1SktIc1ZUQ3E3cGZ3T2V4aWpOM09BOEx1RXNwejRQX3BDUmpiWFRNNEN0MUp6Y9IBtAFBVV95cUxOSWVpYVFuUU9xMVF3QlYwdU1MVFhGMXVvLTIxcVVoUm9ZWWtWVG5XUHgzUW41VDVTZUZPelFCRlJpODlwOXZ5Si1ONTdRdlFfRTdHSUFzdHNHdl9yeEF0UGM4b0Z4M05HYmEzZFJiaXlBd1NRVldtUlhCRk1FQjVQZ0s0Sk9hNDd6MEl0cHVjdDVSWjBxQXl6bkh6MkNKcXFPeklqT2lycVB2ekNyYkRURTJUZlo?oc=5,,"Atleast 40 sheep and goats were killed in an attack by wild animals in Kali Masta area of Gool in Ramban district of Jammu and Kashmir last night.
Range officer wildlife department Ramban, Mansoor Ahmad said that a group of leopards entered the House of Gulzar Ahmad Chandail and Farooq Ahmad Chandail in Gundi Gagra in Gool and killed 40 sheep and goats.
He said a team of wildlife department officials has been dispatched to the panchayat Kali Masta from Ramban.
He added there is no provision of any kind of compensation for livestock killed in attacks by wild animals in Wildlife division Kishtwar.
GK Impact:
In response to the Greater Kashmir online edition news shared on social media on Friday regarding 40 sheep and goats killed in wild attack, Deputy Commissioner Ramban Nazim Zai Khan in his post on the department’s failure to compensate livestock said that a report is being sought on the loss and after the investigations of this case, the victims will be compensated under relief.","success(trafilatura, resolved_via_decode, 995 chars)"
"Man dies in leopard attack in Mandi, 5 others injured; animal succumbs after villagers retaliate - The Indian Express",2025-12-24,Himachal Pradesh,,Leopard,Human Death,0,5,1,Leopard attack led to one death and five injuries in Mandi.,0.98,single_incident,,The Indian Express,https://news.google.com/rss/articles/CBMi0AFBVV95cUxNclpLSFM3dzJfMDlPd1VkVkRneGNnUWRrZ0lmd0RnTmpOZGIwdjVlQndBV25iYlR2Z1c3VFpWNWVrNkFsRFRNU2pfZUJqRHRCU0hnWHItS1EyQ1Y3WDdkR0dyOFhTNWx6dGxiX3c1Yld4Sm1tNlBfNWw3R1lIaEdFd0hqSTNULUxwaW5vdGdIc2p3U1lrNTNycVRpSFBHbWV6V3hQdVVWY3F0MGdlZHVzaVJMRkNpLVE3Qk9aYlpubzFEU3NvekFPVkFockR4SmtV0gHXAUFVX3lxTE9UdkI5RkxfbUFKRDlUN0hXbDJKZjR6aDZ2MGdQWjlsaWNDYnVaLVA2WjdxWG40eENZejZ2R0wtNkhnTFZ0MnNQTDFVek5HNFNlMkplTFhqbV9meUQ4MXZIb2hDbGpnclp5LXRMQURMZVB1MzZYOWJtbTJ2ZU1BekZ3Smttd3ZxSUs2RDhxenFpc2JQemR5Z3NYS2RlbFZhcm0yVzE2RVRKdHdBZEstTmI5MEJHY3RGanM5QnR3X3RfZ0tPVmIxSUJZZElmZ19vOTNLTkdxN0tB?oc=5,,"Man dies in leopard attack in Mandi, 5 others injured; animal succumbs after villagers retaliate
The leopard first targeted residents of Chandiyal in Mandi before entering Bhadyal, where four people were seriously injured in separate attacks. It then attacked Balbir Singh in Malwana, killing him.
A man was killed and five others, including two women, were injured after a leopard attacked them around 7 am in Himachal Pradesh’s Mandi district Wednesday morning. The leopard was later attacked by villagers and succumbed to the injuries.
Forest officials identified the victim as Balbir Singh, 39, who had come to Malwana village to visit relatives. The injured have been identified as Sahib Singh, Deena Nath, Champa Devi, Janit, and Rekha Devi. They were admitted to Shri Lal Bahadur Shastri Medical College in Nerchowk.
Preliminary findings suggest that Balbir had stepped out to relieve himself when the leopard attacked him. The injured belonged to three different villages in the Balh Valley. The animal first targeted residents of Chandiyal village before entering Bhadyal, where four people were seriously injured in separate attacks. It later attacked Balbir in Malwana village, killing him on the spot.","success(trafilatura, resolved_via_decode, 1213 chars)"
Leopard Stoned to Death by Mob of 200 Angry Villagers - newsweek.com,2022-02-09,,,Leopard,Retaliation Against Wildlife,0,0,0,A leopard was killed by villagers in retaliation.,0.98,single_incident,,newsweek.com,https://news.google.com/rss/articles/CBMigwFBVV95cUxPdzVIamhreWk0dmZsOXV2M1kyay01bnl2S1FEa1lNbFNRWkY5NkpVSEk3eVV2UmNWT1ZRSHRBSWM5dnRnMW5PeVcwTlNMQWdUMVBGeHNYUDJldG1KZ0FVZW91QkkyRlFYQk5tMUFieW9YZ01EbTZvd2NMLW5HQ2xJOGltSQ?oc=5,,"A leopard has been stoned to death by a ""mob"" of 200 angry villagers in Azad Kashmir, Pakistan, a wildlife official said.
Rina S Khan, Chair of the Islamabad Wildlife Management Board, said villagers ""ganged up"" on the leopard after it was spotted near Hattian Bala village on the morning of February 8.
Pakistani television channel Geo News said people began screaming as the leopard was spotted wandering around the village. Locals cornered the leopard, which then attacked two people causing minor injuries.
The mob then began throwing stones at the animal, causing it to die from excessive bleeding.
Distressing videos and pictures showing the animal being attacked have been shared online. One picture shows the leopard dead with rope around its neck.
The Azad Kashmir Wildlife & Fisheries Department were called at 7 a.m. local time when the leopard was first seen to remove it. However, by the time they arrived at 9 a.m., the leopard was already dead.
Khan told Newsweek that it was the second leopard killed in Azad Kashmir in just six weeks.
In a Tweet, Khan said that the mob had been ""intent"" on killing the leopard, despite police being on their way. ""If you corner a wild animal, of course it will attack you! Why didn't they wait for the wildlife dept and let them do their job?"" she wrote.
Common leopards are critically endangered. They live in sub-Saharan Africa, northeast Africa, Central Asia, India, and China, however most of their populations are under threat, especially outside of Africa. In Pakistan, they are mainly found in the highlands of Balochistan and Sindh, and the mountainous forests of Punjab, and Azad Kashmir.
Tara Pirie, a postdoctoral research fellow specializing in big cats at the University of Surrey in the U.K, told Newsweek that these incidents tend to involve leopards who are injured, unwell or malnourished, meaning they are more likely to attack.
She said that the leopard was probably less able to flee the situation as easily compared to if it were healthy, so it attacked in order to defend itself.
""Unfortunately because of the ever increasing human encroachment on the diminishing pockets of natural habitat, conflict like this will continue to happen due to there being less space and food for leopards and other carnivores,"" she said. ""This forces them to search for alternatives which brings them into conflict with humans.""
This sort of incident is not uncommon. Leopards are wandering into villages more regularly because their habitats have been destroyed to make room for houses.
Luke Hunter, executive director of the Big Cats Program at the Wildlife Conservation Society, told Newsweek that compared to most big cats, leopards are ""amazingly tolerant"" of human activity and go out of their way to avoid conflict.
""But free-ranging livestock is vulnerable to wild carnivores, and people are justifiably aggrieved when a leopard kills their livelihood. Conflict, and a dead leopard, is often the sad outcome,"" he said.
In 2020, Pakistan prime minister Imran Khan announced plans to better protect the country's wildlife. However the hunting of leopards has persisted. People usually attack leopards either to sell their fur, or protect livestock.
Alongside pictures and videos of the attack on Twitter, Rina S said it was unacceptable and called for the culprits to be held to account. ""A mob of 200 attacked leopard who came near village & killed animal mercilessly. ... The culprits must be punished,"" she wrote.
She said there will be hardly any common leopards left in Pakistan ""at this rate.""
The body of the leopard has been sent for an autopsy to Muzaffarabad.
A similar incident occurred in Kashmir in January, when a female leopard died after being shot by a villager. The Guardian reported that calls to protect Pakistan's critically endangered wildlife increased following the incident. The suspect was arrested and released on bail.
This article has been updated to include quotes from Luke Hunter.","success(trafilatura, resolved_via_decode, 3973 chars)"
"Leopard mauls down a person to death, injures five in Balh valley of Mandi district - himachalguardian.com",2025-12-24,Himachal Pradesh,Mandi,Leopard,Human Death,0,5,1,"Leopard attacked and killed a person, injuring five others.",0.98,single_incident,,himachalguardian.com,https://news.google.com/rss/articles/CBMivAFBVV95cUxNTC00eHdkTFhSZFdWN1Q3LXc3UGRMem53bFdBMFUtRmRZWWthNnpBTjRFb2IzR3ZROHJOV0tNcGdTTWgxczFZeTVIbHFPaVRfWUhRYTNJU3RqVGZJTEFfQWtrS1YtQmtZZHp1czcyYmUxd1R3aFgwdUlIQURUUVljUW9IZFY1Y21pOEhGc2VVdVEzcHZFZUQ1SktZczVReC1oZlpZcnZvRU02MU40dlhQR0Z1cmJhN1JWOUt0Xw?oc=5,,"One person was mauled down to death by a leopard and five others injured in Bhadyal and surrounding villages in Balh valley of Mandi district on Wednesday morning creating a scare among people, who later killed the beast.
The first attack was reported in the early morning at about 5.30 am in Chandyal village when the leopard attacked migrant workers heading towards a sand mine.
As per a villager Pradeep, “After attacking workers it ran towards a ravine and mowed down Balvir Singh (40), a resident of Mandi who had come to visit his relatives living in Bhadyal village; it reportedly slit his throat with his paw and killed him.
As per a forest official, “It injured Sahib Singh, Dina Nath, Janit and Rekha Devi in Chandyal village and Champa Devi in Malwana village.”
All Injured are being treated at Shri Lal Bahadur Shastri Government Medical College and Hospital, Nerchowk.
Pradeep said , “ As the news of the attack by the leopard spread the panicked villagers gathered carrying sickles, sharp instruments and long sticks, they hit the animal to save themselves from further attack and killed it.”","success(trafilatura, resolved_via_decode, 1106 chars)"
Man vs leopard: Big cat attacks man; gets killed by irate villagers in front of forest department officials - Times Now,2020-04-12,,,Leopard,Retaliation Against Wildlife,0,0,0,A leopard attacked a man and was subsequently killed by villagers.,0.98,single_incident,,Times Now,https://news.google.com/rss/articles/CBMi_gFBVV95cUxQVzhuNDJlNkNrTzJOZjd1WGl3cGotclJlWGxrd3VKTlh2NmFMSXlvZHZtekJsSmZfSFF4VW9vNnk0X0lVa2NVaEk2VFFLWEEwcFJFU1FPc1B1clpja2pXcEprQ0c2Q0dNdGZ5ZHZ3WWlkSEZSSU9IWHRsZmtzbjdEMWpCQVlfblpzOFJ3Tnc4b2h6ME5wOEdMbl80TFR0TzNfZW5FamRrLUZldDJWOWlkSVRYbXlTR2VJSnFYMFRCMEVNb1FyTDVNT1BGNGZ4YzhkenROb1A1cW1US3hTalB2cmNJTlJNYmNrRW1BNy05aU5wVUlhaXc3czRYeWE2dw?oc=5,,,extraction_failed(page_fetch_failed after resolved_via_decode)
Water pipeline worker attacked by leopard in Himachal Pradesh - indiablooms.com,2020-12-24,Himachal Pradesh,,Leopard,Human Injury,0,1,0,A worker was injured in an attack by a leopard.,0.98,single_incident,,indiablooms.com,https://news.google.com/rss/articles/CBMipwFBVV95cUxQcVM4ME9RWWJkSzVmaWZKTS1BTk80UjFxa2tNSjVsSnpVaDNsOWoxUEZqNlliM3RHWUJxdzA1YjJfSUhJX1FULXVURGplY2ZoczBhVEJnbGV4SE85YW4ySzVtZEV6VFMwN1JKa0FlbnJ6SFJhQTVjbkkwX0JrT2dHSnFDeW0yY2RWeG5HUVdINDhOdXJQWWxiaTg2LWFEcXhLMXkyeGRNSQ?oc=5,,"Water pipeline worker attacked by leopard in Himachal Pradesh
Shimla/UNI: A 45-year-old man working in a forest near Shimla was injured after being attacked by a leopard, police said on Thursday.
The leopard, who reportedly attacked the man while he was laying a water pipeline, fled the spot when the victim's co-workers arrived on hearing his cries.
According to police, the incident occurred in the forest adjoining Salana village near Shoghi at about 1530 hrs on Wednesday afternoon, when some workers were laying water pipelines in the area for an irrigation and public health (IPH) project.
	
“One of them, Abdul Gafur, was allegedly attacked by the leopard while he was at work. The rest of the workers were present some distance away. They rushed to the spot after hearing Gafur's cries and the animal fled on seeing them,” said a police official.
Gafur received injuries on his right leg where the leopard attacked him with its paw, and was given first aid before being rushed to the IGMC hospital in Shimla for treatment, the police said.
	
The victim is a resident of Mandi in Poonch district of Jammu and Kashmir, and had arrived in Shimla along with his two sons and five others after being hired by an IPH contractor, officials said.
“We have alerted the forest authorities, and the concerned divisional forest officer has sent a wildlife team to the spot to search and capture the animal,” he added.
Support Our Journalism
We cannot do without you.. your contribution supports unbiased journalism
IBNS is not driven by any ism- not wokeism, not racism, not skewed secularism, not hyper right-wing or left liberal ideals, nor by any hardline religious beliefs or hyper nationalism. We want to serve you good old objective news, as they are. We do not judge or preach. We let people decide for themselves. We only try to present factual and well-sourced news.","success(trafilatura, resolved_via_decode, 1872 chars)"
"Uttarakhand mob burns alive leopard caught by forest officials, 150 villagers booked - The Indian Express",2022-05-26,Uttarakhand,,Leopard,Retaliation Against Wildlife,0,0,0,A leopard was killed by a mob after being captured.,0.98,single_incident,,The Indian Express,https://news.google.com/rss/articles/CBMirAFBVV95cUxPVkdoOEFfUGZNRWg2dlQzOWwxdndWZVFzdjN2bjI0aEp6NEd6S3lDUGFEb0w2b3VLMjRGQjlKSEtqZ2t5Mk9LMTlsOUpiODZxVVNGYnpwdUVIUS02N3BWWjdsSnFacWlSQ0Y2NHBOTzFFbUFiX05PZUJIeDkyR2FUNHNfTE1hQ1FTRmRBbG42LTRYRjRwM1ZMVjNQTTdNMUl0Vl9oYTJnSHBZb3JC0gGzAUFVX3lxTE0zV2JKVWhQUkJtYzFXYlNKanBVZTlpcEpndkxieDgxdFBSWno2dDd6Q0lrWUlqMnJ3VGpvampjOFpzbWVfMUF0UXlEZEExQXRwQV9XSzVsMGtQbVp3RExKVzFQeDMyTWsyb29SYjhTbjVBQ0EtU2MycHB0UWpDLW45SjFqbHFEVklPTnI5aVdtdExCVlBlZU9BZ0ZwSDVkM3doaE10cXdMQW5MMEhORVpMeERn?oc=5,,"A seven-year-old male leopard captured by the Uttarakhand forest department was burnt alive by an angry mob in a village in Pauri Garhwal district in the presence of department officials on Tuesday.
According to officials, the locals were agitated over the death of a woman who was mauled by a leopard earlier this month. It is, however, not clear whether the leopard killed was the same as the one involved in the fatal attack on the woman. A first information report was registered against the local village pradhan and 149 others under the Wildlife Protection Act and other relevant laws.
Talking to The Indian Express, district forest officer Mukesh Sharma said the woman, identified as 47-year-old Sushma Devi, was killed by a leopard in Saplodi village in the district on May 15, following which forest officials placed cages at two different locations in the area to catch the animal.
“On Tuesday morning around 5.20am, we got information that a leopard was caught in one of the cages. The forest department officials rushed to the spot. There they talked to the locals, but an angry mob led by the local village pradhan attacked the cage. They poured petrol and threw dry grass on the animal and set him on fire. The forest department officials tried to stop them but the mob of Saplodi and three-four neighbouring villages was just too overwhelming for them,” said Sharma.
“After the incident, we sent the leopard’s body for a postmortem. We also got an FIR registered against the villagers who took the law into their hands. The animal killed is a seven-year-old male leopard. We could not confirm if it was the same leopard that killed the woman. We are also investigating why the villagers attacked the leopard,” he said.
Buy Now | Our best subscription plan now has a special price
In 2011 a similar incident was reported when an angry mob in Dhamdhar village of the district burnt alive a leopard in front of forest and police officials. A case registered over the killing of the animal was later withdrawn.
In several cases, the forest department calls hunters to kill leopards when they turn into man-eaters. In 2020, hunters engaged by the department shot dead a leopard in Almora district after it killed two people. Earlier this year, a leopard that killed a boy in Tehri was shot dead by hunters hired by the department.
As per a rough estimate, close to a dozen people have died in leopard attacks in the state this year.","success(trafilatura, resolved_via_decode, 2442 chars)"
"Human-leopard conflict rises in Uttarakhand, over 10 people killed in 2 months | India News - Hindustan Times",2020-10-14,Uttarakhand,,Leopard,Human Death,0,0,10,Over 10 people have been killed in recent human-leopard conflicts in Uttarakhand.,0.98,aggregate_period_total,,Hindustan Times,https://news.google.com/rss/articles/CBMi7AFBVV95cUxQRjJ4Q0xGWXhLUWpiVEFJMk0tcnQ3SDdQdE9JQ0s4WThpcE9kS2k1bDZLY0txVWtyLXRHX3hDRktJLVBYeFFCY2RBVmhTamtBYmZtOUpROGVibUtYcUlQRzVtU29jQk84RVBfT3FnVERoZ1hpR3ZQSFRhWVJtTnhJRzBtU3JFQ2JrTXdscEYzNk5QbC11UnUwaVNZVEVOLTBxMUREdDVzMkd5YVh2NXNRQ2hxbFJBQnNiTTUydmdFalc2dXg4ZVZsQ1R1bWFkaHZwRy1rcm01dU1wS1NrLWZ2WWdFZUZvOGlEUE9CRdIB8gFBVV95cUxNZEFGcjB1V0t1NW9yS2syVDVOcDdtU3QwZVNfdTBuZ1prSElyTTk5WlVEZzN3NDNzZy1tSWN0aGlnS2VOYl9ZNUN3YkZEdWVKdTZxdUp0c1NMOXNsRkxmSmtZLThrV1VvOF8wTU5MU2Iwci0tUGdPVmczSEUtU1hvcFdsT2xwdE16M3Rkd0I1NEg0cTVsRllCcUEwNzFOVkJWZmlSSUg2UzhwVGR2RFlpSDJxVWdhbUNMaHB3eHFPclQ2UXZmWndDbU5MRDlGRVJSMjZQV3lyNVRkek83U3VSa3ZVVkVJY2NFQTcyd0ZtbV9pQQ?oc=5,,"Human-leopard conflict rises in Uttarakhand, over 10 people killed in 2 months
Another maneater leopard was shot dead in Tehri Garhwal district where it had killed two children. It was the fifth maneater to be killed this year.
With the onset of winter, man-leopard conflict is again on the rise in Uttarakhand. In the past two months, over ten people have been killed in leopard attacks across the state.
On Tuesday evening a maneater leopard was shot dead in Tehri Garhwal district where it had killed two children. The spotted big cat was shot by a hunter engaged by the forest department.
Manmohan Bisht, sub-divisional forest officer of Narendra division in the district said that it was a six-year-old male leopard that was shot.
“In a week’s span, the leopard had killed two children and even attacked a group of villagers after which we wrote to the state forest department asking to declare it as a ‘man-eater’. We got permission on Monday after which it was shot late on Tuesday evening,” said Bisht.
He said that the carcass of the leopard was recovered from forests late at night itself and sent for a post-mortem examination on Wednesday morning.
According to the state forest department’s records, 75 leopards have been declared dangerous to human life (or declared as ‘man-eaters’) this year till August. Last year, 55 leopards were declared dangerous to human life.
This year so far, five maneater leopards have been killed by hunters engaged by the state forest department. Last year in October, two maneater leopards were killed in Uttarakhand within one week. A maneater leopard that had killed two children in Pauri, was killed by hunter Azhar Khan. Another hunter, Joy Hukil, shot dead another maneater leopard that created terror in some areas of Pithoragarh district. The leopard had killed a woman in Pithoragarh’s Papdeo village on September 3 last year.
The conflict between leopards and people in the hills in Uttarakhand has been a major problem, especially during winter months when such attacks increase. According to experts the conflict is likely to increase due to rising human and leopard population, habitat interference, presence of easy food like small domestic animals and children, changes in the availability of food in the forests, habitat fragmentation and increasing intrusion of humans into forest areas.
S Sathyakumar, senior scientist from Wildlife Institute of India (WII) Dehradun said in winters it is easier for the leopard to hide as the days are short and light is less, but there is no proven study that leopard attacks increase during winters.
The increasing man-leopard conflict in the state often leads to protests by villagers whenever anyone, especially a child, is killed in a leopard attack. In June 2018, angry villagers in Harinagari area of Bageshwar set a forest on fire after a leopard killed a seven-year-old boy. The boy’s half-eaten body was found in the nearby forest area.","success(trafilatura, resolved_via_decode, 2942 chars)"
Two ‘man-eater’ leopards shot dead within 2 days in Uttarakhand - The Times of India,2020-11-11,Uttarakhand,,Leopard,Retaliation Against Wildlife,0,0,0,Two leopards labeled as 'man-eaters' were killed by authorities.,0.98,single_incident,,The Times of India,https://news.google.com/rss/articles/CBMi0gFBVV95cUxNTG5fWG9XRGNtUmtFM2g1UTBfNXNJM2pZbndyNG1iZFVSRC10Z1UxUjU5RDNOMFA0MFZtczNCMjBSZnlya1dTQm1fZTB2amZHeWFHcENOVzR2ME1KT3pNZ2g5ZEdDaXlpYUdmNk5ES2hURVdZWXdaUDZNSVJVaXJ2NEFVS2JBSUdVQ3JpMUlHWnp0VXkyM3pkb1hDR0tHSEJGRTE1WWNicENnRTJ4RWZ3aXM1TGNWQzBjLTAyM1djekJLZUU3cjlrN2s0Z1NLT2RHM0HSAdcBQVVfeXFMTlJOOW1RMUc0eUtEWjVZRDJiZHBXalpvVTdwQkQ1U3YzMzZUd29zR3Z5Q3VuNEQ3ZHByUnpkaVdsMU5QVF8tWUFOc0ZZc3pNMjVyY0w5YTVlc3dMdnFHbjUxY3BjTlZhS3IwSEhUMkZJdEdWcVhXbzNjMmVPeVRXampRR2toX2pGdjZEQ0NlRWxrZDFEZ2ZUTGtxaGo3Y040NDdDd012NUwxWHV0WUZ5b3F2U25SR045Q3dxbDk5Y3NaeFA4a2VqOHB1S3EyYmhQRkd3b1hnV1U?oc=5,,"PITHORAGARH: A day after a leopard was neutralised in the Berinag area of Pithoragarh by forest department-appointed shooter Joy Hukil, another âman-eaterâ big cat was shot dead on Monday night in the district. The eliminated female leopard was seven years old and 6.4 feet long, said forest officials.
âThe man-eater was shot near Pithoragarh town by hunter Sayad Ali Bin Hadi, who was assigned the task by the department.
The big cat had killed a 37-year-old woman and a 10-year-old boy last month. Three other persons had also sustained injuries in these attacks. Taking cognisance, the wildlife warden had declared the female leopard on the prowl a man-eater,â Naveen Pant, SDO forest, Pithoragarh, told TOI. 
The forest department had also installed a cage and cameras to track the location of the leopard after it was declared a man-eater, said the official. âThe big cat had triggered panic in the district. The canines and nails of the animal were not in good shape,â added Pant.
Earlier on Sunday, a man-eater leopard, which had killed a six year-old girl in Berinag area of Pithoragarh recently, was also shot dead.
According to the forest department, seven âman-eaterâ leopards â including the two aforementioned big cats â have so far been terminated this year in Uttarakhand.
(With inputs from Shivani Azad)","success(trafilatura, resolved_via_decode, 1320 chars)"
Elderly man killed by leopard in Uttarakhand’s Chamoli district | India News - Hindustan Times,2020-12-01,Uttarakhand,Chamoli,Leopard,Human Death,0,0,1,An elderly man was killed in an attack by a leopard.,0.98,single_incident,,Hindustan Times,https://news.google.com/rss/articles/CBMi1gFBVV95cUxPbkdNQlFuTFdsZzRicXdsNEFNX0dadkNGNVFHVGdLZWc1UksyOVE2dEU3ajhMVGxSa3hwSTJleDBHel90ZXRjaV8zcll2NFQtdUhGNFhEV3BobFJtUzczSzBUYlhRRHg3djJsT3liQndsTHBoZDdhT3E3Z2FLRVRxMW9tM1hwWnZMMUdzLTNEejZKZlcxcmplSFQ1SU9qcDRmQnFRNzJCU1ZleFQzYmQ4V1JsamJvUm5DX29rSkFDX2xkZllzOFU1bmQtbnNDRG50U2t0dm9n0gHbAUFVX3lxTFBwRkNNcGxNVkwyalhfbnNMdmV0Rk1uSGVPamhrRkwySmFiTWFuM1o5V2xDTktocENJdG8yVHJMX3Z2clhhal9jLXozbVA5VFdHbzNOV19SaVZnaElvV0ZGUEoyc0syZFM4YXpYdmpLSWJiY1JSd0RMWThuRDVHSV9LR2JNcFUtaEZZaDhnUm1VcWxBY09ia29wemZfaVNCVmJXSDc2dzViVEtrTFVTbjlNc1l3dU9faV9qS2dNY2pUSkxKTVhJcDJENjBfM051VmVOU3lmVUtFdGVRUQ?oc=5,,"Elderly man killed by leopard in Uttarakhand’s Chamoli district
This is not the first such attack to be reported from the state, where human-leopard conflict has been increasing. In the first week of November a 21-year-old woman was killed in a leopard attack in Champawat district.
A 65-year-old man was killed in a leopard attack on Monday in Chamoli district, forest officials said.
The man was attacked by the leopard on his way to the market on Monday morning in Joshimath block of the district.
After the attack, locals present at the spot made a noise due to which the leopard went back to the forest area, but angry locals protested till evening with the deceased’s body on the road.
JS Suhag, chief wildlife warden of the Uttarakhand forest department said, “I have ordered to install cages in the area to try to capture the leopard. This is the second incident of an attack by a leopard from the area. A few days ago a Nepali worker was attacked by a leopard.”
The senior forest official said that the leopard will be declared a man-eater if any further attacks take place.
This is not the first such attack to be reported from the state, where human-leopard conflict has been increasing. In the first week of November a 21-year-old woman was killed in a leopard attack in Champawat district.
Three women, including a teenager lost their lives in a week in October in Okhalkanda block of Nainital.
On October 21, a 13-year-old girl was killed in a leopard attack in Nainital district when she was going to the forest to cut grass. On October 15, an 11-year-old girl was killed by a leopard in Jaspur area in US Nagar district when she was playing with her siblings outside her house.
On October 14, a 40-year-old woman was mauled to death by a leopard in Pithoragarh district when she had gone to the forests to cut grass.","success(trafilatura, resolved_via_decode, 1832 chars)"
"In Uttarakhand’s Pithoragarh, 40-year-old woman killed by leopard | India News - Hindustan Times",2020-10-15,Uttarakhand,Pithoragarh,Leopard,Human Death,0,0,1,A 40-year-old woman was killed in an attack by a leopard.,0.98,single_incident,,Hindustan Times,https://news.google.com/rss/articles/CBMi1wFBVV95cUxPVkt0bktvUW0zVUJ0emRGSXFBa1g4TzVkRWs2X3g2M0FwYVV1ODR6Z0dpbWNNNnBYS204TlNLb2pGQ3VPQk5rSkFZS0pzSDlIX1BCYmlxOUV3SVdZQ2NEWW8tdFkySVZlYmV6WEJvczhrNGx1QWtBdmkxRENxOWxJMk5SUVJIRkJiZXRWTVhqazl2cVNmSHdzNzJaSl9ieG9Dbm1MbUJDbG5JZHlfSGtzancwbHhlRHZVRFdCYUNZeWZ3XzhqMlZXMExUb3Z2VUMtRTB1bWdsNNIB3AFBVV95cUxNWm1FOTdCSTAyWEJSOXJQSkpMY2dyTUpldDZ0M2ViYWxrNkRaM0tUNXFtN2FUcmFXVzV1cnZTeC1LS1QyamJLTmRuOEdZRVFFa0g5dmIzazJjNkVHUl9jWXhlRXM0WkhBUklUQ2l5OWNqOEJjNWhsVkgtRXAtX3hkRHNfSlNKbXJCTThIeS1DS3JMZG80NmM2Q0FKMG16Z3lVQWtTQ2NEdy1KNTg3UkdyVU5IczNYZ2s1QVFqeUtuY3JYaFlzWDQ4aGZVcVNEVDI4c0RYdnRyV3pOZ2F6?oc=5,,"In Uttarakhand’s Pithoragarh, 40-year-old woman killed by leopard
This is not the first incident of a leopard attack in the state. On October 11, a 7-year-old girl was killed by a leopard in Tehri Garhwal district when she had gone to use the washroom outside her house. This was the fifth case of a child being killed by a leopard in the past one month.
In yet another incident of leopard attack, a 40-year-old woman was mauled to death by a leopard in Pithoragarh district on Wednesday evening when she had gone to the forests to cut grass.
Vinay Bhargav, divisional forest officer of Pithoragarh division said the incident happened around 4 pm on Wednesday in Papdeo Van Panchayat area.
“When the woman had gone to cut grass in the forests, she was mauled by the leopard and the animal further dragged her around 50 metres into dense bushes. Upon hearing her scream, other women who had accompanied her reached the site by tracing the blood trail, but the woman had died by then,” Bhargav said.
The body was recovered by local forest staff and sent to the district hospital for a post-mortem examination.
“As the incident happened inside a forest area, it prima facie appears to be a result of confrontation and panic attack,” said the forest official.
This is not the first incident of a leopard attack in the state. On October 11, a 7-year-old girl was killed by a leopard in Tehri Garhwal district when she had gone to use the washroom outside her house. This was the fifth case of a child being killed by a leopard in the past one month. On October 7, a 7-year-old girl was killed in a leopard attack outside her house in Berinag division of Pithoragarh district. On October 1, a 14-year-old boy was killed in a leopard attack in Pauri Garhwal district when he took his cattle for grazing in the forest area.
On September 24, an 11-year-old girl was killed in a leopard attack in Pithoragarh district when she was working near her house and collecting fodder. On September 19, a 7-year-old girl was mauled to death by a leopard when she was playing near her house in Almora district. On September 22, a 40-year-old man was also killed by a leopard in the Pithoragarh district.","success(trafilatura, resolved_via_decode, 2183 chars)"
"Leopard enters into school in Rishikesh, 1 forest staff injured during rescue operation - The Times of India",2020-03-24,Uttarakhand,,Leopard,Human Injury,0,1,0,Forest staff injured in leopard incident.,0.98,single_incident,,The Times of India,https://news.google.com/rss/articles/CBMi7gFBVV95cUxNRU5qbnVXUW1rbURmZ2xWOVU1VndHazFHREpGd1VwdFE3S29sS1l4cUFCeExqckN3Qmt2WlNEWEpDemhYalU4TWV0dS1zOUlaRFgzcThzOGhZbFluMW9Sd3oxWkxSVG9LOXY5eXhvRjhBTHh1WEh0LXcxbEhkbU1kTkhwdE4zSEhTQ3UwN0RmbEJiNXc3UWFOenl6b0ZuN0NJZ2NzSlkzaElrMnY0aC1UTTdxazh2a2FINHZFZk10OUFOdXlsa3JtT04wS0RWTm5tNEdSTkZSOG84TVBFRWIyRml2ekZMaTQzdldjdmhR0gHzAUFVX3lxTE8zb2J6SUUyR0hETmFvNkdxQUViYXRYeG1LQWRjWEU4MFpjUjZkb3ZrbHVrcmhIOFdmT3VUMUNHREdxZjNnX3IzRlN3QWdmNVRZZGdkM0xXamlGd2ItcTJ4TWtlQ1YwS2U1WlVadHR6Rm83TGIxOEVFQ0VMaV9Pd3dyekNJaUcwNllDekUwRDl4WFN0cFdfSDBJbGt5NXJkcUVEMEZrSmFTQnZLZmczV1EtbW5MRURqWWRCYzJKM3FaRmlHZ2ZzYmUwdkh5dTBtcDc4a2hZSWZDQXNmdHFrcE85NllOZ2VRbWVqUkNMYUxWeXkxbw?oc=5,,"Leopard enters into school in Rishikesh, 1 forest staff injured during rescue operation
| Mar 24, 2020, 05:17:00 PM | TOI.in
A leopard entered a private school in Uttarakhandâs Rishikesh. Forest officials were informed about the presence of a leopard in the school premises. One forest staff was injured during the rescue operation.","success(trafilatura, resolved_via_decode, 332 chars)"
"'Man-eater' leopard attacks woman, tears her stomach apart in Uttarakhand - Times Now",2020-08-09,Uttarakhand,,Leopard,Human Injury,0,0,1,Leopard attacked and fatally injured woman.,0.98,single_incident,,Times Now,https://news.google.com/rss/articles/CBMizwFBVV95cUxQcWNuOHVRbUdDNkdLYUlVcm1XYzFaQzZwNGRhZ0FNMHloSlJYVVFldXhxLXptdlZKOWsxVF95N0pLSDFBQ2FSZmVtVGpLdk9XajBCTlhhM1RSbjUzWXVsSmpkUHdvcjhUeW1EYi15dFh4ano4a01jcXpYVGZhSWRDZHpqNGt2bzBiVDJOQVA2WFpPMmNzZ29Pa0dEMmc1RDVJUG5lWU1PUkpZTmxMNHp6OVI3U1JId1p2WHhPM3JKVkdXcmlTQmdLZE1SZ0daUnM?oc=5,,,extraction_failed(page_fetch_failed after resolved_via_decode)
Man-animal conflict: Leopard attack claims third life in 1 week in Uttarakhand’s Nainital - Times Now,2020-10-26,Uttarakhand,Nainital,Leopard,Human Death,0,0,3,Multiple leopard attacks led to three fatalities in Nainital.,0.98,aggregate_period_total,,Times Now,https://news.google.com/rss/articles/CBMi1AFBVV95cUxQdGE1alhwS1VZTkRhRjdIVlBXbm5iUDNJcURDelRfU1J3SWx5M1dEbU5RTnhxcS1Wd3A3YnNJNGkxbFlGX0QzUTVEZnFVWUptcHRrWFNjZUxVS05BSldlQmc5dF9fejFCZk1ka3EtYm9EU3N4alItZE1WWldjTlFHdmtLNWpad3NYUXFlQjJGZzQ5RHNPVVlnTjJtUnVoMUd2d2xXYXRMQ1dxNTB5ZkgzampUMkFLbldzcThTUU1zSktBeDlHZks2eHItdDZjMnplb0o2Yg?oc=5,,,extraction_failed(page_fetch_failed after resolved_via_decode)
‘Dangerous to human life’: Leopard shot dead after it killed 2 children in Uttarakhand - Times Now,2020-07-12,Uttarakhand,,Leopard,Retaliation Against Wildlife,0,0,2,Leopard killed after attacking two children.,0.98,single_incident,,Times Now,https://news.google.com/rss/articles/CBMi4AFBVV95cUxPN0ZIRml0VmFHaEx0cXB3dHVVY2E4VHNBRDZJMXRicFZONkVqU3BkM2tzYl9TNnN2cnpnVk9iMEJ6TXB4XzNyLXlma1JYNDJIdWVLSFltdUFubjhLbXhyZW1vdllqWXY1M1BFbG9HcGpVRnM1Y2dpM3NpTTZwLWNQWFF4M3laTU9ZWG50WXFsLTR6QzZYX2ZKczV4d2dkVC1nSnd4ZGcwTW5YVU93X1RFODN0bm5tdXNzMUZXUUtET25BdUVIZHRZVng4UVl6Q2l3eGQ3aVRHS0lEbkpObmtFdw?oc=5,,,extraction_failed(page_fetch_failed after resolved_via_decode)
Leopard Kills 5-Year-Old Boy In Uttarakhand: Forest Official - NDTV,2022-11-22,Uttarakhand,,Leopard,Human Death,0,0,1,A five-year-old boy was killed by a leopard.,0.98,single_incident,,NDTV,https://news.google.com/rss/articles/CBMioAFBVV95cUxQbHJVc2l3aWtVYmZvaEhnbndQdGRmQ2U3cG5NNWFwTHZpczJtRkUwMkZIcjRQWlVTWWMtZXloUEhVUmc4UnNEdmJSc0tDSTFBSEsyc2tvNzd5TzFVX3RmRWlkbW1BZFFfYVdTMzVSSHgwTi1OTVVqbzRiT2tlUnY1ZFJKSzlSSkFtVHZaY29Ta0k0TkY5d3FHSkptbjVKQWVm0gGoAUFVX3lxTE00NnFpaWxtMlZoZVVpMUlDSlFaSWVtRzlENS1jdVNxYURxcm45SFhKSVdvcTUtVE8wRGZKeWtDTzNIeGNKemJaTHI2dEptNHFSXzU0SGNfQ0NlQXBYM25RcW9oM3l4N2p5SFJ0T2xVQzZFN0Nqbm1mQmdoRU95Ql9CbU42MXFDNThabUdrWmQtMnE2a1ZwZ3lXVkdvbUlmQjNtUGctUmxCcQ?oc=5,,,extraction_failed(page_fetch_failed after resolved_via_decode)
"Leopard kills man in Pauri, 2nd fatal attack in U’khand in 3 days - The Times of India",2025-06-03,Uttarakhand,Pauri,Leopard,Human Death,0,0,1,"A man was killed by a leopard, marking the second fatal attack in three days.",0.98,single_incident,,The Times of India,https://news.google.com/rss/articles/CBMi1gFBVV95cUxNNklneGo4RWRmNFh6Mzh4SDBDRmwxVkdpU1J4RVY3WFR2Uzh1aE9Zd1h2eF9aMWFQR3lFZ3B5UVFmcm9US0g3Rk5VV2JFMFRCSG1reFc0VFpmODJPQjdqTXpGNWlZdUxrOXlqSkcwVC0zbW45WE8zR25qaW1pMGU3VHVua2R2YTJGQXNHb09YaXhUMUV3bXZsS1N2TUhTNDIxempzNk9sMnBTZkRaMzVhcTA2cG1GQVZlQ3lWRVBULV9KQ2F3M1ZDdDlCWEpZZTJSMmZmRFNn0gHbAUFVX3lxTE5xajZwWEM2Q2t6RDZfYnR3TVhwZWFmQzNSTkZBLVZUMVdfMWlNS1l2SUlSMHdhLWFwbmVpV05ITnlxYndud1pvZ3p5R05IYnlhWnlIZnZ3U09uWllmblFnLUdaaGlEYng2N3lpOVk1NWtRWjlqc2d2TnJqaVVGdnhkUWNGamlwb0E3WjA4YV9hVVZrTjVvaUpSakEtbklzbzRRUDZYS1pHeTRCX2sxS2ZwQVVuYjJ1YlJCTVNUWGE4WVExWnRKQ1NmLTdjSjhQcklxQzNjbjdKUnpNQQ?oc=5,,"Dehradun: A 55-year-old man was mauled to death by a leopard in Uttarakhand's Pauri district on Tuesday morning, marking the second fatal leopard attack in the state within three days.
Victim Puran Singh of Siroli village in Ekeshwar block had gone to the market on Monday evening but did not return till late in the night. His family informed local authorities and a search was initiated. Singh's body was found the next morning in a nearby forested area, with forest officials confirming that it was a leopard attack.
""This is the first leopard attack in the district in 10 months. We have deployed cages, trap cameras and tranquilisation teams. Patrolling has been intensified, and locals have been advised to remain vigilant,"" said divisional forest officer Swapnil Anirudh.
Monday's incident follows closely on the heels of another fatal leopard attack on Saturday night in Bhujiyaghat, located in Manora range of Nainital Forest Division, where a 70-year-old woman was killed. Pushpa Devi of Mora village stepped outside her home around 10.30 pm when a prowling leopard attacked her and tried to drag her into the nearby forest. 
Her screams alerted family members and neighbours, who rushed out and raised an alarm, prompting the leopard to release her and flee. Devi, who suffered severe injuries, was declared dead on arrival at Sushila Tiwari Hospital in Haldwani.
In another instance of escalating human-wildlife conflict in the state, a leopard snatched and killed a four-year-old boy from his mother's arms on May 3 in Mana Kabhra village, Bageshwar district. 
In April, Jogiyadi village in Garampani area of Betalghat block reported repeated sightings of a prowling leopard that killed several domestic animals over a month, sparking fear among residents and disrupting daily life. Earlier in January, a woman collecting fodder was seriously injured in a leopard attack in Bhelunta village, Tehri district.
In light of the growing threat, the state govt has issued safety advisories, urging residents to avoid venturing alone in forested areas, travel in groups and ensure adequate lighting around homes and livestock enclosures.","success(trafilatura, resolved_via_decode, 2143 chars)"
Leopard kills woman grazing goats in Pauri Garhwal - The Times of India,2025-06-22,Uttarakhand,Pauri Garhwal,Leopard,Human Death,0,0,1,Leopard killed a woman while she was grazing goats.,0.98,single_incident,,The Times of India,https://news.google.com/rss/articles/CBMixAFBVV95cUxQLTU2NTVLMGs0SkN1eHloNFNEM05kVnRPbVpDWDZTeXc4VFA5aG93SnpLRlVEVFpiNGRQSmlKekNjQjRlUF92SXJYSXA0VnFJc1FjS3otRHJpZmhvMGFWSy1GNzY1RHNwVGltNzNyLTI0YTBfYjlvdWRVaG9HLWIwcmFYcWpIQko0MWU0X3dfTm1oYWVtU2NWYXBYYlBqdXRGaXhxdkRPNkdNUXlRWG9IZ3hXQlpyS2FhTkMwTm5iUERnQURN0gHKAUFVX3lxTFBrTlVDZ1Q1ZnRtUmgyUU10cS1aVnJ5dllMdTNuSlhXMjJpRlhIR1ZTWFZPOGRGM09xcm5fdnUtSFJKb295b2xXX2k5ZWZfOUhSandmRFp0LWs1TVNzRnA2ZDU2UjhIczBJeXVMMkFSc1NMRV96OTdwTmhvNGVqazhKRnlFdmI3MnA4dl8tcXVZRU1VZ0g3cHd3MnlvazNXVm9JNVVEVk1ReUJqR3ppWHQ1TFVJNS1wMlhtUVBhQW1MNkZtZDlOakxMZmc?oc=5,,"Dehradun: A leopard mauled a 35-year-old woman to death while she was grazing goats in her fields near forests after the predator ambushed her from behind bushes at Halsi village in Pauri Garhwal's Lansdowne forest division, Dwarikhal block, on Sunday evening. This was the third fatal leopard attack in the region within a month despite intensified patrolling and other mitigation measures by forest officials. 
Former gram panchayat of Jawad, Rajesh Miya, said Lata Devi screamed for help when the leopard attacked her but villagers were unable to save her. Forest and district administration officials reached the location soon after the incident to assist the victim's family. Villagers from nearby areas such as Banali, Kandakhal, Bistana, Jawar, and Birmoli demanded that forest officials kill the leopard, fearing it could attack others in the vicinity. 
Divisional forest officer (DFO) of Lansdowne, Aakash Gangwar, who met the family along with frontline staff, said the ex-gratia compensation process for the victim's family had begun. ""Camera traps and cages are being installed, and patrolling has increased to prevent further incidents,"" he added. 
Gangwar said Halsi village is surrounded by dense forests and bushes like Lantana camara, providing ideal cover for predators. He added, ""Only three families reside in that area, making isolated residents especially vulnerable to attacks, particularly during rains."" 
Leopard attacks have sharply risen in Uttarakhand, particularly in districts like Pauri, Almora, and Rudraprayag. Experts attribute this increasing conflict to shrinking habitats, reduced wild prey availability, and villagers regularly venturing into forests for livelihood activities. Over two dozen people have died in wildlife attacks across Uttarakhand this year, according to preliminary forest department data.","success(trafilatura, resolved_via_decode, 1846 chars)"
"16 sheep killed, 17 injured in leopard attack in J&K’s Budgam - bilkulonline.com",2026-09-10,Jammu & Kashmir,Budgam,Leopard,Livestock Attack,16,17,0,16 sheep killed and 17 injured in leopard attack.,0.98,single_incident,,bilkulonline.com,https://news.google.com/rss/articles/CBMiowFBVV95cUxQS0tKRW1iSnpqVTZDQUVfT0ZNNTVCRXBBNXdfNlk3Z1lYdTlYQi1sUkN1Y0plLV9RQjhhNGpSMmtrV0t1V0Q2X2toT0p4NkVrbXlZSHFXWXM2NmM4akFlVnNrdlNNeGNNMlFSc0NVOUFiRENjWTI5TndKdjdidVNxTFd0ay1TR2RhazVlSElmRUFyUWF3QTJaUlQ2bG5MMWd6dmZr?oc=5,,"Srinagar
As many as 16 sheep were killed and 17 others injured in a purported leopard attack on a flock in J&K’s Budgam district early on Thursday. The flock was attacked in the Chadoora area of Budgam during the intervening night of Wednesday and Thursday. The owner of the flock, Imtiyaz Ahmad Chopan, told some reporters that a leopard had attacked his sheep, though the animal’s identity is yet to be confirmed. He said the animal entered the livestock enclosure in Badipora village of Chadoora during the night and attacked the flock. “We depend on livestock for our livelihood, and the incident has caused significant financial losses for us,” he said.
The flock owner appealed to the government and departments concerned to provide immediate assistance and compensation for the loss of livestock. Meanwhile, locals also urged the Wildlife Department to inspect the site and take necessary measures to prevent further attacks in the area. Wild predators like Asiatic black bears and leopards frequently enter human settlements in Jammu and Kashmir due to severe habitat loss, climate change, and dwindling food sources in the wild. Between 2020 and mid-2025, Jammu and Kashmir recorded over 17,200 human-wildlife conflict incidents, resulting in more than 100 deaths and nearly 1,100 injuries. Asiatic black bears and leopards cause the majority of attacks, straying into villages, agricultural fields, and apple orchards.
The chief reasons for human-animal conflict in J&K are unplanned development, deforestation, and the conversion of buffer zones into residential areas or orchards, which shrink natural spaces. Open garbage dumps, livestock, and abundant fruit in orchards near forest fringes attract predators repeatedly. Irregular weather and shifting snowfall patterns reduce natural forage and water availability in higher elevations, forcing animals down into human habitations.","success(trafilatura, resolved_via_decode, 1894 chars)"
"Uttarakhand grapples with a black bear problem: 5 people killed in attacks, authorities scramble for solutions - The Indian Express",2025-11-22,Uttarakhand,,Asiatic Black Bear,Human Death,0,0,5,5 people killed in bear attacks in Uttarakhand.,0.98,aggregate_period_total,,The Indian Express,https://news.google.com/rss/articles/CBMi7wFBVV95cUxQdVlrYWhNdnBzUDYzRS1hV09Sb1pUSkx2SERlbG9RaFp1d2hmYWp5SVpLUkMzTFlvbnFTclE5TkVkR1RrMUhkVWhidW5IeVI4eGh4Q1VfVzd6T19ZeURmNC1MOVNDRzVwX1BYaHhZQVNQQmJIMGEyYjZrNVNLRFA5ZVVfM0g3UUNRMnhscXQzU3FiaU9iQWtyb2J4VVJ2RW1ZVmRFVElteWwxaTkzeWlyTFBoM2VZOUdLRkstRXBIMHdMNVdzWkVZSy1uc3VTTkFPQVFYY3duQ3A1ZWU0Qy1xcWZ0akZqdEJrRjRoVmxKONIB9gFBVV95cUxQbV9wbmQwQmhjbkZqdkUyOVViVzZYVGtMZzVHQ09qdmpDV1ZyZ3QxV1I0Y3ZweDgzLUZrbGkzNkVUMndqMlJwN2tYdE1pSzlBdEduZkZaakZ2LVN6cDhlbkM1WmpsSlJrdTJLdEwyTG1jMDFyMVlSOHJtdkJlZmdOVEFWVkxHQzJxWTNrM25SdkZ5YUsydW8tM2lLemJRYUI3ai1BVWNjUW5INGVhTElZMTNxMTVERGlNdlpDLTJaTDJfQ3NKZWxPM3BKTmdlVGhBUEw2WFkwR3k3aXMzQmMxdVc2bWxhRGltSWl6NWRHRlBUaEdKeXc?oc=5,,"Uttarakhand grapples with a black bear problem: 5 people killed in attacks, authorities scramble for solutions
Climate change, habitat degradation among reasons cited by forest department for increased conflict between humans and the Asiatic black bear
Following a spate of attacks by Asiatic black bears in Uttarakhand, the forest department has released a slew of directions, including shooting to kill as a last resort. Five people have died in these attacks this year.
The guidelines for the prevention and management of human–bear conflict during the winter season were issued on Thursday. This is the pre-hibernation period for bears, when bears that hibernate during winter are found active in several areas, the department said. It attributed the possible causes for changes in bear behaviour to climate change, reduced food availability, improper waste management, and disturbance to habitat.","success(trafilatura, resolved_via_decode, 901 chars)"
Three Bear Attacks In Srinagar In 24 Hours Underscore Rising Human-Wildlife Conflict Cases In J&K - ETV Bharat,2026-08-17,Jammu & Kashmir,Srinagar,Asiatic Black Bear,Human Injury,0,0,0,Three bear attacks in 24 hours indicate rising human-wildlife conflict.,0.98,aggregate_period_total,,ETV Bharat,https://news.google.com/rss/articles/CBMi3wFBVV95cUxOV1FfdXduRlgxY3lMaTZCdy0wN1cwSGZrbXA2SWR2SEFVemVlbjd2NVZmXzIyNHMzbHp5VnQ1ZXBEeTRaZTJ5VXJHaXAyR2RpYldEbTdYYnQxdm4yREREUmR5R3Znb2RVRnVTclB0N0dLakxJNHM0aW5UcmxoOFg3SHhieVBRSmh3dUQ0S0NrMDE1QjJQUDcxQ2FpT1JiMS14SUtwaEZwcl9KMExHMDFSNnZYb05Mek44bUNPenZzVlhVWk1CV2l1RC1nSGlRNHNYNWNzSnBSWWxNTm5hcmNj0gHkAUFVX3lxTE43NVV1X2lNM3dfa1M1OUdrWWROMGJnTXZyanZCbUNzNkFWdm5PUExPdGRRdWpwc3FJSHdabDhvdF93ek14WllVdHVwWThLX0I5cXhoWERzbDNaWE83OVFxbXJEVy1CR3NLOXhQSmtzeUdfVDRVa1FuQmtzUnE3bUdfZlBBSkNPbGFZVTZEMUlMbDk0UHpqYVZSTVd3RURBb2V3X0xTOEx6bWVVcDBNR3lodWo3MHNMdVlnX0FreXlvcmlGcVBDX3I5ckZYOU91UEg4WFRNR1I1cWFCSnFQam05c3lhTA?oc=5,,"Three Bear Attacks In Srinagar In 24 Hours Underscore Rising Human-Wildlife Conflict Cases In J&K
Locals in Khonmoh area of Srinagar are in panic due to three back to back attacks that has left three residents injured.
Srinagar: In an alarming incident marking the rising human-wildlife conflict cases, as many as three persons were mauled by a bear on the outskirts of Srinagar city of Jammu and Kashmir causing panic among the residents.
According to officials, a black bear attacked a woman Fatima, 57, wife of Muhammad Maqbool Wani near her house at Shah Mohalla of Khonmoh area of the city on Monday morning leaving her injured. After immediate first aid, Fatima was shifted to a nearby hospital for treatment.
Another incident on Monday morning took place in Sirhindi Colony of the same area where the same beast injured 30-year-old Muzaffar Ahmed Butt, son of Ghulam Hassan Butt. Butt is also undergoing treatment at the hospital.
Both these incidents took place a day after the bear attacked a local resident Ijaz Ahmed Butt, son of Abdul Rashid Butt person in the Shiv Dikri area of Khonmoh. He was injured in the attack, after which his family immediately shifted him to the hospital.
After the continuous attacks, the authorities have deployed teams of the Wildlife Department in the area. Officials said that they have taken notice of the incidents and are continuously monitoring the situation. An official of the Wildlife Department said that the bear has been located, adding it will be rescued soon.
Three attacks in less than 24 hours have increased the concerns of the people living in the area, where many houses are located near forest areas.
According to data compiled by the Jammu and Kashmir Wildlife Protection Department, more than 17,200 incidents of human-wildlife collisions were recorded from 2020 to July 2025. More than 100 people were killed and nearly 1,100 injured in these incidents.
The latest attacks in Khonmoh come about a month after a man was killed by a black bear while working in an orchard in Kulgam district of south Kashmir. Earlier in June, a casual labourer was also injured in a bear attack while on night duty at the Royal Springs Golf Course in Srinagar.
Read More:","success(trafilatura, resolved_via_decode, 2217 chars)"
3 Injured in a Wild Boar Attack in Rajouri - Kashmir Observer,2025-11-18,Jammu & Kashmir,Rajouri,Wild Boar,Human Injury,0,3,0,3 individuals injured in wild boar attack.,0.98,single_incident,,Kashmir Observer,https://news.google.com/rss/articles/CBMiigFBVV95cUxQUVpJTERWcXRMYWo3SFl0RGpmS3RKMjdzdzJ5bGVYZFp2SGNKdzlsdmdNcWJVWlZOVWpOaGJyWTZOUDctYzl5bE1wTDY1TGdINUJRbUxNT3lTcmVLNTF2blU4eUJJWEFuY1pRMUh6WERyUXJoUFpZeGNhcnhjVi05cVVGWTZDaWZpMkE?oc=5,,"Jammu- Three persons, including a couple, were injured in a boar attack near a forest in Jammu and Kashmir’s Rajouri district, officials said on Tuesday.
Mohammad Mazhar (30), Afsana Kouser (25), and another person sustained injuries after being attacked by wild boars on Monday night in the Khabla area of Thanamandi tehsil, they said.
They were rushed to the hospital with multiple injuries to their head, arms, and legs, and are being treated, doctors said.","success(trafilatura, resolved_via_decode, 460 chars)"
"Himalayan black bear attacks couple, mauls woman to death as husband survives by climbing tree - Times Now",2020-11-21,Jammu & Kashmir,,Himalayan Black Bear,Human Death,0,0,1,A woman was mauled to death by a Himalayan black bear while her husband survived.,0.98,single_incident,,Times Now,https://news.google.com/rss/articles/CBMi6wFBVV95cUxQVDFEeFZSR1dLeGxlLW5zV3BwTy1rTUtFWnhYaERibjBQNG4zZFRybFZtUVg0a3hrVVZTSWZMdmJLM0lQcVMtOE9Gd3NENHB6N2N3N2ZBczd4OEx5NzM0cVVZdG5LUTNLRlB6aWdkRnlxWEVtNEJXUEdVZW1EU3lvUGxnQjdHWHo1VUNiWmFLRXFVRjd1SmVyZk92S3JGT1hFTi1QWGhERzlDTUljbm9leUp0V29HRUx6RVdlcFZKdm9QandLRW44V0VUR0pBSGZQOVNPbDZLMURobTZlSjNtUjB1UmlNc1h0aFRz?oc=5,,,extraction_failed(page_fetch_failed after resolved_via_decode)
Elephant mauls watchman to death in Uttarakhand - The Times of India,2025-04-02,Uttarakhand,,Asian Elephant,Human Death,0,0,1,A watchman was mauled to death by an elephant.,0.98,single_incident,,The Times of India,https://news.google.com/rss/articles/CBMiwAFBVV95cUxNbTc1ODVIbXo0dnhzbUFaQ1k5dVZWek54M241T2lUakVOcE1UbjE3M1JkLW50TU1ySW1uX05teURVWlJ6TlRZRFc4Vi1JeG0yczZZMVl2QTd6LVhkdTRNZmFPT0dEblM1RnloYW9vc2ZuLTN5XzhiNXhjM0kwQWJYcjVnQkxEblRJblB5Vmt3bzdXdk5zM1JtX0h2Q291VkxXS1JNT3JfOEJrSkRCcWRuQjhlbWFNUFdDQl95VXZXY0PSAcYBQVVfeXFMT3pSbm5kUW9xYWY0OW8wYml5WnJKemQ1T2ZTYkpKQWJvaHRQRmFPaGhYY29uWTI5Vl91NGJjZHlzNEtoRlIxTFNvbDB3czRHa3NIREoxZ2UwOUVfUmVWN3hMYUcyMzVnOVF4bEJPVHRPcWhlLUtraTR6TDAwal91eGdBa21OLUdPQTA2NFBPWDRGanhzZU9KWjBWNmtORmtpb0V2bzJGTVhQdDktdDYxekhMV1RKQ1FjUXNTUTZCQkYxQ3BYQUhB?oc=5,,"RUDRAPUR: A 60-year-old watchman was crushed to death by an elephant in the Pipalparao range of the Terai forest on Monday. Kashmir Singh was a resident of Bazpur, US Nagar district, and worked as a watchman in compartment number 24 along with his sons, Binder and Gurjinder. 
According to the family, the incident occurred when Singh went into the forest, about 400m from his hut, to relieve himself. Suddenly, a wild elephant attacked him, resulting in fatal injuries. When he did not return for a long time, his sons searched for him and found his body in the jungle. Police have sent the body for a postmortem. 
DFO UC Tiwari assured the family they would receive financial assistance. ""After the postmortem report, compensation will be provided to the victim's family as per the norms,"" he said. 
Singh's sons, Binder and Gurjinder, said their family, which includes their mother and both brothers' wives, had been working as watchmen in different forest areas, including Bareilly, before shifting to Pipalparao nine months ago.
Forest officials have urged villagers to exercise caution, especially during ongoing elephant mating season, when male elephants become more aggressive. DFO Tiwari said, ""People should make loud noises when they encounter wild animals, as this often diverts their attention and prevents attacks."" 
Frequent human fatalities due to elephant attacks have been reported in Terai forests, especially among those venturing inside for fodder collection or other needs. The 2020 census recorded 127 elephants in the five forest divisions of the Western Circle, with cross-border movement from Nepal adding to human-elephant conflicts.","success(trafilatura, resolved_via_decode, 1661 chars)"
"293 people killed in tiger attacks, 2,657 in elephant attacks in last four years: Govt - orissapost.com",2023-12-07,,,Tiger,Human Death,0,0,293,Cumulative deaths from tiger and elephant attacks over four years.,0.98,aggregate_period_total,,orissapost.com,https://news.google.com/rss/articles/CBMisAFBVV95cUxNM3kxS251enB5RERudm5IY1d0a040UW4tUTdMa2lZQXFITk9TRlNuYkRPSlJuVjVGN2R4WTVOYXh6d0NHai1Od1RXSDRQZWgxWXNRY3pEdHlGWnNVZVBNbjE4SDJpVVRmR0czRUcyaFdib2pzbFN6RWVWLVdYM0xKM0FYX3Q3M2NQdUtZZ0F3NjNFcl9ralFqV0dLVHFfZFFBLXhwbDVXTXZodk9uVmtqMNIBsAFBVV95cUxNM3kxS251enB5RERudm5IY1d0a040UW4tUTdMa2lZQXFITk9TRlNuYkRPSlJuVjVGN2R4WTVOYXh6d0NHai1Od1RXSDRQZWgxWXNRY3pEdHlGWnNVZVBNbjE4SDJpVVRmR0czRUcyaFdib2pzbFN6RWVWLVdYM0xKM0FYX3Q3M2NQdUtZZ0F3NjNFcl9ralFqV0dLVHFfZFFBLXhwbDVXTXZodk9uVmtqMA?oc=5,,"New Delhi: As many as 293 people lost their lives in tiger attacks between 2018-2022 and 2,657 died in elephant attacks between 2018-19 and 2022-23, the government told the Rajya Sabha Thursday.
Union Minister of State for Environment Ashwini Kumar Choubey shared the data in a written reply in the Upper House.
He said 31 people died in tiger attacks in 2018, 49 in 2019, 51 in 2020, 59 in 2021 and 103 in 2022.
Meanwhile, the number of human deaths in elephant attacks stood at 457 in 2018-19, 586 in 2019-20, 464 in 2020-21 and 545 in 2021-22.
“Incidences of wild animal attacks have been reported from various parts of the country due to several reasons which inter alia include degradation of the habitat, depletion of the natural prey base, increase in population of wild animals due to sustained protection efforts and changing crop patterns, etc.,” Choubey said.
Spelling out the measures taken to reduce human-animal conflicts, he said species-specific guidelines were released by the Environment Ministry in March 2023 for mitigation of conflict between humans and elephants, gaurs, leopards, snakes, crocodiles, rhesus macaques, wild pigs, bears, blue bulls and blackbucks.
Guidelines were also issued for cross-cutting issues such as occupational health and safety in the context of human-wildlife conflict mitigation, crowd management in human-wildlife conflict-related situations, and addressing health emergencies and potential health risks arising out of human-wildlife conflict situations.
Choubey said the Centre provides financial assistance to state and union territory governments under the centrally sponsored schemes — Development of Wildlife Habitats, Project Tiger, and Project Elephant — for management of wildlife and its habitat in the country.
The activities supported under the schemes include construction of physical barriers such as barbed wire fences, solar-powered electric fences, bio-fencing using cactus and boundary walls, etc. To prevent the entry of wild animals into crop fields.
PTI","success(trafilatura, resolved_via_decode, 2025 chars)"
"Elephants Bear the Brunt in Escalating Human-Wildlife Conflicts: Over 600 Human Deaths, 336 Elephant Fatalities in 2024 - Kashmir Life",2024-12-19,,,Elephant,Human Death,0,0,600,Cumulative deaths due to escalating human-wildlife conflicts in 2024.,0.98,aggregate_period_total,,Kashmir Life,https://news.google.com/rss/articles/CBMi4wFBVV95cUxOUkJ5Wk80OGYtY1NrQTRnZFNtLUVSQzE2QWRYRTdlZzI0TFU1TzlHWGEzcE5zdFdCSGtlenJHTDlCTTdaYk9BeXhabFV2alk5NG1ZUnE4T0I4UWllRWtlZmdCNkUzdWZMY3V2NW5rbjQ4TVRVYk53ZXQyaEhBRmJ2RXZvNlRVZG40SzFPcmtVQlo2SnZfT3c1aG9kQjQ5Sjh5X09YbVVLUXM2ZFU1WjNheU9lU3FRaktUOGVsSk0zWDNURjMwS0lDWjYwMDVKeVlrUi1mRXR6Vy1tamdaaUp1RGkwaw?oc=5,,"SRINAGAR: The human-wildlife conflict in India has tragically claimed over 600 human lives in the past three years, highlighting the deadly reality of this ongoing issue. Between 2021 and 2024, a total of 295 human fatalities resulted from attacks by tigers, while 628 human deaths occurred due to encounters with elephants.
These fatalities underscore the dangers faced by communities living near wildlife habitats, where increasing human encroachment and dwindling animal territories have led to deadly encounters. Particularly vulnerable are the farmers, villagers, and workers who live on the fringes of forests and wildlife corridors, where the risk of conflict with large animals, especially elephants and tigers, is ever-present.
On the flip side, the animals themselves are also suffering. Elephants and tigers are among the major victims of these conflicts. A total of 336 elephant deaths have been recorded due to factors such as train accidents, electrocution, poaching, and poisoning from 2021 to 2024. Elephants, often forced into conflict due to shrinking habitats, are the major victims of this deadly trend. A total of 336 elephant deaths were reported from 2021 to 2024, caused by train accidents (47 deaths), electrocution (251 deaths), poaching (27 deaths), and poisoning (11 deaths). The increasing frequency of these tragic incidents underscores the urgent need for more effective conservation measures.
Tigers have also suffered heavy losses, with 370 tiger deaths reported during the same period. Of these, 295 human deaths resulted from tiger attacks, highlighting the significant threat posed to communities living near tiger habitats. Poaching, unnatural causes, and seizures contributed an additional 75 tiger fatalities. The ongoing human-wildlife conflict in India has seen a worrying escalation, with over 600 human fatalities recorded in elephant-related incidents in the past three years. Elephants, who are frequently forced into conflict with human populations due to habitat loss, have paid a heavy price, with a staggering 336 elephant deaths reported due to a combination of train accidents, electrocution, poaching, and poisoning.
According to official government data, which was shared in Rajya Sabha during question hour, the number of human deaths due to elephant attacks has been rising, with states like Assam, Odisha, and Jharkhand leading the toll. In 2021 alone, 63 human deaths occurred in Assam, a number that remained high at 80 in 2022 and 74 in 2023. These figures were mirrored by the loss of elephant lives, especially in states like Assam, Odisha, and Kerala, where fatalities from human-wildlife conflict are common.
Elephants are the major victims of this rising conflict, with 47 deaths reported due to train accidents over the last three years. Electrocution has proven to be another deadly hazard, claiming the lives of 251 elephants since 2021. Poaching and poisoning have further compounded the crisis, with 27 elephants killed by poachers and 11 poisoned over the past three years.
While the government has implemented measures to reduce these conflicts, including the creation of protected areas, animal-proof fencing, and technological interventions like tracking systems and rapid response teams, the measures have yet to effectively address the root causes of the conflicts. The increasing fatalities on both sides—humans and elephants—underscore the urgent need for more comprehensive solutions that balance wildlife conservation with the safety of affected communities.
In addition to these tragic fatalities, the ongoing loss of habitat and the encroachment of human settlements into wildlife territories continue to fuel these deadly encounters. Despite governmental efforts to mitigate the situation, including the issuance of guidelines and the deployment of advanced technologies, the toll on elephants remains devastating, making them the primary victims of the ongoing human-wildlife conflict.","success(trafilatura, resolved_via_decode, 3968 chars)"
Minor Girl Injured In Jackal Attack In J&K’s Poonch - Kashmir Observer,2025-04-19,Jammu & Kashmir,Poonch,Rhesus Macaque,Human Injury,0,1,0,A minor girl was injured in a jackal attack.,0.98,single_incident,,Kashmir Observer,https://news.google.com/rss/articles/CBMikwFBVV95cUxPSjNzVDM0SlpkRXo5Sk9RMkFPbzdnUERhUl8wNUk2WFNNeUxFRXZyVXM1SkRRQzdQWlkxTnNZbnkwQ3hxMEdyaUY2WU4wdGRHUm5yZkhOdVFHT0hBaFpjc0lBUWF0OW9BX05fdTBJTjJldnFCS2RIWVY3ZnZHRm1Md1VoNnpSMUw0Nk8tbnpHMEU5Vkk?oc=5,,"Srinagar- A 5-Year-Old girl was injured after a wild animal attacked her in Sawjian in Mandi area of Poonch district of Jammu and Kashmir on Saturday.
Officials said that a girl aged 5, was injured after a Jackal attacked her on face at Sawjian, reported news agency GNS.
Family members and locals quickly rushed to her rescue, she was shifted to nearby hospital for treatment. She has been identified as Abroo (5) daughter of Mohd Sakinder resident of Gagrian.
A doctor at PHC Sawjian said that the minor girl received few stitches on her face in wild animal and has been discharged.
More details awaited.","success(trafilatura, resolved_via_decode, 606 chars)"
Bear Attack Injures Man in North Kashmir - Kashmir Observer,2026-07-27,Jammu & Kashmir,,Asiatic Black Bear,Human Injury,0,1,0,A man was injured in a bear attack.,0.98,single_incident,,Kashmir Observer,https://news.google.com/rss/articles/CBMihwFBVV95cUxPcFNwUTNiQ0pJcTh3TzJjUUtRLUhUSVlFdGtHSGFQN19Xa1NJX2FxOUZoMHFqY2tyanFIbHdfNmR2RXlMUmYzQktyMlRNX3VZaXB4SXI4ZC1xaVdIeE4tNkp2NGo5M3lTaENYWjJTOFlyRnY1dldjUnF5dTBYbUxnS0ZaZjBzRkE?oc=5,,"Srinagar- A man was injured in a bear attack in the Boniyar area of North Kashmir’s Baramulla district on Sunday, officials said.
The injured, identified as Mohammad Shareef Sheikh, a resident of Tirkanjan Kangdyal, was attacked by a bear in the Behak-Natiyan area, they said.
Army personnel stationed nearby rushed to the spot, provided first aid to the injured and assisted in evacuating him to the Primary Health Centre (PHC) Boniyar, officials said, as per news agency GNS.
After receiving initial treatment, Sheikh was referred to the Government Medical College (GMC), Baramulla, for specialised treatment, they added.
The incident has once again highlighted the growing instances of human-wildlife conflict in the region, with residents living near forest areas urged to remain vigilant.","success(trafilatura, resolved_via_decode, 793 chars)"
"16 sheep killed, 17 injured in leopard attack in J&K’s Budgam - Punjab Kesari English",2026-09-10,Jammu & Kashmir,Budgam,Leopard,Livestock Attack,16,0,0,Leopard attack led to the death of 16 sheep and injuries to 17 others.,0.98,single_incident,,Punjab Kesari English,https://news.google.com/rss/articles/CBMinwFBVV95cUxNVWt3YkdjSUFFOHRwYVFxb1VVWUFDTURyTlFfS2JVXzlNb1hDc196cWdLUmdfcTNJYTFBZ005Y0V5MzNRYTduaURyRzFDNlBweEJtalNuVzh1WjN4cFFGejE5clY3ejBvTGhUR2ZEYjBDUnVDMlZWVkROTWhsYzdUTG9zU0c3SkdVbHhpX3J4VEhHc1J4dGZjLXlja1IyNFXSAaQBQVVfeXFMT1NYMXNKaWRPbEMwWWI4ajRoMTNVRVdPMzAxZHp1OVA0UEVLV2tHQ2paOVBILUxwU3RzaXhYcUVNWXBZdk05Z0c0eTlPX1I5R25LUEhnYmI2WTQ1LVJOLUQ0WWdmTGFpbWVWSjR2akxOT3VpUUxMV1FUSWNPMjEzZHFZdGtXTGotX1I5NGU4UFNkZGM3UW42YkhMWkNCWnFmOEswUHU?oc=5,,"Srinagar, Sep 10 (IANS) As many as 16 sheep were killed and 17 others injured in a purported leopard attack on a flock in J&K’s Budgam district early on Thursday.
The flock was attacked in the Chadoora area of Budgam during the intervening night of Wednesday and Thursday.
The owner of the flock, Imtiyaz Ahmad Chopan, told some reporters that a leopard had attacked his sheep, though the animalâs identity is yet to be confirmed.
He said the animal entered the livestock enclosure in Badipora village of Chadoora during the night and attacked the flock.
“We depend on livestock for our livelihood, and the incident has caused significant financial losses for us,” he said.
The flock owner appealed to the government and departments concerned to provide immediate assistance and compensation for the loss of livestock.
Meanwhile, locals also urged the Wildlife Department to inspect the site and take necessary measures to prevent further attacks in the area.
Wild predators like Asiatic black bears and leopards frequently enter human settlements in Jammu and Kashmir due to severe habitat loss, climate change, and dwindling food sources in the wild.
Between 2020 and mid-2025, Jammu and Kashmir recorded over 17,200 human-wildlife conflict incidents, resulting in more than 100 deaths and nearly 1,100 injuries. Asiatic black bears and leopards cause the majority of attacks, straying into villages, agricultural fields, and apple orchards.
The chief reasons for human-animal conflict in J&K are unplanned development, deforestation, and the conversion of buffer zones into residential areas or orchards, which shrink natural spaces.
Open garbage dumps, livestock, and abundant fruit in orchards near forest fringes attract predators repeatedly.
Irregular weather and shifting snowfall patterns reduce natural forage and water availability in higher elevations, forcing animals down into human habitations.
–IANS
sq/vd
(This content is sourced from a syndicated feed and is published as received. Punjab Kesari assumes no responsibility or liability for its accuracy, completeness, or content.)","success(trafilatura, resolved_via_decode, 2097 chars)"
"Missing Kashmiri girl, 4, found mauled to death by leopard in India - The Independent",2021-06-04,Jammu & Kashmir,,Leopard,Human Death,0,0,1,A 4-year-old girl was found mauled to death by a leopard.,0.98,single_incident,,The Independent,https://news.google.com/rss/articles/CBMikwFBVV95cUxOQXgzUjJNRDE4ck0tQ05DdHExeUlZQTVOczV6Ym5nMnZ3Nk9QbHRVaFZFQVhhTnR5V2ZxaHEyNFdJa3RZbkdSbUhVM3h2UTRVVmNXNmN2SHNWWnhDZnp2N3phZE5hYmVIbWJWenNfR2hUbEhCa01PcHdPdEMxamI3YWNUdEgtVFE1emZud3hibzJzalU?oc=5,,"A four-year-old girl, who went missing from her house, was found mauled to death by a leopard in Budgam region in the federal Indian territory of Jammu and Kashmir.
The girl was playing in the lawn of her house in Ompora colony when she went missing on Thursday evening and family lodged a report at the local police station.
A police official told local reporters that the girl was taken away by the leopard and mauled to death. The rescue and search operation was carried out by wildlife officials and the local police.
Graphic visuals showed the body of the girl being carried out of a nearby nursery – a forested area – on Friday.
The crestfallen grandfather of the girl broke into tears as everyone gathered to pay their last respect as her body lay wrapped in a green shroud on the ground.
“She was our princess,” he said. “We repeatedly stressed to the government (about the wild animals). This is a very sorry state. I plead to the authorities that in the future the security of the locals should be ensured,” he said.
He said two leopards were spotted in the area but nothing was done.
The locals and family members continued their search through the night. They spotted blood marks in the area during the initial search.
The incident took place just five kilometres away from the border of Srinagar city, capital of Jammu and Kashmir.
The angered residents claimed leopards have been seen roaming in the residential area for quite some time and alleged no steps were taken by wildlife officials to ensure safety of the locals.
“We have been pleading with the wildlife officials for long to do something about it. This nursery has become so dense now and they need to take steps to ensure such gruesome incidents don’t take place”, India Today quoted Syed Khalid, a resident of the locality, as saying.
This is not the first incident of a fatal attack by a wild animal in the hilly state with thick forest cover. Several incidents have been reported of people being mauled to death by bears, leopards, and as well as the elusive snow leopard.
Last month, at least eight people were badly injured in a leopard attack in south Kashmir’s Kulgam district. The locals later killed the leopard.
In another incident this year in April, the body of a seven-year-old boy was found eight days after he went missing in the forests of Devsar in Kulgam, suspected to have been killed in a leopard attack.
According to official records, animal attacks are on rise in Jammu and Kashmir. Between 2014 and 2018, about 49 people were killed and 829 injured in such attacks.","success(trafilatura, resolved_via_decode, 2564 chars)"
Leopard Killed After Killing Nine Sheep - Kashmir Life,2021-01-06,Jammu & Kashmir,,Leopard,Retaliation Against Wildlife,9,0,0,Leopard was killed after it attacked nine sheep.,0.98,single_incident,,Kashmir Life,https://news.google.com/rss/articles/CBMie0FVX3lxTFBidDU5cDVQT2ZqQTQwVmRoelZrWUJaQ2N2RkVzZ2duNUNFRmkySThIRjZtbjkxX05WWVdPRTZtSzJIUjg3SUp1eFUtaW9KWXg0djJMMlNYM1JvVzVmbHI4NVdpdlZyM1ZJR3pnQUxTWk1NMGJ1VkZTaFZvRQ?oc=5,,"SRINAGAR: A leopard was killed by locals after it mauled nine sheep to death in Shopian village on Tuesday late night.
Locals told the news agency KNO that a leopard killed nine sheep belonging to Ghulam Mohammad Mir of Oudur village in Trenz belt of Shopian district.
The locals subsequently attacked amd killed the leopard at cowshed, they said.
Wildlife Warden Division Shopian Suhail Intesar while confirming the incident said that a leopard has been killed in retialation by locals after it killed nine sheep.
He added that a team has been deputed to the area to investigate the matter.","success(trafilatura, resolved_via_decode, 591 chars)"
Leopard mauls child in Budgam - The Hindu,2021-06-04,Jammu & Kashmir,,Leopard,Human Injury,0,1,0,A child was mauled by a leopard.,0.98,single_incident,,The Hindu,https://news.google.com/rss/articles/CBMiowFBVV95cUxOWnVlQ3VnVE9QZGMyS0ZRSEU3akx4QjFhVWxzcXpVSmtlVFlqTEkxbEY0LTZaMFJCRVZXZXRJZGdEd2hSRXhsUUd3V3FFNG15SmZUQWgzUy13V3FTY3FVekVWempMMkpvX0l5bzQzdFRjVGR4enZGWHJ0c3dOd3F0MDZEV3dmSGI0UXk3OHRPRl9tbVMyVENianBLUUtWYzNaMXJ30gGqAUFVX3lxTE5zOXI5RUY3MXB2ZG5JQW94Rk1Ub3ZXbjJNUVlMa2hYSi1wc0VmdWMyTG9kU0NpR0xLNjBvQy0wTzB6Q2lpUWpvQ1VlaGlyMzhFSXpqNFRFRVdVUVIzYU5RYnN2X0hnWnRiTzdQZ0p2QkRyTEQwOXVja2lFejlCOE4yNzlDYld2RkNzLXZkSG0ydmg1YVRrd2EtUjNrZWw0TS1ldFNaLXJJbkF3?oc=5,,"A four-year-old girl child’s death in an urban pocket, after a leap of leopards mauled and mutilated her body for several hours in central Kashmir’s Budgam, on Friday evoked protests from locals and political parties against the Jammu & Kashmir administration.
The mutilated body of Aadha Yasir Mir, who had been missing since Thursday evening, was recovered after a frantic all-night search on Friday in a nursery in near the Housing Colony, Ompora, Budgam.
A police spokesperson said the girl was attacked and carried away by a leopard on Thursday evening. “The police acted swiftly and we sent one of our best sniffer canines, Silas, and two of our best handlers, Rouf and Shafi, to the rescue,” the spokesperson said.
As the girl could not be found till late in the night, the search was also joined by personnel of other security agencies, including a team from the State Disaster Response Force.
Locals alleged that the administration was aware of the presence of a leap of leopards in the area but “did not act swiftly”.
“She was my princess. This incident has inflicted a wound that will never ever heal. The administration needs to be made aware and alert so that no other father loses his child in this manner,” the grieving father said during funeral prayers.
National Conference leader and former minister Ruhullah Mehdi accused the J&K administration of “criminal negligence”. “Incidents involving same wild animals occurred multiple times in recent months in areas close to the Deputy Commissioner’s office, as [close as] 500 metres to 1 km. This time, this innocent little soul had to pay with her life,” Mr. Mehdi said.
The incident has put a spotlight on the growing human-animal conflict in Kashmir.
According to official figures, Kashmir sees a rise in human-animal conflict during winters, when wild animals find it hard to find prey in upper reaches of the Valley. At least 228 persons have been left dead and 3,350 injured in the last 14 years in such incidents.
Survey on leopard attacks
After interviewing the families of over 200 victims, a study sponsored by the J&K Wildlife Department, titled “Predator Alert” found that 52% of all leopard attacks in Kashmir occurred close to habitations.
“Leopard attacks are higher in concentration in the Kupwara, Handawara areas (north Kashmir) with some dispersed in Khrew-Khonmoh and Shangus areas also,” it warned.
The majority of victims are either less than 7 years old or school-going children (8-18 years), the study found. “[In] 30% of leopard incidents, the victim had been selected out of groups of four or more people,” the report said.
It suggested that such incidents may be pre-empted by collecting, evaluating and processing relevant information rapidly.
“Participation from local communities (paid/voluntary) should be sought. This would ensure a constant stream of information from local communities so that no information is missing from the decision-making process,” the study had suggested.
According to the study, surveyors found a seasonal pattern in attacks by wild animals, with bear attacks occurring more in autumn, coinciding with the fruit ripening season, while leopard attacks were more common in the winter-spring seasons. “Most attacks occurred in daylight hours,” it warned.
Published - June 04, 2021 05:14 pm IST","success(trafilatura, resolved_via_decode, 3312 chars)"
4-Year-Old Girl Killed By Leopard In Jammu And Kashmir - NDTV,2021-06-05,Jammu & Kashmir,,Leopard,Human Death,0,0,1,A 4-year-old girl was killed by a leopard.,0.98,single_incident,,NDTV,https://news.google.com/rss/articles/CBMimgFBVV95cUxPekVOdWlfblBGTXFTa2d3WDRUZ2x0VnN5RU5zeHpaVTVaSHJMeDUtbDl6WGpLTGxCU3V4NmpRaDFOR09RVU9iZW9tR1NSLUhacWhrY0tnTWlkX3ZVSmk3NlphcEFvekFabkhwUDN0U2c1b2hEOXFQTjhUX2tSTzNtV0txc3BBOWp5ZTFoRjVaem9CQkdjb0I3TExn?oc=5,,,extraction_failed(page_fetch_failed after resolved_via_decode)
"Leopard that killed a 4-year old girl in Jammu and Kashmir’s Budgam, caught | India News - Hindustan Times",2021-06-15,Jammu & Kashmir,,Leopard,Retaliation Against Wildlife,0,0,0,A leopard that killed a 4-year-old girl was caught.,0.98,single_incident,,Hindustan Times,https://news.google.com/rss/articles/CBMi0wFBVV95cUxPWEJOTkVoU0k3SENEdG5IWk45M1pzQlp4X2F5eWQ0dklIbHRrS2loSEtVTTkyOVplbklnN0ZfU3dKNWR5VkYzbXpmT1lYdjVMV2laTk9GM2NPaWNYcDFCREVhMEZlcXFZZ1lrMzV3cENOTi1KOE9aRldVVWJuOUpNMzl4OEd2Q0p4Q05hbFZkS0pMaDdRamRjMHNzWEMxQktRcUpBLU1JUkR6bHNYNk9pVmFqWHFFdkQwN2RYTFJmRGp4SFZENGZub2gzSEZPM3dQUEEw0gHYAUFVX3lxTFB0YUs0eFoyVHhtdFYtdFY0RTY2TEFfYnJpckUwWVpCQjBnekphMWxsNk5EUXJ3R3REdFdPREk2Mkx0dTAzVDY4VUNQOU8tSzlnTjdHbkFFbnppYXRfOTN4MUt5dzlBSFo3elBEcGxydjFuTEF5eVA0YXNvcHJLb1hBbV85aEkwSE5nZkdDNTg2UmllY21rN095Y2VMd0tCZ2JieTZSMHBGbFZjSUZtUG5UMUt2TzZqR1ViZ0cxd1VDY2w0dzk3Rk4xN0FSMWpJcnoyTFFwNEdNZA?oc=5,,"Leopard that killed a 4-year old girl in Jammu and Kashmir’s Budgam, caught
The leopard dragged the four-year-old girl away when she was playing on the lawn of her house at Ompora village on June 3.
Jammu and Kashmir administration announced on Tuesday that the leopard responsible for killing a 4 year old girl, named Ada, in Budgam district on June 4 has been captured following a massive operation.
""Finally, the leopard involved in man-animal conflict is trapped by the joint team led by [the] wildlife department. Being rescued to safety. Though [the leopard’s] identity will be ascertained scientifically. Advisories may still be followed. Cats are still out there. Results of tinkering with their habitats,"" Budgam deputy commissioner Shabaz Mirza tweeted on Tuesday morning.
The leopard dragged the four-year-old girl away on June 3, when she was playing on the lawn of her house at Ompora village. Her mutilated body was recovered in the forest nursery about one kilometre from her house the next day.
According to official records, 196 people have been killed and 2,325 injured since 2011 in attacks by wild animals in Jammu and Kashmir. Kashmir has accounted for 118 deaths and 1,877 injuries, while 78 deaths and 448 injuries have been recorded in the Jammu region.
Forest officials said two leopards have recently been trapped but more than four are still roaming in the area, where the last incident took place. Local residents and politicians blamed the wildlife department saying it ignored their complaints about the increased citing of the animal in the area, leading to the incident.
“...Incidents involving the same wild animal occurred multiple times in the recent months in areas as close to [the] DC’s (District Collector) office. People then were lucky, but this time this innocent little soul had to pay with her life,” former minister and MLA Ruhullah Medhi said after the girl’s death
People in the district fear similar attacks and since the last few days, the wildlife department has received numerous calls claiming leopards were spotted in the area. The past many years have seen a rise in the incidents of man animal conflicts. Wildlife experts have attributed it to the shrinking of forest cover in Jammu and Kashmir.","success(trafilatura, resolved_via_decode, 2250 chars)"
Man Injured In Leopard Attack - Kashmir Observer,2023-07-03,Jammu & Kashmir,,Leopard,Human Injury,0,1,0,A man was injured in a leopard attack.,0.98,single_incident,,Kashmir Observer,https://news.google.com/rss/articles/CBMie0FVX3lxTE9fS1NTQUtHcXNPZzRCakc4Z29WMFRtNExhT2xSNlo4b3dIa1FrVWVWTF9oTFhZU3FuMXRsY2t4c25jOXZzT1F5SF9TdGVWR2hWUENKdWRuQy1FZkRmcEg1aUVJV0Jfa2REdElFWC0xNGFqdWh3WGctS2VLMA?oc=5,,"Srinagar- A man was attacked and injured on Monday by a leopard in Central Kashmir Budgam district.
Mohammad Sadiq Kumar was in an orchard in his native Banderpora village of Khansahib when a leopard appeared there and attacked him, reports said. Kumar, raised an alarm following which other villagers came to his rescue.
Kumar, reports said, sustained injuries in the surprise beat attack. He was removed to Srinagar’s SMHS hospital for treatment.","success(trafilatura, resolved_via_decode, 448 chars)"
"Predators In Paradise: 92 Livestock Killed In Two Years As Bears, Leopards Ravage South Kashmir Villages - ETV Bharat",2025-06-26,Jammu & Kashmir,,Leopard,Livestock Attack,92,0,0,"In two years, 92 livestock were killed by leopards and bears in South Kashmir.",0.98,aggregate_period_total,,ETV Bharat,https://news.google.com/rss/articles/CBMi6gFBVV95cUxNbHFkcERzSUY3TlBYM3pha1RFRzI4RHNGcldoVzh3bmU5UGswTFBROUxWTFQ3dFhkR0pzU1FaaWstVFROTU9uR2lOdU5PQy12RFZWOTlRWlUzM1ZIc3JHV1lmNmtlNlF6TDZLdDNlTDcxSjVmMmRab2cydFN4ZkhXVGxfcnUwN2ItbTNPU1JxS1c0ZlpERGV1ckJwdVA1WXQyUmRQR2Z1MU5LTElickFHenRSQ1o4RzhFRkNSLUlvVkJxdGxvQWxncXhJWGhmdmo4QnhYNnQxRWZRTlBzUGs4aWR1ZV9LSndYb2fSAe8BQVVfeXFMTjBMMGszVFJ2d0lLMWJ1YlpuNUdPbE9qZ0FLNDdOdVlrNEI0TVFBVlZhOWE5emJmS2Z4b24zWHljZHN0V1V1a1cyN3hwYUxDMUc1MjdDb3NaMm9qdU11RGg2QjVheU5jY2J6S1JzOTJKQ3U1eTMtM2hSemUxZHFWRnNWTkJGV2VBM3JsakpwbFVwbGt4WldXNHFhZ2JVcGlJbUJMYm1DeW9OUWRIYXQ1T1BSVVdqUW5FZkdGUlFiNm53ZV9RSmVuVDRsNlVUSVJHY2x1cldOWHRRTWxHR2VIZ0NjbWlHcVE2SnFjNHFYMkk?oc=5,,"Predators In Paradise: 92 Livestock Killed In Two Years As Bears, Leopards Ravage South Kashmir Villages
According to the study by the University of Kashmir's Department of Zoology, predation incidents peaked in June and July when animals are sometimes left unattended.
Srinagar: Leopards and black bears have killed at least 92 livestock in the last two years in protected forests of south Kashmir, posing both economic and ecological challenges for communities living along the forest fringes, a new study has found.
The peer-reviewed research, published this year in the Journal of Threatened Taxa, details how wild carnivores —particularly the Asiatic black bear (Ursus thibetanus) and common leopard (Panthera pardus) — have emerged as a major threat to livestock in the Overa-Aru Wildlife Sanctuary, Achabal Conservation Reserve, and Rajparian Wildlife Sanctuary of Anantnag district.
Conducted by Lubna Rashid and Dr Bilal Ahmad Bhat of the Department of Zoology of the University of Kashmir, the study covered the period from January 2021 to December 2022, surveying 50 livestock-owning households across the three protected areas. The majority of the attacks were reported in Overa-Aru, where 59 livestock deaths were attributed to carnivores, followed by Achabal with 30 and Rajparian with three. Sheep accounted for most of the kills, followed by cattle and horses. Leopards were blamed for about 65 per cent of the attacks, while bears accounted for just over 30 per cent. A few cases involved unidentified carnivores.
Losses were particularly acute during the summer months, when herders often drive their animals deep into forest pastures for grazing. According to the study, predation incidents peaked in June and July — coinciding with the cropping season — when animals are sometimes left unattended. ""The assumption that large carnivores are mostly nocturnal doesn't hold here. Most of these attacks occurred during daylight, especially in summer when human oversight is limited,"" Lubna Rashid, an author of the study, told ETV Bharat.
On average, affected households in Overa-Aru lost Rs 22,336 per year to predatory attacks. In Achabal, the annual figure stood at Rs 23,105, while Rajparian households reported higher losses — around Rs 40,000 annually—due to the higher value of the livestock killed, despite fewer attacks.
The study also revealed different hunting behaviour among predators. Leopards were found to be more opportunistic and versatile in their hunting patterns, often straying close to human settlements. Bears, on the other hand, preferred dense forest cover and mainly targeted cattle. Leopards were also reported to enter livestock enclosures and, in some cases, attack multiple animals in a single incident.
""In several cases, leopards engaged in surplus killing — where they killed more animals than they could consume,"" Dr Bhat said. ""This kind of behaviour not only increases financial loss but also adds a psychological burden on already vulnerable communities,"" he added. Despite these setbacks, many residents expressed support for wildlife conservation. However, frustrations grow when compensation is delayed or unavailable.
""Communities are not anti-wildlife. They understand the ecological value of these species. But when losses pile up with no timely relief, it sours that relationship and creates the conditions for conflict,"" Bhat said.
According to the researchers, data were collected using exponential snowball sampling, beginning with village heads (sarpanches) and expanding through referrals to other affected families. Field visits were conducted to verify incidents, document GPS coordinates, and, where necessary, confirm kills through physical evidence. For sites that were difficult or dangerous to access, satellite imagery was used to infer GPS coordinates. Interviews were conducted to record the nature of each attack, the suspected predator, and the time and location.
Bhat warned that if economic losses and local perspectives are not accounted for in conservation policy, the region risks sliding into retaliatory violence against wildlife. ""The danger is very real. If we don't manage this well, we could lose both livelihoods and endangered species,"" Dr Bhat said, calling for a collaborative approach that includes researchers, forest departments, NGOs, and local communities.
""The balance between human survival and wildlife protection is fragile. But with a data-driven, inclusive strategy, it's not impossible to maintain,"" he added.
Also Read:","success(trafilatura, resolved_via_decode, 4524 chars)"
Leopard Mauls 5-Year-Old Girl To Death In J&K's Anantnag - NDTV,2025-12-18,Jammu & Kashmir,,Leopard,Human Death,0,0,1,A 5-year-old girl was mauled to death by a leopard.,0.98,single_incident,,NDTV,https://news.google.com/rss/articles/CBMimwFBVV95cUxPSUdmVy1uYmFsVUVJeVdFTWphRHNRb3VJYnltc0toTDNrbDlYMk01dnpxT0JYeDg0NGowYjU2aWxOYzIxNTJGZkNLeVR6eGtyby1VNVNoQVFvaVFsZHEwYUQ3V00xSTJlaDF5bTVqTWE4dGs5UTVPdjM0VW4zYTFUdGtyUXJ1X3hFdWlmVVVhVmV5Z1NZMGJlZ01QUdIBowFBVV95cUxORjFKU0tYLXV6b2NzODdwT2M3bUFGSzFWbk9IZ29PM0VJS09VQlpVNEJLcE9UMWRwVGc1ZzM0alQtbDVvY1V4blQzUV9laC1uT3R1RExxMlVhZkk5aXVpS0VHbG1oa1NWMkJjTW9YcWszQ2NwdEZHSVE1MGpWUUJEX0FtWGt0VWpZNEhnYXJUQTRxWnZWT184QjhTN05odkN0TlZj?oc=5,,,extraction_failed(page_fetch_failed after resolved_via_decode)
Leopard Kills 5-Year-Old Girl At Brother's Birthday Party Near Srinagar - NDTV,2021-06-06,Jammu & Kashmir,,Leopard,Human Death,0,0,1,Leopard killed a girl during a birthday party.,0.98,single_incident,,NDTV,https://news.google.com/rss/articles/CBMirwFBVV95cUxPM0F2T01WR0NxNmFqWWRHSE0wdEF2QmJkUjZ4S2lrQmdhX0dfVVhROUZyb1NfVHFZMEdXbWhoY2h6dWVENTVxcXpOajYxdVZrbFJ2NU1ONDd3S3pNSXlEamw5eEctbGotRzI3NU5pRTVZTHhwVmFwdXZPbTU1Mjl2aHU2UXNBV3kwS0VCb1daU3A0MDllOWZEMUpjanRHdG1YRW5WZWV1QW84ZFBDY0sw?oc=5,,,extraction_failed(page_fetch_failed after resolved_via_decode)
CRPF Jawan Injured in Leopard Attack at South Kashmir Camp - Kashmir Observer,2025-12-24,Jammu & Kashmir,,Leopard,Human Injury,0,1,0,A CRPF soldier was injured in a leopard attack.,0.98,single_incident,,Kashmir Observer,https://news.google.com/rss/articles/CBMiowFBVV95cUxNc0R3R3hNSDV6aU1kU19scGhoX2RXYjIzSjhUM0Q5bmlVSXVLNmhRRURDRHk3MkpWT2ZkT1lIZFR4bFVPUnFqMDNYOUhFRnZqdjI2WXRuRmlXRE5NcHRQNFk0MnRBbUVLV2FTRHN0X016QloyU0hFUTcxQ1QwMnlqNzAwTGxraWxzN0dIZUlTRmJzVW5BamlUcmxCd19JVFlJUWxn?oc=5,,"Srinagar- A CRPF jawan was injured after a leopard attacked him at a camp of the paramilitary force in Jammu and Kashmir’s Anantnag district on Wednesday, officials said.
The leopard strayed into the CRPF camp in Kapran area of Verinag in south Kashmir while personnel were having breakfast in the mess, they said.
The animal attacked one jawan before fleeing into the nearby forest, the officials said.
The injured jawan was rushed to a nearby hospital, where he is undergoing treatment, they added.","success(trafilatura, resolved_via_decode, 500 chars)"
"Leopard kills six sheep in Boniyar, thunderstorm claims dozens in Gulmarg; total 60 livestock lost - Kashmir News Observer",2026-09-06,Jammu & Kashmir,,Leopard,Livestock Attack,6,0,0,Leopard killed six sheep in Boniyar.,0.98,single_incident,,Kashmir News Observer,https://news.google.com/rss/articles/CBMi6wFBVV95cUxNZUlIbjR0cmpjZGx4M1FBT1BtdlBxc1NDZzJFRExBVWJ2ZGF3WlBjQTM5bXR6aWdJOFJKamp6QmJuQlNTeXpnY3ZCRU1Ic25UT3otODBqUUZMUXJTRmdaU00zMlhrN0gyaE5WTllQX0t3cF9qa2s3SlJSN0FTaVY2aWkySEFQSWRpNFdRSV9sOFBTRVM2eFZfREFHQ0FvUHN6R2VaNVFFSDFPTkhGLVpFZExwMDctc2hOd3NBdThiUmtDYWlCckpyLThTOFBtWV8wc3J6S3hyOVJnZzJvbXYwRXNuWDRGUmNlYk1B?oc=5,,"Baramulla, Sep 05 (KNO): Six sheep were killed in a leopard attack in Boniyar, while dozens more died after a thunderstorm struck the Karaknaar area of Gulmarg in separate incidents in north Kashmir’s Baramulla district. According to details obtained by the news agency—Kashmir News Observer (KNO), the leopard attack took place during the night at Barnate in Boniyar, where the animal entered a livestock enclosure and killed six sheep. Following the incident, officials from the Wildlife Department reached the spot and assessed the situation. Meanwhile, residents expressed concern over the presence of the leopard, saying a school with more than 300 students and a residential area are located just metres from the site. “We are worried about the safety of our children and families,” residents said, urging the Wildlife Department to take immediate measures to capture and cage the leopard to prevent any further untoward incident. In a separate incident, dozens of sheep were killed at Karaknaar in Gulmarg during the afternoon after a thunderstorm hit the area. The sheep were reportedly grazing in the Gulmarg hills when the thunderstorm occurred, killing them on the spot. The incidents have raised concern among livestock owners, with further details about the exact number of sheep killed in the Gulmarg incident were immediately not known—(KNO)","success(newspaper3k, resolved_via_decode, 1356 chars)"
Six Injured In Leopard Attack In Central Kashmir’s Budgam - Kashmir Observer,2024-05-15,Jammu & Kashmir,,Leopard,Human Injury,0,6,0,Six people were injured in a leopard attack.,0.98,single_incident,,Kashmir Observer,https://news.google.com/rss/articles/CBMinAFBVV95cUxOSVNaUXFjblczZFA4YlIxQWhBZXlrd1o0bDFPUVFFWkZCc3IzelpmWXFqM0hOQlh6MHNROUpaZWpSYWkwVVhjM3Z2WC1odjcwWnh5MmdZY3FLUm8wc1NVOXRxZXRfaWwyd1U2TE1Ud25OQV90aXFxVDZIZzlWU3J1V2NKMHFESUIzckhhbmcwTTIxQVQ0bFNSRkFUYi0?oc=5,,"Srinagar- A leopard was killed after it attacked and injured six persons in Central Kashmir’s Budgam district on Tuesday.
Quoting an official,news agency Kashmir Scroll reported that a wild leopard attacked and injured six persons at Nasrullahpora while they were working in the agricultural land.
After the attack, the locals, however, rushed to the spot and immediately took all the injured to a nearby hospital where doctors referred Danish Ahmad Malik, among others, to SMHS Hospital for advanced treatment.
A doctor at the hospital confirmed to News Agency Kashmir Scroll about the incident and identified all injured as Abdul Gaffar Rather aged 70 years, son of Abdul Samad; Adil Shafi Mir aged about 25 years, son of Mohmmad Shafi; Jahangir Ahmad Mir aged about 27 years, son of Mohmmad Shafi; Waqar Rashid Dar aged 21 years, son of Abdul Rashid; and Suhail Ahmad Magloo aged about 18 years, son of Bashir Ahmad, all residents of Nasrullahpora, Budgam.
A wildlife official said that the leopard was killed and has also been taken away from the spot.","success(trafilatura, resolved_via_decode, 1056 chars)"
Missing 4-year-old girl mauled to death by leopard in J&K's Budgam - India Today,2021-06-04,Jammu & Kashmir,,Leopard,Human Death,0,0,1,A 4-year-old girl was mauled to death by a leopard.,0.98,single_incident,,India Today,https://news.google.com/rss/articles/CBMimwFBVV95cUxPU2lRa1hMUkpnS0lYbC1Wd3UxMDhPRWV6dV9vbjBaOC0ybzFYM2hPN3U5UDJtR1Z0SENnZUNLd1FuMFJocW40dGNPUGYzem1KbnlON1NVUkN4dkl2X0poNnRFRU9DTnlIdlBvTnp3QlV3OFVRSWNGZ1RtYm9ueDZHVlBkM2JoWWt2YzM4MUtlSFdteWhZS05hMnRxc9IBoAFBVV95cUxOenprYnY2ZkhGNnRvbFozZmtjZlRjUHJiaW1oc2NRVjRSb2lMWjNxUG1wRF83Z1lLb1cxQjB4UnBzY2FKX2lEcVgzQlRWMTVZRUVZRU5QWDhzd3Q1RlRPS1QzOUFQOThsczh3cmFqcGh3Z081ZVRzOXN4cmhMaW44U29iNjRCZHl4U09Renh2S0tLcDA3LThHMGxtX2tmVjBD?oc=5,,"Missing 4-year-old girl mauled to death by leopard in J&K's Budgam
A four-year-old girl who went missing from her house in Budgam was mauled to death by a leopard.
A four-year-old girl was mauled to death by a leopard in the Ompora area of central Kashmir’s Budgam district on Thursday evening, police said.
The girl identified as Adha Shakil, daughter of Shakil Ahmad -- a resident of a housing colony in Ompora, was taken by a leopard while she was playing in the lawn of her house.
He said that after receiving the information, the police, wildlife teams and the Army swung into action and launched a massive search operation to trace the missing girl adding that the body of the girl was found in a nearby nursery on Friday morning.
During the initial searches itself they locals had found blood marks and suspected that a leopard may have taken the girl away. And in the later hours of the searches their fears came true as they found body parts of the girl in a nearby nursery. It is not the first time that leopards have been spotted in the area since the colony is situated near this dense nursery.
The locals said that leopards were seen roaming in the area for quite some time now and accused wildlife officials of doing little to help them.
“We have been pleading with the wildlife officials for long to do something about it. This nursery has become so dense now and they need to take steps to ensure such gruesome incidents don’t take place”, said Syed Khalid, local resident of Ompora Humhama Colony.
Adha Shakil is the niece of Muskan Mumtaz, who took to Twitter to update that the four year-old-girl had gone missing.
This is my niece.
Please make dua. https://t.co/lGSJG3lTcI
— Muskan Mumtaz (@MuskanMumtaz) June 3, 2021
She said, ""She was taken by a leopard that scaled their wall in Humhama. Her brother was able to get away.""
Locals said that the leopards had been roaming in the area for many weeks and some of them were even captured.
READ: Rajasthan: Sariska’s beef-eating tigers","success(trafilatura, resolved_via_decode, 2002 chars)"
Six sheep killed in leopard attack in central Kashmir’s Budgam - Greater Kashmir,2021-10-15,Jammu & Kashmir,,Leopard,Livestock Attack,6,0,0,A leopard killed six sheep in Budgam.,0.98,single_incident,,Greater Kashmir,https://news.google.com/rss/articles/CBMiowFBVV95cUxNOE9PdDh5Uy02OHRjNnE0akhGamFRSWUtX1VNTWhMd3RqVmtTTVMxdDFLNmdKYk52YzlNV0dkY0Z3MjhCbG8wTDU0bjZSSGw3cGlxV1dlbWlaNU0yelJidVVDVi0zazYtUFoxdUhtV2E4enVMU1ZMU3NyVDNhamgwLUFrMlF1eFpKQ0VqN2pBenVZZ054MmZzb2ZETjl3dnlnSl9z0gGnAUFVX3lxTE5DZXRkVXMwVVI4ajExNDRFMi1TRHhJS25zUFVSbTc4YUpzOXpYXy1RZFZxZV96Z2ZYb0VmRnAzdjFBbmwzbWpvSmtvSzBYR01GUm5iV3VWaF9vQ2M4SndsMW1qU2Via3pXQlhUeGZLa3BGUVdmUmMwQ2JTd09XQngtVjF2V1E0NlJET1FoSFkwVlF0SmJsQ2tFSE1hamo5dnM5NFNDSmY4?oc=5,,"Srinagar, Oct 15: At least half a dozen sheep were killed and as many others are “missing” after two leopards allegedly barged inside a tin shed where the livestock was kept in Arwah village of Beerwah in central Kashmir’s Budgam district.
Official sources told GNS that two leopards struck the tin shed of one Gulzar Ahmad Chopan killing six of them and while as many others are said to be missing.
A police official told GNS that claims by the owner as regards missing of sheep is being verified.","success(trafilatura, resolved_via_decode, 498 chars)"
Leopard Attack Leaves Two Critical in Baramulla - knskashmir.com,2026-04-12,Jammu & Kashmir,,Leopard,Human Injury,0,2,0,Two individuals are critical following a leopard attack.,0.98,single_incident,,knskashmir.com,https://news.google.com/rss/articles/CBMiiAFBVV95cUxQNnV1VGloZzYxYnY2SDFXUnE5QS0zRl9IdVZVcUFfd1ZHUHE0WjhnNUlNUnpJT0dJbnpyOWVBbmt0SHN5NG5EWEtmN180LWxHMVAwMzBkMnlRYTVMTkF5ZEJjX01qLUxWYVVIZ2syV08yN3JCX1dUYkRpLXA5azB3SUU5Nmw3ZEwx?oc=5,,"Aaqib Khan
 
Baramulla, Apr 12 (KNS): Two persons were seriously injured in a leopard attack in  Tangmarg area of north Kashmir's Baramulla district on Sunday, officials said.
 
The injured have been identified as Abdul Rahim Ganai and Mohammad Sultan Najar.
 
According to locals, the leopard had been roaming in the Marchipora and Chandilora areas of Tangmarg for the past several days, triggering panic among the public.
 
Eyewitnesses said the leopard first attacked Najar near Gousia Model School in Chandilora and soon after attacked Ganai in Mirchipora village.
Click Here To Follow Our WhatsApp Channel
Both were critically injured in the incidents.
 
The injured were shifted to the Sub-District Hospital (SDH) Tangmarg, where they are undergoing treatment.
 
Meanwhile, residents have urged the Wildlife Department to take immediate action and capture the leopard to prevent further attacks. (KNS)","success(trafilatura, resolved_via_decode, 907 chars)"
4-yr-old mauled to death by leopard in Kashmir | India News - Hindustan Times,2021-06-05,Jammu & Kashmir,,Leopard,Human Death,0,0,1,A 4-year-old girl was mauled to death by a leopard.,0.98,single_incident,,Hindustan Times,https://news.google.com/rss/articles/CBMivgFBVV95cUxOemZJYkxTNGtYT1diSEtSNm1NbEtRbmk1SXlRRzQ3RUxvYkVpVU1oTGNjemNNX21GS0lNZjhsVXp1cThWT1V6Q2ExdzVYTHd1Rmlic0VzbW9teWVNVWd6MV83ZEY5dnR3Zkw2RU11Nk9raFF1d3JvUFF4S3NHQWk3M3doTkNUQVBRdHlfY3lLT2FvWjlQdmd5b0NBY1lPV2c3ODNmOU5wV2J6Y0prRUNEeXNWSk4zeFhRWTVMTEVn0gHDAUFVX3lxTE5CZW5oN3lqa0VTVGxsN0p0QWVna29IX1pQU1N6TEVSMVE0S0FRb3EzLVlSZk1tX1A5UC0yTlB6bnFBTnhHUEpJT3hmMlJHVVY1N29SY3h6aXNzTWJudDg2WWZpZDg0d0V6WVZnalZWa21VbjVLUTFnUDA0Qm9jNFNLeDlsNjFqUVlCbGJZYjdLb2ZTYW5QWDZHUy1GV1ZTelJ6anlOdmdSV2JBczFRWmlySFlBeWM3aDM4WUhrRHFLSUlQTQ?oc=5,,"4-yr-old mauled to death by leopard in Kashmir
Chief wildlife warden Suresh Kumar says that department is doing everything to safeguard lives of people
At around 7.40pm on Thursday, Adha Yasir’s parents heard a sharp cry.
The four-year-old girl was playing on the lawn of her house in Jammu and Kashmir’s Budgam district. Her parents, who were in the house, and neighbours in Ompora Housing Colony remember the girl running about.
The parents rushed out, only to find their daughter nowhere. They alerted the neighbours, the local police, and launched a massive search operation.
Roughly one hour later, local residents found the girl’s necklace and slippers from the forest that surrounded the colony. “This raised suspicion that the girl was taken away by a leopard, which are common in the area,” said Ehsan Fazili, a neighbour.
In the early hours of Friday, their fears came true. Police found Yasir’s mutilated body in the forest nursery located one kilometre from her house, said an official who was part of the search team.
“After receiving the information, a police team, locals and the wildlife department constituted various teams to trace the girl. After massive searches, the teams recovered the mauled body of the girl from the nearby forest nursery. Preliminary investigation suggests that the girl has been attacked and mauled by some wild animal (probably a leopard), said senior superintendent of police (Budgam) Tahir Saleem.
Local residents and politicians blamed the wildlife department for the death of the girl. “This is the nursery not the forest so they could have easily cleared trees from this place,” said Shabir Ahmad, another neighbour.
Former minister and legislator Ruhullah Medhi termed the incident a case of “criminal negligence”. “Given the fact that incidents involving the same wild animals occurred multiple times in the recent months in areas as close to district collector’s office. People then were lucky, but this time this innocent little soul had to pay with her life,” he said.
Budgam deputy commissioner Shabaz Mirza chaired a high level meeting with senior officials of police and forest department to decide on measures to prevent such incidents in the future, including immediate removal of fallen material trees from snow and bushes and other cultural operations (like removal of bushes) in Ompora forests and other areas.
A spokesperson for the J&K administration assured action within two days.
“DFO (Divisional Forest Officer) Budgam will immediately take steps for erection and strengthening of existing chain-link fencing at Ompora forests and will also submit DPR (detailed project report) to higher authorities for sanction of funds. He will also process the proposal/ case for sanction of thinning of the forest immediately. Wild life Warden Budgam will deploy staff well equipped with machinery for elimination of the wild animal (leopard), which has turned man-eater,” said the spokesperson, adding that the family of the deceased girl will also be compensated.
DC Budgam Shabaz Mirza and SSP Tahir Saleem visited the house in the afternoon and assured them this type of incident wont be repeated and expressed condolences with the family. The range officer (Wildlife) in Ompora has also been put under suspension.","success(trafilatura, resolved_via_decode, 3274 chars)"
Leopard Kills Minor Girl in Jammu and Kashmir's Ganderbal - News18,2021-07-12,Jammu & Kashmir,,Leopard,Human Death,0,0,1,A minor girl was killed by a leopard in Ganderbal.,0.98,single_incident,,News18,https://news.google.com/rss/articles/CBMipgFBVV95cUxONF9zbVFaRUlKdnIyUDBLNjhWQUd2U2JHeWl5SW5WekRHYmk2Rkh0QWlnOEpZQ3FRWHNOVFhEUXFQcHY3MjdpZElfUlRHZ2N6WEtnbHEtVUxIQ2hMWlYxOFdwTFJjSHdPakUtODAyTllmUko0ZHVsQ1lqUkV4UGkxUW95QnAwUEtoLXpBUWc1TTI4OG0wOUo5WnN6VG1FT1dsQUtfTFd30gGrAUFVX3lxTE1fZjlDSVNTbHdzQ2VPT2ZnWG52YW1jU3VlclJmS3hhYlViM2hnaFFFTEE0Q3J6ejlTaWxTVmk5QkYtdmRDRmhRdlRjM0dvam8tYnVRc1NYMUI4ZWRtR0w5NmpaZ3ZTYmZJdm5RTFNyWWxPYUNCWXNUUXpEQXVZdnM1VTliMTJWSnpsYjBhWGhWd1lSenp6ekhIdEJ3aGlNMzVIWlY4Q3lFdkJocw?oc=5,,"Leopard Kills Minor Girl in Jammu and Kashmir's Ganderbal
The window panes of the car were down and the girl was sitting right by the window when the animal pounced on her and took her away, the official said.
A minor girl was mauled to death by a leopard in Jammu and Kashmir’s Ganderbal district on Sunday, the second such incident in as many months in the Valley, police said here. A police official said Munazah Shabir, aged around four, was snatched by the wild animal from a car in the Zazuna area of the central Kashmir district.
“The window panes of the car were down and she was sitting right by the window when the animal pounced on her and took her away,"" the official said, adding that her grandmother who was with her could do nothing to save her. A search-and-rescue operation was launched immediately by police and officials of the wildlife department, and the child’s body was later recovered from an orchard, he said.
Recommended Stories
- Asha Bhosle Recorded Her Final Song At 90, Anshuman Jha Reveals Her Reaction To The Footage | Exclusive
- ‘If Same Was Done By Indians…’: Man Questions Double Standards Over Foreigners Making Reels At Delhi Airport
- Stay Dry In The Rains: Windproof Umbrellas Under Rs 1,500 That Don't Flip Inside Out
- Losing Manchester Derby As Painful As Defeat To Liverpool: Harry Maguire
Footprints of a leopard were also found in the area, and a hunt has been launched to trace the animal, the official added. This is the second such incident in the Kashmir valley in two months.
A four-year-old girl was killed by a leopard in Budgam district of central Kashmir on June 3. Her body parts were found a day later.
Read all the Latest News, Breaking News and Coronavirus News here.
(This story has not been edited by News18 staff and is published from a syndicated news agency feed - PTI)","success(trafilatura, resolved_via_decode, 1833 chars)"
"16 sheep killed, 17 injured in leopard attack in Chadoora Budgam - Kashmir Dot Com",2026-09-10,Jammu & Kashmir,,Leopard,Livestock Attack,16,17,0,"A leopard attacked, killing 16 sheep and injuring 17 people.",0.98,single_incident,,Kashmir Dot Com,https://news.google.com/rss/articles/CBMiogFBVV95cUxNREpFOFpVMHhUSHhJbEhPc2J1TzVuSFhSaFJ5Ullmb0Ywemc2Qm8yYk1qNnJwZy1pX0JPVzF3OXdhWFVVd1NEWThwX2J5QmJaTVdwSUs2RllTWXZBTVktQ3lPSmZObkNqRXg4YmM1N0dmT0htMjZWcGFwM3piREhiVGZTOHdyZEZQekNZUmpGYWNOV2R4NUo4Vi1OVWJpVnBfWXc?oc=5,,,extraction_failed(page_fetch_failed after resolved_via_decode)
Leopard Mauls Another Minor To Death In Uri - Kashmir Observer,2022-09-22,Jammu & Kashmir,,Leopard,Human Death,0,0,1,A minor was mauled to death by a leopard.,0.98,single_incident,,Kashmir Observer,https://news.google.com/rss/articles/CBMiiwFBVV95cUxQVkR3d2JIRkVyQkRFMmhVYkhUa2VGZkNRaTMzNksyc0lrUzNHczlXSU9wRXBmeUtyUlZuVlZwQldfeFk5OWJGbE93dnZoREtNYjdlRlhuX2dNSGZOR0JXUWFmZmVMWmJmNlNLYUVjYWhkX3FxSkpybUlKZGI1NXBWUEpZX25STnktUjVr?oc=5,,"Uri- Six days after a minor girl was killed by a leopard, a wild animal on Thursday killed a 7-year-old boy from Moli Nag Mehak forest area of Dhani Syedian Uri in north Kashmir’s Baramulla district this evening.
According to reports, the boy identified as Ali Hussain (7) son of Abbas Hussain was with the family in the forest area when the wild animal attacked him and vanished into a dense forest area along with him. The family raised a hue and cry but could not save him from the clutches of the beast. Later a police party also reached the spot and started massive searches along with the locals and family. Later his body was recovered. Given the nature of injuries, officials said that animal was the leopard.
A police official confirmed the incident and told GNS that a case has been registered.","success(trafilatura, resolved_via_decode, 804 chars)"
Man Killed In Leopard Attack In Pauri Garhwal - Rediff,2026-05-16,Uttarakhand,Pauri Garhwal,Leopard,Human Death,0,0,1,Man killed in leopard attack in Pauri Garhwal.,0.98,single_incident,,Rediff,https://news.google.com/rss/articles/CBMimwFBVV95cUxOZXhLb0pMSHViaGt5QXNWR3l1a0hZS1ZuOEFGMU83dEpqS3RXWnZyYkJuck5kM2lnYWk4ZWsyR0VGNFJlVTdieWpxaTQxakY1QUtFNnZnTWRLS3pMTlZudlhneXlwRFAwU0R3OHVEdW1WOEdrRlRORzZ0YTFtWjBuS2cxZXdveml4aENMbGZjZGp1UFBlbVhDWlZXWdIBngFBVV95cUxPTExRSEZyQ3VkQ1dhWDJEN1Fya3VPenNZdFY3SmNHamxIa0RCMTZiNklBQ1FON1Noam5DZm0wWjZMak9UQTkydWhtTy1hbGJidE5xd3Q3Y0w3eGxxXy16M3ZKTTkzaGE5Zmd5SjN2QlFKX2JFRkF4bDBGb21qajBiVXhmdkgtZzFPNlNPaVV4UjRvQVpMOWxiOWU5WmdJZw?oc=5,,"A 60-year-old man tragically died in a leopard attack in Uttarakhand's Pauri Garhwal district, sparking protests over delayed responses from local authorities and highlighting the escalating human-wildlife conflict in the region.
Key Points
- A 60-year-old man was killed in a leopard attack in Kamand village, Pauri Garhwal, while collecting fodder.
- Family members and villagers found the victim's body after a search when he did not return home.
- Local leaders protested the alleged delayed response from police and forest department officials.
- The protesters refused to allow the removal of the body until the district magistrate arrived.
- This incident is reportedly the seventh of its kind in the region recently, raising concerns about human-wildlife conflict.
A 60-year-old man was mauled to death by a leopard in Kamand village of Pauri block on Friday, while he was collecting fodder for his cattle, officials said.
The victim, Mohan alias Mahesh Chandra Malasi, went to the fields near his village between 6.30 pm and 7 pm. Family members and villagers launched a search when he did not return home.
They found Malasi's mutilated body inside the bushes after a long search.
Forest Department Responds To Leopard Attack
Garhwal Forest Division SDO Aisha Bisht said the department received information about the incident around 9 pm. A joint team of forest, police, and revenue officials reached the spot immediately after the alert.
Villagers Protest Delayed Response
Local leaders from the Uttarakhand Kranti Dal reached the spot and staged a protest, alleging that police ""failed to respond to multiple phone calls"" following the incident. They also expressed anger over the ""delayed"" arrival of forest department officials.
The protesters declared they would not allow the removal of the body until the district magistrate arrived at the scene, claiming that this was the seventh such incident in the region recently.
Pauri MLA Rajkumar Pori also reached the spot to interact with the grieving family and villagers.","success(trafilatura, resolved_via_decode, 2033 chars)"
Leopard Attacks Woman In Uttarakhand's Tehri District - NDTV,2021-07-16,Uttarakhand,Tehri,Leopard,Human Injury,0,1,0,Woman attacked by leopard in Tehri District.,0.98,single_incident,,NDTV,https://news.google.com/rss/articles/CBMilwFBVV95cUxOVnFZbXdDaFNnR01ValREd295c3h1VGRmSzJrUElzLVlMOHFCODF0YjNLM3lVZVR2cHhmYl96Ylg1NDlPU3hoMTZBZmN6V2hnbzdYdk9TSC12MGdaOGk0SVloNWZBTmY0cjJKQnE4TW11UmhSYmRrRFNGNUc2Rnhid1NrR3gzOU1hVUNfNlA2eURLQW96YkZB?oc=5,,,extraction_failed(page_fetch_failed after resolved_via_decode)
Leopard Kills 8-Year-Old Girl In Uttarakhand's Pithoragarh - NDTV,2021-09-20,Uttarakhand,Pithoragarh,Leopard,Human Death,0,0,1,8-year-old girl killed by leopard in Pithoragarh.,0.98,single_incident,,NDTV,https://news.google.com/rss/articles/CBMimAFBVV95cUxQYlNpODJYVXVzUXRyY3NqcTY1VE5FZnFLNFotZTljNDl1VVJZWENFbDBpSWxhQXVRcml2WC1GUUdtRlp3ODBUR2t6Ty01WmFrSlJjZU91cFZCLTN6eHRnT3lrNjBpeWlVNnZuVlFoajk4XzlEZEEwQndJMDhVT3JSVnVSY0JTTkt0MHI0MTJBMHFvS2dhSVN5TA?oc=5,,,extraction_failed(page_fetch_failed after resolved_via_decode)
Nine-year-old girl mauled to death by leopard in Uttarakhand's Tehri district - The New Indian Express,2024-07-23,Uttarakhand,Tehri,Leopard,Human Death,0,0,1,Nine-year-old girl mauled to death by leopard in Tehri district.,0.98,single_incident,,The New Indian Express,https://news.google.com/rss/articles/CBMixgFBVV95cUxQWXZSUnB5MVo5c0ozcC1mcWRsTGdNQlV3aGJYS2ZmOVNrNXR5N3hKSS10Y0hQR3J0TndObldXd2liVzJpMllHdzB6MFFxd0o1dHJtOTh2X1lQeDFSQTZHREJyZzdOaUNHRGo0enVQdDI0a2I3bUFnaFBBTWJZd3EzamVKQ2V2bzB4VzhET25sZnpxV0k2TFJKQjFjYmVCTTRjT0pJTVZidU9TZmZRa2FPMWhnQVFaNHR2ZGxUSmhiNzBwX2pPWXfSAdMBQVVfeXFMTWtmUUtTUEJCRHg0bEVUOVFSaE56cWtrN0duZW9LX3JXUktNWjJZV2NoQTFCN0pEVUxvZnVGZ0JsWGdyYlRYdVpmRlhWYXI5emVFeUFSUkt0SGtseWZ4WFFIN3NoU0N1YlRZbnotYlQ3WVdnR2pDQWI3SjEtNzJyQTJUTHVZNV8tUXotTkZYN2JfRG9ZS3hHRlVSbkNOTHdnRlVsQm1tVGhKQlpqaTZzR0x4ZU41eUJURTFJbF9jYkEtY2pOS0pPTWxPcTlvR1VuX1BhMA?oc=5,,"DEHRADUN: A tragic incident unfolded in Bhoud village of Tehri district, Uttarakhand, on Monday afternoon, when a nine-year-old girl was mauled to death by a leopard while playing in courtyard.
The half-eaten body of the child was recovered from a nearby bush, about 30 meters away from her home.
According to sources, Poonam, the nine-year-old daughter of Rukam Singh, a resident of Bhoud village in Hindaw Patti, was attacked by a leopard while playing alone in the courtyard of her home. Her three siblings were inside the house at the time of the incident, while her mother, Usha Devi, was away at a nearby temple.
Following the incident, officials on Tuesday obtained approval from the Chief Wildlife Warden to issue a shoot-on-sight order for the rogue leopard, aiming to prevent further attacks and restore safety in the area.
In a heart-wrenching incident, Poonam was found dead in a gruesome state, lying among bushes approximately 30 meters away from her home.
The ordeal began when her mother returned from a temple visit around 4 pm to find Poonam missing, while her siblings, Priyanka, Prince, and Aaradhya, were asleep in their room.
A desperate search effort ensued, with the mother and neighbours scouring the area. The discovery of Poonam's slippers and bloodstains on the path raised alarms, and after an agonizing five-hour search, Poonam's half-eaten body was found in the underbrush, sending shockwaves through the community.
Forest Ranger Ashish Nautiyal told TNIE, ""A cage trap has been set up in the village to capture the leopard, while trap cameras are being installed to track its movements.""
Meanwhile, a protest erupted at the Devprayag tehsil headquarters, where public representatives and students demanded accountability for the rising leopard attacks. The protesters called for the removal of negligent forest officials and the installation of cage traps around the village perimeter to ensure the safety of villagers.
According to sources in the state forest department, Uttarakhand has seen a surge in human-wildlife conflict this year, with 19 people killed and 43 injured in separate attacks by tigers and leopards in the past six months. The majority of the victims were children.
The month of July alone has seen seven fatalities due to leopard and tiger attacks, sparking concerns over the growing menace of wildlife conflicts in the state.","success(trafilatura, resolved_via_decode, 2380 chars)"
"Leopard breaks into Kufri’s Himalayan Nature Park enclosure, kills aged ‘Sheru’ - The Indian Express",2021-06-11,Uttarakhand,Pauri Garhwal,Leopard,Human Death,0,0,1,Leopard kills 55-year-old woman in Pauri Garhwal.,0.98,single_incident,,The Indian Express,https://news.google.com/rss/articles/CBMixwFBVV95cUxNdVlDS2Z2QzhDLVBLakJzbGdUT294WG9SNFVocER2M0RTdVYzaTNnbTRiM0hRUG9CZFYtaGtWdWVDcWQyaWVjQkppR1JBSVRMT21oWjRVVDBwNHF1N3ZWVkx5YUZoMW1KemFJVGEyMnc5OFl0UjBLTDJ4Q0tHZnJPTUFiVHNzbUdhUnlxN25NVDRTaF9OYWxNMjlsazJ6Z0hDQ0ZnSXhxR1NieWw1eWtZN1ZVMXNNNmgtNjcxVWtJLV9DaUNZODZN0gHOAUFVX3lxTE1vSVpnYk9jMHJqRDJfdEtrTWNaaWN0Z1BkWHpzYzV1aGhyMGZlbUxVZ1c3b01KUE4zUHc1T1pzeGluNGl3ckJFcXdPM2FkRHVLZlVCNEhvdWlpUUdYSWlyZkZDWGNETFdkRnB0Y09ZanFSVF95aTFLUWRnLUd4VG55b0ozZE1iWHhELWNtdVB6dzAyMnBCem00VV9TZERUVU5zcnFKdlc2RzZoZWJoUEk0SkU1RjRZcXZmMkZxMmQ0SWwyc3MteVY1Qi13SS1n?oc=5,,"Saurabh Parashar is an Assistant Editor at The Indian Express, primarily responsible for the publication’s coverage of Himachal Pradesh. He is a seasoned journalist with over 17 years of experience in print media, specializing in crime, legal affairs, and investigative reporting. Professional Background Education: He holds a Master’s degree in Mass Communication from Guru Jambheshwar University of Science & Technology (Hisar) and a Law degree from Himachal Pradesh University (HPU), Shimla. This legal background significantly informs his reporting on complex judicial and administrative matters. Career Path: Before joining The Indian Express in 2017, he spent 12 years with The Times of India. Core Beats: His primary focus is the socio-political landscape of the hill state, with a specific emphasis on the environment, forest conservation, drug menace (specifically ""Chitta""), affairs related to tribal and archaeology and the unique challenges of governance in high-altitude regions. Recent Notable Articles (Late 2025) His recent reporting highlights the critical intersection of policy, law, and social safety in Himachal Pradesh: 1. ""Himachal’s battle against Chitta: Why the border areas are most vulnerable"" (Late 2025): An investigative look at the transit routes from Punjab and the impact on local youth. 2. ""Shimla ropeway clears key hurdle as 820 trees face the axe :According to the Forest Survey of India’s 2021 assessment, 47.21 percent of Shimla’s 5,131 sq km geographical area is under forest cover (Nov 17, 2025). 3. ""Himachal to handover 2.7427 ha of non-forest land for Shimla Ropeway: Given the land’s non-forest nature, RTDC and the state will not require permission from MoEFCC"" (Nov 18, 2025) 4. ""How the centuries-old Jodidara tradition is fading in Himachal’s Trans-Giri region: Jodidara: a form of fraternal polyandry—has long been part of Hatti tribal culture in the Trans-Giri region of Himachal Pradesh and adjoining Uttarakhand. It is believed to have evolved to prevent division of ancestral land and maintain unity among brothers in the harsh, mountainous terrain"" (Aug 18, 2025) Legal & Agricultural Affairs ""Kisan Sabha hails SC’s setting aside Himachal HC order to remove orchards from forest land"" (Dec 18, 2025): Covering a major Supreme Court victory for farmers, where a High Court order to remove fruit-bearing apple orchards was overturned. ""Himachal Cabinet nod to new tourism policy; focus on home-stays in tribal areas"" (Dec 11, 2025): Detailing the legislative push to decentralize tourism and bring economic benefits to Lahaul-Spiti and Kinnaur. 3. Governance & Environment ""Forest rights and development: Why Himachal is seeking more leeway from Centre"" (Dec 19, 2025): Reporting on the legal hurdles faced by the state in infrastructure projects due to the Forest Conservation Act. ""Cloudbursts and resilience: How Himachal’s remote villages are building back better"" (Nov 2025): Following up on the long-term rehabilitation efforts after monsoon-related disasters. Crime especially cyber crimes, crypto currency etc: crypto currency: ""Agents in uniform, motivational speeches, lavish parties: How a Himachal crypto con went unnoticed:A serial conman, a ‘Nelson Mandela Nobel Peace Award winner', and retired policemen got together to pull off a Rs 1,740-crore fraud"" (Nov 10, 2023) Signature Beats Saurabh is recognized for his tenacious reporting on the state's drug epidemic. His deep familiarity with the topography and tribal culture of Himachal allows him to report from remote locations like Spiti, Pangi, Shillai, which are often overlooked by national media. His legal expertise makes him a primary choice for covering the Himachal Pradesh High Court on issues ranging from local body elections to environmental PILs. X (Twitter): @saurabh_prashar . ... Read More
Stay updated with the latest - Click here to follow us on Instagram","success(trafilatura, resolved_via_decode, 3896 chars)"
Leopard kills 42-yr-old in Pauri; third death in district in a month - The Times of India,2025-12-05,Uttarakhand,Pauri,Leopard,Human Death,0,0,1,Leopard kills 42-year-old in Pauri; third death in district this month.,0.98,single_incident,,The Times of India,https://news.google.com/rss/articles/CBMi2wFBVV95cUxNcDJMOUVkSElLNFVXWVpHVk5wZnl3bnZSdWJ0c0tTeHN5OUkzUjZnbGVBQkF4ZW5wSzJwUEFlUmNIR1RnNTJhbFpDSG11ZHJPZUN2T3BRdl9aakdkenJYbHhOZS12c1Y0ODB5NmJGb0cyVnYyY1BkMktPM1pUeEpaODh6dUJoTjJiSDVqUVAwZDZWc0gwd3d0S0ZTNl9JQTcyV2pPYVl1Q3UyMlhjTHVXQTdMTVdVeTR3Tm5KQ2tZa2djeU9NWWdaMU0tc3BmZmxFSzZZSG83R2p5d0nSAeABQVVfeXFMTmZGS3NSTU0wVzFRdnJXdVM0aTlLLWZaQ0JhM0JjWHlJZnhEVWlFSnFkdHhCZUYzUG9CYUlhampGcFVEMVY3WGhObG9iWkFzMXNRV3dwQU4xdE5hLUtFUHcyOXludllOZzdaczRSelBWTzZRTWF1Z3Nvd0xhNV9rVURHY2NoZDRZVEw3ejdZS2JTdU5pZmdDVTNqTGRzME1OSVZ5cEFIN19zNEI2MWp6U0JneVZzWUx4TlBKNGc2bU5PR2dMc3piZmpLMGZpSmZxT3dneFVoUFV6elZ3UTdYVVk?oc=5,,"Dehradun: A 42-year-old man was mauled to death by a leopard in Pauri Garhwal on Thursday, marking the district's third fatal attack within a month. Rajendra Nautiyal was returning home when the leopard attacked and dragged him into nearby bushes. His body was later recovered by villagers and a forest department search team.
The incident has intensified public anger over rising humanâwildlife conflicts in the region. In recent weeks, attacks in Koti and Pokhra claimed the lives of two women, while a four-year-old boy sustained a head injury in a suspected leopard attack, forest officials said.
Villagers refused to take Nautiyal's body until authorities ordered the animal's elimination and senior forest officials reached the site. ""His body was eaten by the leopard â the stomach was gone. He was attacked near a river while going about his morning routine. This is not an accident; the animal attacked and ate him. It is a man-eater,"" said Sachin Kumar, a resident.
Earlier, residents in Koti had staged a protest, blocking a state highway for two days. Authorities eventually issued orders to trap or tranquilise the leopard, and one animal was captured following the agitation.
After Thursday's attack, district magistrate Swati Bhadauria and senior forest officials reached the village to pacify residents. Bhadauria met the victim's family â who lost their sole breadwinner â and assured support.
Pauri Garhwal divisional forest officer Abhimanyu Singh said two teams of 15 personnel have been deployed to track the leopard. ""Two departmental shooters, two cages, and camera traps have been placed to trap the animal. If that fails, it will be eliminated,"" he said.
Singh added, ""Maximum attacks are recorded in Nov and May as this is a weaning period of cubs, which makes the mother defensive. Also, increased human movement in forests to collect fodder and wood after the monsoon makes the attacks likely as dense vegetation reduces visibility and provides cover for wildlife.""
Residents have been advised to avoid forested areas at dawn and dusk, and to move in groups with lights and sticks. An anganwadi centre in the area has been closed for four days.
According to forest department data, leopards have killed more than a dozen people in Uttarakhand this year.","success(trafilatura, resolved_via_decode, 2281 chars)"
Hundreds Leave Villages In Uttarakhand's Pauri As Leopard Attacks Rise - NDTV,2022-09-02,Uttarakhand,Pauri,Leopard,Retaliation Against Wildlife,0,0,0,Hundreds leave villages due to increase in leopard attacks in Pauri.,0.98,aggregate_period_total,,NDTV,https://news.google.com/rss/articles/CBMirgFBVV95cUxNZ2hjb1J5cjc3WHFsY2tOck15N0VJU0EyUThSOHNBeFYzcEc1eHdncWpZdkJwaThVYTRmX1BjTFNFLXFIaXpkem1sdkdEX0FkMXlDWDNwNkVfcFNJbHlwbW82SXhrdS10UUI5RTZ5SVdwRm1sOHRaekNIRXdpN1BQSTdxMWI4TEFsMzVGZDJITDVtbXRFanFzTC1LaXZDdDFjVUc2TTRLLTA5V01iWUE?oc=5,,,extraction_failed(page_fetch_failed after resolved_via_decode)
Fear of attacks by leopards leaves Uttarakhand with 700 ‘ghost villages’ - The Times of India,2022-09-06,Uttarakhand,,Leopard,Retaliation Against Wildlife,0,0,0,Fear of leopard attacks leads to ghost villages in Uttarakhand.,0.98,aggregate_period_total,,The Times of India,https://news.google.com/rss/articles/CBMizAFBVV95cUxPV2lMdTRvcmc3bkJTYmlKUXZWcU9qWXRlUFJXR0pVRF9FWWh6N0djLWJ4ZFE5c0NNNW9ZR1RTa3RGdEttdUFiLTVCRnRVQm5VVGl5eUtYMUxTTWpOZXlIMjFkVWpTamxqY0JFM2lYenNnR2JwV24yN0Eyb0RsSk9aTktCZ3pvQXFJYjd2THozQ0IySUx5aEJrMVl5M3JlVjZ5ZTgzSFN0NTVBc2ZFNTRiR1FTaWJGajlKR2VOSnZFTjBCT0dRbFYtOUdSWkLSAdIBQVVfeXFMTlZxU0tZS2UzbzMzWkJTb1ZLWkVJYXo2SV91dE9IR0dkYlZ5d3JfdkZiOEFiVEdvX3BZV3JsNkRfbmdsem5YZUJtYTdvdHFwNUNlUGJrUE95eFdDQjNwbmp3d2IxNHZTZEtTV2gyQ1FjQzVyeVVPWG91YTZEMTlIS3NEVHh2UWVLa1NmMXZMazNsaG1GRHFhT01oZUFMT2pWSjQ4a0IzbGxiZEk0ZnFiM2czbE9UU3ZGbFlaMGpnQkw2V3hfbk9mQjNscHRIVEl6TlVB?oc=5,,"DEHRADUN: Godavari Devi, 55, was tilling her field during the peak of Covid wave in June 2021 when all of a sudden a leopard pounced on her and killed her. There are many more like her in Uttarakhand who either fell prey to big cats or fled their ancestral homes out of fear. 
According to the government's findings in 2018, the state has 700 ""ghost villages"" and leopards are only adding to the villagers' dilemma.
Leopard attacks have claimed most human lives (almost 60%) in the state in comparison to conflict with other animals in the past five years. As per forest department data, over a dozen human deaths occur every year due to such attacks.
In retaliation, more leopards have been killed than other beasts. Pokhra and Ekeshwar blocks of Pauri are among the worst affected. And Manjgaon, Bharatpur and Dabra villages in Pauri are ""completely empty"".
A group of villagers had reached out to CM 
Pushkar Singh Dhami
 in this regard about two months ago. Others filed a public interest litigation in the high court.
Sudhir Sundriyal, who moved out of the now ""empty"" Dabra village, said, ""I lost my aunt to a leopard attack. Her entire family migrated from Dabra. We know of many families which migrated from Pithoragarh, Almora and Bageshwar."" Founder of Bhalulagad Trust, Sundriyal also wrote to the CM on the matter. ""Big cats often disrupt farming activities, education and economic growth of a village. Human-wildlife conflict has been among the top five reasons for migration in the state,"" said Monika Devi, a resident of Manjhgoan in Pauri Garhwal.
Dileep Chauhan, 42, who hailed from Almora but now relocated to Indore, told TOI, ""We moved out of Almora after my father's retirement due to fear of wild animals. There is hardly any scope of farming because of poor market connectivity. Also, the farmlands there are frequently invaded by wild animals, mainly leopards.""
A resident of Pithoragarh added, ""After hearing about children being snatched away by leopards in remote villages, we are forced to leave our homes.""","success(trafilatura, resolved_via_decode, 2035 chars)"
"Brown bear damage property, livestock in Drass - voiceofladakh.in",2021-06-20,Ladakh,,Himalayan Brown Bear,Livestock Attack,0,0,0,Brown bear caused damage to property and livestock in Drass.,0.9,single_incident,,voiceofladakh.in,https://news.google.com/rss/articles/CBMihgFBVV95cUxNMjZleU1XOHRwTjkwcmVsdjRCY0tXQzQ3NEJKVk1SVUFUS3NRM3ZxdVJyX0RsQ25GTTN6M0JRQXJ1MVJUZXlab3R5QmRXTjEwQjl2aTJVRlRHMHRsYnpueGgxNW5ZM1o5MWVpajJ2ME50TzNiaVAxV1hqOHhJclFDOHI5WmV0dw?oc=5,,"Brown bear damage property, livestock in Drass
KARGIL, JUNE 19, 2021: Brown bears break into animal sheds and storerooms causing damage to livestock and stored food items in different hamlets of Drass, reported Murtaza Agha, a social activist from the area, in a number of tweets.
The bear attack has become a routine that compels the villagers to safeguard livestock and property even at night. In his first tweet, Murtaza said that the villagers have to safeguard their livestock throughout the night. The attack caused damage to property, and livestock every day. Tagging the Lieutenant Governor office tweeter handle and Deputy Commissioner Kargil Santosh Sukhadeve, Murtaza tweeted, “We seek Hn (Hon’ble) @lg_ladakh intervention to end this menace and implement a policy before it turns into a tragedy”.
When probably received no response from the local administration Murtaza Agha tagged Indian Forest Service officer Ramesh Pandey. “…We have a serious problem of brown bear attack, damaging livestock sheds, killing animals even danger to humans also. This place is called Drass in Ladakh. The govt hasn’t played any role to save livestock as well as the rare brown bear”.
“We stand guard whole night in fear of brown bear attack. They come for food, break in store rooms, eat all the stored food. It’s now have become a habit. People will kill the cubs or bear if it lasts this way for long. Request your intervention if possible.”
As per a tweet by Murtaza, the number of brown bears in the area is around 20. Pertinent to mention that brown bear attacks had reported many times in the last few years. The bear appears for the first time in the month of April every year, people threaten and chase them too far places that normally do not return for months.
However, two months earlier, a bear that had two cubs break into a store at Bhimbat where the two cubs stuck inside and the mother bear escaped. In the incident, one cub disappeared and another rejoined her mother. For the last two months, the mother bear with her cub has not left the village causing damage to property on daily basis.
Last night, the bear break inside the storeroom annexed to Murtaza’s house. In another incident, the cub had come inside the bedroom. In such a case, the villagers are fearing for their babies and children.
Another person from the village said that in another incident of brown bear attack goats, sheep, and hens of a poor household had damaged. The livestock was partially their source of livelihood. Last year, a bear had killed a cow at Murtaza’s place. On average on daily basis four-five poultry get killed.
The bear attack is a major concern in Bhimbat, Biaras, Thongos, Chokyal, Muradbagh, Goshan, and Matayin. People set fire and smoke in the house vicinity to prevent attacks but it seems that this has become a new normal for the bear also, that does not scare her anymore.
In a telephonic interview with VoL correspondent, Wild Life Department staff at Drass Khadim Hussain said that the sub-office has reported the issue to district headquarter at Kargil.
Wildlife warden in Kargil Raza Ali said that his office provides compensation to the farmers who lose livestock like cows, goats, and sheep in such attacks. However, there is no provision for compensation for poultry loss. As per sources from Drass, the major loss has been made to poultry.
Khadim further said that the compensation against claims received in the year 2020 has been paid off while there are around 15 claims received to date in 2021 that will be paid off by the end of the year.
Warden Raza Ali said that some problematic bears are located in these areas but to stop its attack on livestock we need to keep them in a rescue center for some time which is not available now. However, the department has already taken up the issue with higher authorities since last year. Funds have already been approved for the development of the rescue center but the land is not allotted yet. Whenever we get a suitable place for its establishment, it will be developed.
“For time being we are taking various measures like consistent patrolling, use of crackers, lights, and wires”, Raza Ali added.
On asking why the bear damage poultry livestock in villages, the Wild Life warden said that it has two potential causes, firstly, due to the non-availability of enough food to eat. For which the department has grown plants that bear-like to intake. Second, their presence has been increased due to food conditioning. They have become habitual of eating livestock. Raza Ali further informed that in 1861 a foreign researcher has recorded Drass as a place that has an abundance of “Red Bear”. Actually, he meant Brown Bear but he replaced it with brown.","success(trafilatura, resolved_via_decode, 4723 chars)"
Minor Girl Injured in Jackal Attack in Jammu Kashmir - Kashmir Life,2025-04-19,Jammu Kashmir,,Jackal,Human Injury,0,1,0,Minor girl injured in jackal attack.,0.98,single_incident,,Kashmir Life,https://news.google.com/rss/articles/CBMijAFBVV95cUxQLUFiRUhuNW9wSEw3dHRpc3AxdEYzdEp5TnktVXo3ajVqZ2NZd2k0cEdnd0hXcjNNZi1EcmVOckhEU09pdElHNlBYSFlNcFJ0di1UYXgwcVRlajFaSUxvM3dJZUItbzgwRGRmQUM4LWtqZTl6eVBlR21pSjVGX0dkdFk3aExvZl9QbHE2UA?oc=5,,"SRINAGAR: A minor girl was injured in a wild animal attack in the Sawjian area of Poonch district on Saturday.
An official said that the incident occurred in Cholla village of Sawjian sector when a wild jackal entered the house and attacked the child.
The injured girl’s name withheld, daughter of Sakinder Ahmed, aged around 5–6 years, was immediately shifted to hospital. After receiving first aid with some stitches, she was discharged, the official said.
The attack created panic in the area, prompting locals to urge authorities to address the growing threat of wild animals in residential zones. (JKNS)","success(trafilatura, resolved_via_decode, 608 chars)"
Three Injured In Wild Bear Attack in South Kashmir - Kashmir Life,2026-09-09,Jammu Kashmir,,Himalayan Brown Bear,Human Injury,0,3,0,Three injured in wild bear attack.,0.98,single_incident,,Kashmir Life,https://news.google.com/rss/articles/CBMiigFBVV95cUxNazVRcERkamp1ZWo2UlM4NF91MDFRWGx6MnpRRF9Wd1hVODFzeEFWZTJZYXMtTWM5anBoT3lISzBRNFNMUVZTSkxiVmtPQk1YYUJsM25RTEhfUjRESjduTUZ6eGlDSjZ1ckFwUDJkN0t6dW9oZVowcGNNU3NvVzZhb0F2dG9ZYWlNOHc?oc=5,,"SRINAGAR : Three women were injured after being attacked by a wild bear in the Batfujan area of Keller in south Kashmir’s Shopian district on Wednesday, officials said.
Quoting an official the news agency KNO reported that the women were attacked by the wild animal while they were in the Batfujan area.
He said the injured were immediately shifted to a hospital for treatment. They were identified as Maroofa Akhter, Firdoosa Akhter and Nusrat Gulzar, all residents of Batfujan.
Their condition is stated to be stable.
Meanwhile, further investigation into the incident has been taken up.","success(trafilatura, resolved_via_decode, 589 chars)"
"Woman injured in bear attack in Tral, hospitalised - Kashmir News Observer",2026-09-11,Jammu Kashmir,,Himalayan Brown Bear,Human Injury,0,1,0,Woman injured in bear attack.,0.98,single_incident,,Kashmir News Observer,https://news.google.com/rss/articles/CBMirAFBVV95cUxNb3hNMmphRjBaLUZLcWJScEFXeDltNmRWMDU5LUpGQTh4cU1aNXp4OFFSZGFfSnlCN2hwMURCOEM1RXV4R2Fuc1hxZEtYLXI1X1V5cXdac1hjcFNWTGdtSjhKNVV3MGM2UWZkakk2MVZqeWxfMmZ5QnZfUUhTTXJJQWM2b1dtX09yRzIzT3pFYXV6RHMwOVg1Mk9qWm1MejZwZENPZVhhUmxiSkhH?oc=5,,"Srinagar, Sep 11 (KNO): A woman was injured after being attacked by a bear in the Handoora area of Tral in south Kashmir’s Pulwama district on Friday. An official told the news agency—Kashmir News Observer (KNO) that the woman was attacked by the wild animal in Handoora, leaving her injured. He said that she was soon shifted to Sub-District Hospital (SDH) Tral for treatment and was later identified as Hajra Begum, wife of Ghulam Ahmad Khan and a resident of Handoora. Meanwhile, locals have urged the Wildlife Department to take immediate preventive measures amid increased bear movement in the area.—(KNO)","success(newspaper3k, resolved_via_decode, 610 chars)"
Two injured in separate bear attacks in J&K's Banihal - Greater Kashmir,2021-07-04,Jammu Kashmir,,Himalayan Brown Bear,Human Injury,0,2,0,Two injured in separate bear attacks.,0.98,single_incident,,Greater Kashmir,https://news.google.com/rss/articles/CBMingFBVV95cUxPeDZDTUtVdmZueHZMQ2t2ZkNMTVdMZEs1VmhHWkFyVklIbUJTY1ZvQkNsUHBkSDFaZDdlRW9uSXBoYUpScHpLaVRJRXMtSXJUVHNSbENodEFLb1dwWmhiQVFBQWtyX2psaEF1RU4tM1Z0NjFadmtmd20zc2U4SWpZS3UwSFhwQ2xidGFJaTJ4VkdVMHVqYXdrRExGbElLZ9IBogFBVV95cUxNb2FjY3pNSzdzZUFPdFc5dWhCaWtlSmkxamxZY1poSEoxcDZtWHBCeHpGbVlrcnBUN3ZuSE1sRjNyLVd4V1hLN0ZlYTFWMjJudlRlampxRzF4clhqN3R6RVRpaHZGZGZLa1owZzF0S21STTh2akVxUHFfTVYyVUtqMTlUNnNWbDlVbFg5UmVGc0ZKNTEtQkRpWGJRalEzVnQ1ZkE?oc=5,,"Banihal , July 4 : Two persons including a woman were injured in two separate bear attacks in Banihal area of Ramban district on Sunday.
Both the injured have been shifted to Emergency Hospital Banihal from where the man was referred to GMC Anantnag in view of his critical injures in the attack.
Officials told Greater Kashmir that the first incident took place in the Chapnari Guddar area of ​​Banihal on Sunday noon when, Wazeera Begum, a local woman walking near her house was attacked by a wild bear that appeared from nearby bushes.
The woman received injuries but was rescued by nearby villagers.
She was shifted to Emergency Hospital for treatment.
In the second attack, a nomadic Bakarwal was also attacked and injured seriously by a wild bear Sunday afternoon when he was grazing his sheep and goats in upper reaches of Kharpora Banihal.
The injured Bakarwal was identified as Mohammad Sharief son of Dawood Bakarwal, a resident of Kothi Jagir in Tehsil and district Ramban.
Volunteers from Banihal Volunteers group rushed the critically injured Bakarwal to Banihal Hospital from where he was shifted to Government Medical College Anantnag in view of his critical condition.
In-charge Wildlife Control Room Banihal Najamu Din Nayak told Greater Kashmir that after the two incidents of wild attacks, Wildlife teams from Banihal and Khari were dispatched to Chapnari and Kharpora upper reaches to drive wild beasts away from the area to avoid more wild and human confrontation.
He said compensation cases from wildlife department in favour of both wild animal attack victims are being prepared.","success(trafilatura, resolved_via_decode, 1602 chars)"
Jackal Leaves Three Persons Injured - Kashmir Life,2021-02-01,Jammu Kashmir,,Jackal,Human Injury,0,3,0,Jackal leaves three injured.,0.98,single_incident,,Kashmir Life,https://news.google.com/rss/articles/CBMidkFVX3lxTE4xZmVQUDVZRmo5Zy1YekZ6MERTWk1JU1lBNzl3N2RsRENSRmVQZHhuSTVPc0pXQlMwaWM0bnVMQTJvb1hKTWEzWm81eWRjdzYtM0RPTjAwcS1jTk5ySjZRcndDZlBmZl9DWFozR1lBVmctV25VY0E?oc=5,,"SRINAGAR: Three persons were injured after a jackal attacked them in broad daylight by entering a residential house in Haril area of north Kashmir’s Kupwara district.
Reports said that the trio were inside a residential belonging to one Abdul Majid Wani at Haril, Langate area when attacked by the beast this afternoon.
Identifying the injured persons as, Abdul Majeed Wani son of Abdul Khaliq Wani, Umar Majeed son of Abdul Majeed Wani and Najma Bano daughter of Abdul Majeed Wani, a medical official at DH Handwara said that they have received three patients with different bodily injuries.
“All of them are out of danger and responding well to the treatment,” news agency the official added.","success(trafilatura, resolved_via_decode, 694 chars)"
Jackal Attack Injures Five In Kashmir - Kashmir Life,2023-05-11,Jammu Kashmir,,Jackal,Human Injury,0,5,0,Jackal attack injures five.,0.98,single_incident,,Kashmir Life,https://news.google.com/rss/articles/CBMieEFVX3lxTFAtSHRjdDlvbXFRdHFIWE5tOVZ2Uk5Xd0tyQWwwOG0zME1GWnNyMkdVdmNDX1VvWi1xVjg5LUo2bkpmMzRqWnpPZlJVNTB5NzhvLUtvaWR5V3ZESXVaaHNLTHAxOG1tUEZSU1h0SVNmRDFKWUJnRWRDZA?oc=5,,"SRINAGAR: At least 5 persons were injured after being bitten by a jackal in Tarzoo area of Sopore in north Kashmir’s Baramulla district on Thursday.
An official said that a jackal appeared in the village and bit at least 5 persons.
He said that soon after the incident, the injured were admitted to a nearby hospital for treatment. “The condition of all the injured is stable,” he said.
The locals, however, alleged that they had already informed the department concerned about the wild animal roaming in the area but no action was taken.
Meanwhile, wildlife officials have advised the residents to stay cautious while working in orchards or areas where wild animals roam freely. (KNO)","success(trafilatura, resolved_via_decode, 685 chars)"
2 injured in bear attack in Shopian - Greater Kashmir,2021-08-05,Jammu Kashmir,,Himalayan Brown Bear,Human Injury,0,2,0,Two injured in bear attack.,0.98,single_incident,,Greater Kashmir,https://news.google.com/rss/articles/CBMigwFBVV95cUxOcENuUDRHOVllYmNyekstUG44NC1mQ1g3YmhKeVdMWTdHeTNSVGROSFR4RGN5YV9fTVVXUHA4VFZhSHJXYTVXZVVNbmRfbU9LWFVQY3pqWmgyYUlfLWN5Z0xlQm5lQVhEeVoxRU5aTGxROXNoNXZ6YWY4Q2hOZkVfWVRRMNIBhwFBVV95cUxOc1pzc2xzSTA3c0o1aDFMbWEyeFlCZ0ctQnQ5SDB6RjZQZ25Xa0RMdXhZNFZLTFZlRHZxTDV2WDY3ZVMyMm14eVpDWTBWQnp1TGtZRUhQRWt2V0NfWEM5WE5aMVZnNVI3ajdOSUxuR2tnSXRENVpHdldJNVYtQU1jOXpySjVfVms?oc=5,,"Shopian, Aug 5: Two persons including a Wildlife official were injured in a bear attack in Chitarwach Imam Sahab village of south Kashmir’s Shopian district on Thursday.
An official said that the locals in Chitrawch village, some 12 km from Shopian town, spotted a black bear in the area and immediately alerted the Wildlife department.
He said that a team was dispatched to the area to capture the animal.
According to the official, as the team showed up in the area, it came under the attack of the bear, leaving a Wildlife official injured.
“Earlier, in the morning, the bear attacked a local and caused grievous injury to him,” the official said.
“The injured were immediately rushed to the nearby hospital for treatment,” he said.
The injured official was identified as Irfan Ahmad Parray of Zawoora.
The official said that the bear was finally captured by the Wildlife officials and would be released into the wild.
Since winter, many incidents of wild animals straying into local habitations have been reported from Shopian wildlife division comprising Shopian and Pulwama districts.","success(trafilatura, resolved_via_decode, 1090 chars)"
Leopard Captured After Attacking Elderly Man In Jammu And Kashmir - NDTV,2022-09-26,Jammu Kashmir,,Leopard,Human Injury,0,1,0,Leopard captured after attacking elderly man.,0.98,single_incident,,NDTV,https://news.google.com/rss/articles/CBMiqAFBVV95cUxQWWlGaDIwTnd2Qk9qVDJkeVRnMjBvUTNJUDU4eWdkNE5PM091a1BRaFdvSXNvT2hObDBidUhGd0NraDVNOF9ZVWxOTmRhQm1uaThqSjdVOVUtSGltWHNhREtyRDI1al9VMXcyLW1mTlhPVWg0cjdpRXlVUHRjenRVSXczcUNWUVYzbm1neFdDMkltS003VkRwcmFLLWxtM3RraW9GLXN6T3rSAbABQVVfeXFMUG04UlZ5OUZQS0ZEUmoxRlpVNS01am95LV9pTFVWQjdnVFRDUnB4a19uMExfNWNHNnN3MTYxeVBqNWQzU2xNTUVPRXh4VzBWbG1hMU11TktsWG1QOEhBZUdVdWpLeTZ4dkY5X0E4eHh1WVlvb0lWaUljNXpfTTEzbU03ZmhBZXJ0M29mYzdnZ19GMFhHb0l1TGhPbDJOd1N3Z1cyNER5by15NkhiUEpzMnA?oc=5,,,extraction_failed(page_fetch_failed after resolved_via_decode)
Minor boy killed in leopard attack in Kupwara - Rising Kashmir,2022-10-09,Jammu & Kashmir,,Leopard,Human Death,0,0,1,Minor boy killed in leopard attack.,0.98,single_incident,,Rising Kashmir,https://news.google.com/rss/articles/CBMifEFVX3lxTE12Q0NwSkl2NXBycW9oaVVlRDBGMzdVOFQwaEJRclAyR21ZdzRTUFNja2Rrak42N1ROZmhwOG5VaEZfTGN0RWVFa0FNWkw0VEszdFdlemsxZ1U3Q2Z1dlNhcFg1TUp2LURqMWNMdnVoRnYwa2o2bURnMUREZmg?oc=5,,"A minor boy was killed in a leopard attack in Rajwara area of north Kashmir’s Kupwara district o Sunday.
Official sources told that the wild animal attacked the boy at Golipora Rajwar this evening and took him towards a nearby jungle.
Family and locals immediately launched searches and recovered the boy, Yasir Ahmad Jinder (5) son of Bashir Ahmad Jinder, in severely injured condition. Even though family and locals shifted him to NTPHC (New Type Public Health Centre) Behnipora, the doctors declared him brought dead on arrival, they added. (GNS)","success(trafilatura, resolved_via_decode, 549 chars)"
Leopard Kills 3 Children In Jammu And Kashmir - NDTV,2022-06-14,Jammu & Kashmir,,Leopard,Human Death,0,0,3,Leopard killed three children.,0.98,single_incident,,NDTV,https://news.google.com/rss/articles/CBMijgFBVV95cUxObDhpYkdldnJsTVEzZUVpUUE1YXFld1doYUUxcldjUXZSNllGVm1xS3NsRm1tSHlIYXdfMDVMcnd3QUtuSFhEWVRqdkFWREJ4aWFkc0FBVjRfM0g3NGRockhLX09DU3Jtb2xUOUZJWW5IbEFTcUtwY3RERzJwVkhjX0M0WXc2cGRmRXN6ZGtB?oc=5,,,extraction_failed(page_fetch_failed after resolved_via_decode)
5 sheep killed in suspected leopard attack in Zehanpora village of Baramulla - Rising Kashmir,2022-10-07,Jammu & Kashmir,,Leopard,Livestock Attack,5,0,0,Five sheep killed in suspected leopard attack.,0.98,single_incident,,Rising Kashmir,https://news.google.com/rss/articles/CBMipgFBVV95cUxNcENFeFFLRndOeUdsOHRWMEVpMGk0aXU1T3JxWHpJZ3NtdFNXdVM0SjhWaU53STczM0FtTEJidjRmWmhlUzM4R1hOTnBCTE9Ma2c5Zm9XUHZtU3ZZeHQ0X0N1NW5HWmJoUy1xaER0TEJOVDNBTHh3NGdfeDdJZlZFMDVuYnBzVjZrU2RpSkpSbFdKUTVhcjZLQXo3SGNka3FvWnB5V19R?oc=5,,"Baramulla, Oct 07: At least five sheep were killed in a suspected leopard attack in Zehanpora village of Boniyar in north Kashmir’s Baramulla district last night. 
A police officer said that at least five sheep of Abdul Rasheed Sheikh son of Abdul Aziz Sheikh, a resident of Zehanpora Boniyar were killed in a suspected leopard attack. 
""Given the nature of the injuries, it seems to be a leopard attack,"" the police officer said. 
The locals of Zehanpora said that leopards are making entry to human habitation in the Uri area of Baramulla and the concerned department has failed to hunt down the leopard. 
The Range Officer Wildlife Baramulla said that the department is utilising all resources from catching nets to human power either to catch or kill the leopard. 
""We have received orders to kill the leopard and we have employed dozens of sharpshooters to kill the leopard. We however appeal the locals to stay alert especially during night hours,"" he added. 
Abdul Rasheed, the sheep owner said that when he went to feed the sheep this morning, he saw five sheep dead with blood smeared around in a nearby field. 
""Apparently due to scarcity of food and growing deforestation, the leopards and other wild animals are now entering the habitation. We lost five human lives in the recent past and now five sheep were killed in the leopard attack,"" the local villagers told Rising Kashmir. 
The villagers appealed to the Wildlife Department officials to contain the movement of wild animals in and around the human habitation.
They also appealed to the government to provide compensation to the affected livestock owner.
Advertisment","success(trafilatura, resolved_via_decode, 1636 chars)"
"Leopard Attack Kills 14 Sheep, Leaves Several Others Injured In Poonch - Kashmir Observer",2022-03-23,Jammu & Kashmir,,Leopard,Livestock Attack,14,0,0,"Leopard attacked livestock, resulting in 14 sheep killed.",0.98,single_incident,,Kashmir Observer,https://news.google.com/rss/articles/CBMirgFBVV95cUxQUTd4MlJsMk5wRkxrbzhyNGtrNmQwaElwcS1scTlLRGYxZGV5NllzN2pWNEVyRGJjUXhFZk0weXRCa2NwM3RQZk82VEdFVTZVcy0wWHRYM25CbHVrako1bnUzbm16RG41U2loMk1OVzI2UDJKSlgycTg0bS00MktPQVF5QzBfSElnMlFkNHpicHc0MnNpYmxZOUhkY0VVa3J4ZGJkY1FWYlZwcmttSXc?oc=5,,"Srinagar- At least fourteen sheep were killed and several others injured in a leopard attack in Mendhar of Poonch district on intervening Tuesday and Wednesday night.
Reports said that a leopard barged into a shed belonging to one Mohammad Shabir son of Hakim Din, a resident of Ari village in Mendhar, and attacked the livestock, according to news agency GNS.
In the incident, 14 sheep were killed on the spot and over half a dozen left with injuries.
A police party besides a veterinary team rushed to the site to assess the situation.
Meanwhile, SHO Mendhar Manzoor Kohli has also confirmed the incident.","success(trafilatura, resolved_via_decode, 607 chars)"
"16 sheep killed, 17 injured in leopard attack in J&K’s Budgam - Tripura Chronicle",2026-09-10,Jammu & Kashmir,,Leopard,Livestock Attack,16,17,0,"Leopard attacked and killed 16 sheep, injuring 17 others.",0.98,single_incident,,Tripura Chronicle,https://news.google.com/rss/articles/CBMiowFBVV95cUxOV04yTFdOa2pPdW02emZEaW5TczZjS1NZcXpjZ1JvS2RNRHB5dExqcktUWm9zVWxyczNoMzc0d2xhQzRrMWZDdk04N25iREdLeHNhaDgxdWVocUYzQzFLMW13STRUS1BHSXJSanFyT1V5RWEzOTY3dHpxZXFBVENjSUJPSEs0blpxLWthZmtPdVhLY2lLRUFrN19Da0QxQXcxZmpZ?oc=5,,"Srinagar, Sep 10 (IANS) As many as 16 sheep were killed and 17 others injured in a purported leopard attack on a flock in J&K’s Budgam district early on Thursday.
The flock was attacked in the Chadoora area of Budgam during the intervening night of Wednesday and Thursday.
The owner of the flock, Imtiyaz Ahmad Chopan, told some reporters that a leopard had attacked his sheep, though the animal’s identity is yet to be confirmed.
He said the animal entered the livestock enclosure in Badipora village of Chadoora during the night and attacked the flock.
“We depend on livestock for our livelihood, and the incident has caused significant financial losses for us,” he said.
The flock owner appealed to the government and departments concerned to provide immediate assistance and compensation for the loss of livestock.
Meanwhile, locals also urged the Wildlife Department to inspect the site and take necessary measures to prevent further attacks in the area.
Wild predators like Asiatic black bears and leopards frequently enter human settlements in Jammu and Kashmir due to severe habitat loss, climate change, and dwindling food sources in the wild.
Between 2020 and mid-2025, Jammu and Kashmir recorded over 17,200 human-wildlife conflict incidents, resulting in more than 100 deaths and nearly 1,100 injuries. Asiatic black bears and leopards cause the majority of attacks, straying into villages, agricultural fields, and apple orchards.
The chief reasons for human-animal conflict in J&K are unplanned development, deforestation, and the conversion of buffer zones into residential areas or orchards, which shrink natural spaces.
Open garbage dumps, livestock, and abundant fruit in orchards near forest fringes attract predators repeatedly.
Irregular weather and shifting snowfall patterns reduce natural forage and water availability in higher elevations, forcing animals down into human habitations.
–IANS","success(trafilatura, resolved_via_decode, 1915 chars)"
Kashmir: Locals worried after leopard kill children in border town - Maktoob,2022-10-04,Jammu & Kashmir,,Leopard,Human Injury,0,0,0,Concerns raised after a leopard killed children.,0.8,single_incident,,Maktoob,https://news.google.com/rss/articles/CBMirgFBVV95cUxOUmVCNk5LNkVTeG5YdGpNYV83MWR6cXQ4TVJoUkNDMld1NUxzdnExUjRuanc4b0tXRlNtQmxEY2VoSVJNZ0V5S1BFeGRDamdja2FKMjRxM3Jjbk1ydlkxMTBqT0EyYndVZXpHUVVET19ubG4tczE4WFVzb005LTJaSkFVaV9mTGNYNm1Sb3hOeDkwVzdoQXFVNnNqajFhbzZSNHpYYUhzTVNTcUtfaVE?oc=5,,"Syed Abbass Hussein is a wretched father whose child fell prey to a leopard on the evening of 22 September in Moli Nag, North Kashmir's Uri. Syed’s seven-year-old son, Ali Hussein was captured outside his home and killed by the ""man-eater"" animal.
Later, with the help of locals, Ali's body was recovered in a nearby forest.
This was the second fatal attack in seven days in Uri, Kashmir's border town. On 16 September a minor girl was killed by a leopard in the Jabadar Gawashar area of Bijhama Uri.
In June this year, the leopard killed three minors in the same sub-division. Later, the leopard was eliminated by the wildlife department.
“They were just a few steps away from the home when the leopard came and took one of them,” Abbass, who now lives at his Maternal uncle’s home in Dhanisyedan village, told Maktoob.
Ali was with his brother right outside his house, when he was attacked.
“My elder son.” Who fortunately is safe, “called and came to me. But the light was dim as it was evening time,” Syed said. He said, “I started searching, but due to the unavailability of lights I couldn’t find him.”
“Then the people of my village and mohalla joined me, we found his body in nearby bushes.”
Abdul Qayoom, block officer of Baramulla wildlife department said that they received the information about the leopard attack in the Dhani-Syedian area and reached the spot.
“We reached here at the spot and joined the operation along with locals,” he told Maktoob.
He said that the wildlife team was present there since the minor girl was killed by a leopard.
“It’s unfortunate that this happened after that,” he added.
“So far no clue has been received. It is a large forest area that is why it’s difficult to find him,” Qayoom said.
According to Qayoom, the reason for the frequent attack can be that when the leopard is old and isn’t able to find prey, “children become easy prey.”
Chief wildlife warden Jammu & Kashmir has issued an order, which is valid for 15 days, to eliminate the man-eater leopard only after fulfilling all the possible conditions.
“The sanction accorded above is subject to the fulfilment of following terms and conditions: That it shall be ensured that all efforts to capture the animal through trapping by cages or tranquilizing have not been successful. That proper identification of the leopard be ensured before it is hunted ensuring that no animal is hunt on account of mistaken identity. That it should be also ensured that this permission is not misused by any organization/ individual to avail the opportunity for hunting any other leopard in the area under the garb of this permission.
That the possession of the dead body, if and when hunted, shall be taken over by him. That the postmortem of the dead body of the animal as and when taken over shall be conducted in presence of the Wildlife Warden, North Division, Sopore and the same submitted to this office for reference and record. That the dead body of the animal shall be disposed off by complete burning it to ashes in presence of the Wildlife Warden, North Division, Sopore. That this permission is valid for 15 days only from the date of its issuance,” the order reads.
Clarifying the Involvement of the same leopard in both attacks, An official in the wildlife department said that “staff is monitoring, most probably same, staff was monitoring the situation since last weak. People don’t listen.”
A local resident, Syed Mushtaq Hussain, said that the situation in the area is very bad, “everyone is terrified.” He said “Children are afraid. If a man or woman goes alone anywhere feels their life is in danger.”
“Our children are at great risk, they are not going out of the home. This is happening the first time that the leopard is attacking children,” he added.
Another local resident, Syed Amin Shah, responding to reports in which they were advised to come down from the forest areas, said “the government is telling us to come down from this area. We are the permanent residents of this village, farming here. Why should we come down?”
“Few days before we had requested people to come down but they don’t listen,” A wildlife official said.","success(trafilatura, resolved_via_decode, 4144 chars)"
Locals kill rare species of Leopard in Azad Kashmir - The Nation (Pakistan ),2022-02-08,,,Leopard,Retaliation Against Wildlife,0,0,0,Locals killed a rare leopard in retaliation.,0.95,single_incident,,The Nation (Pakistan ),https://news.google.com/rss/articles/CBMikwFBVV95cUxQVXdGNDFWMWJpN0VRSGdvb25QdFFMUDlHX25Md1pkRE5aZzFvR2w0dXBuR3pULThueUhtNWZfeWtFNExiYnZUdlZqUUt5NVFUNWcyNzM1UGp2bFBacUZMSG1jdWVGZDhPbGxDcmhqVXM5Wkd3aWJnTHVGdlFTbzlUZUU2cFA1NkNQWVdraUlNY1hJbG8?oc=5,,,extraction_failed(page_fetch_failed after resolved_via_decode)
"Leopards kill two, target biker in Uttarakhand - The New Indian Express",2022-07-20,Uttarakhand,,Leopard,Human Death,0,0,2,Two people were killed in leopard attacks.,0.98,single_incident,,The New Indian Express,https://news.google.com/rss/articles/CBMirgFBVV95cUxNQldEVnZsMDUwOGFSSFdwMmd0MVFBZUhzLXZHamZsZmJoOFdZUEttcjBLdGZydHF3aW9tU2NaUHUtbFRRTkF6aG5FbF9YT29qVEk0OGZST29kQk53Wk50dElFbTRBLTZqMUFZQUhQb002Q0ZFNkxpcFdqMG1XRGdkdGtrOEpQRVdFQzMwZkRNc3BzUC14ME1idEY5NlFXZF9fUXlON3FKcXp6RzhYQ3fSAbsBQVVfeXFMUDdxV3lWbWt1MVdxLUhrdFdjeTVyWWpqUThHMEsyemxnV3lRVWw3MGRHTFZ3RUU4S1draGdIMVhoTlFJaWxrdHRKOFJYS1dvUEdEYUh0M2NQaUNCc2VCaDJWakF3U0ZYaV95TDZlLWJ1eDhRLU80Q19nbE5NZFFIS3p4U2ZKbnVqQUZrNnpKdXAydk5WSHhPdnRTV0RlNmFPckxlUXJYZXg1dkVtMEppZklra3JBMmVuNkcwVQ?oc=5,,"DEHRADUN: Leopards killed two persons and seriously injured one in three separate incidents in the last 24 hours in Uttarakhand, authorities said.
In one of the incidents, a leopard is suspected to have attacked a biker on the move with a pillion rider.
The leopard apparently targeted the pillion rider, throwing him off the bike. The leopard then reportedly dragged him to some distance and disappeared, reports said.
Chief wildlife warden Samir Sinha said the season’s thick vegetation provides an ideal cover to the carnivores to attack humans and other easy prey.
“The latest incidents are also a sequel to the growing man-animal conflict,” he said. Sinha has requested villagers to be more cautious.
In the first case reported Tuesday morning, a leopard mauled39-year old woman Reena Devi of village Dugadda Godi, Kotdwar. She was returning home after dropping her kid to school.
In another incident reported from Almora, two youths returning to their hometown on a bike after holidaying were attacked by a leopard.
The bike driver, Till Mohd. Anas, was left with no time as the attacker pounced on the pillion rider, Afsarul, and fled to the jungle dragging the victim to some distance.
The attack on a moving bike has baffled officials, who rushed senior officials with tranquillizer guns.
The Director of Rajaji Tiger Reserve Saket Badola has again issued a note of caution. Villagers are told about the behaviour of leopards and tigers.
“The leopard prefers an edge-type area before targeting its prey. On the other hand, a tiger feels more comfortable in a dense forest area.” Forest sources say in the last five years, 77 people have died in leopard attacks.","success(trafilatura, resolved_via_decode, 1670 chars)"
Elderly killed in leopard attack in Bahraich - The Times of India,2026-07-19,,,Leopard,Human Death,0,0,1,An elderly person was killed in a leopard attack.,0.98,single_incident,,The Times of India,https://news.google.com/rss/articles/CBMiuwFBVV95cUxPbU5HVEM5T3BlUTNoR2FqeDJfV3NnMnY2TmFVNzhhd3hhdTVQY00zYjJ1T2pzcU55cWZadVVhbVY1U2twYzU3WDQzcTdYazk5d2RWTjhaNUV2NFJyTHlzYTNTTV83aWJDMXFYSldVMGRBcUE5U0EzRm5pRDJsUW8wZzA3aVZ2ZkRRUU4tZnFWRGRMVHpMVHVaZ0ttN21vcEdQN2MxS3MybzJNdzBzQTQ0QnNyTDBVLWU4MXM00gHAAUFVX3lxTE5EVkZTQXdRQzVTMGlDbUtBc204ckx6MzRhWk5pSTFKOHZoZU9pUjNVX0Q0UVNyZHU3b3FSMnZoYWFrWnpNYkVXRWtONktPRklfdGNHY2JuM09WdXVDVko3MUFUSkFUR181NDRvUDRYUVY5bllEM3JsZkhYUnhITkE4Yk50bVJHVVR5bmtVVllEdEYtYkY0N2hacFB4Mkl0NUFzcWh6dnlMWWp4WDZ2cGZQbm1FSjN6SG5IRFhaX29MWQ?oc=5,,"Lucknow: An 88-year-old man was killed after a leopard dragged him away from the verandah of his house in the early hours of Saturday in UPâs Bahraich.
The incident took place around 4am in Lodhan Purwa village near the Katarniaghat wildlife division.
The victim, 
Ram Yadav
, 88, was in the verandah of his house when the leopard entered the premises and attacked him. The animal then dragged the man nearly 500 mt away from the house.
Hearing his screams, Yadavâs grandson, 
Suraj Yadav
, along with other family members, rushed out armed with sticks and raised an alarm. Startled by the commotion, the leopard abandoned its prey and fled towards the nearby forest.
Yadav sustained severe injuries, particularly to his neck, in the attack. Forest department personnel reached the village soon after being informed of the attack.
The injured man was first taken to the Mihinpurwa community health centre, where doctors administered primary treatment. Owing to the seriousness of his condition, he was referred to the district hospital. However, doctors at the district hospital declared him dead on arrival.
DFO Apoorva Dixit said, âRam sustained serious injuries and was immediately taken to the community health centre before being referred to the district hospital. 
He succumbed to his injuries during treatment.â
The DFO said the forest department has initiated the process of providing immediate financial assistance to the bereaved family under departmental provisions, while compensation under the applicable disaster relief norms is also being processed on priority. âAll necessary documentation is being completed without delay so that the family receives the admissible compensation at the earliest,â he said.
Dixit added that the department has launched efforts to capture the leopard responsible for the attack. âThe incident took place about 500 mt from the forest boundary. To prevent any further attacks, forest department teams have intensified patrolling and continuous monitoring in the area. We are obtaining the necessary permission to install a cage, which will be placed immediately to trap the leopard. Every possible effort is being made to ensure that no similar incident occurs again,â he said.","success(trafilatura, resolved_via_decode, 2222 chars)"
4-Year-Old Girl Killed In Leopard Attack In Uttarakhand - NDTV,2026-04-04,Uttarakhand,,Leopard,Human Death,0,0,1,A four-year-old girl was killed in a leopard attack.,0.98,single_incident,,NDTV,https://news.google.com/rss/articles/CBMinAFBVV95cUxNbDYxaDhuaC1JTTA3VUdSWUZSVTB0dm1UcFg1dTdPcFFEb1EzTzJZb1RBVUNlVThTQ2FyWDdjYW5sOVJWLWR4WVRLM1pSY09ZSkh2eVk3QWxVMndIXzI2UzE2MWFackRESzlCbFVQSF80SkpocndNek1tY0RYSUhqMHV1eDFseEF3eGhGaTl0X1N5a2k2ZER2SUM3UmLSAaQBQVVfeXFMTTRVaThmbEkwMWp0UG14THBVNzBKbWNuekdVUWwwQzlOakljalVjaTh2V0dwOTB2VXh4UEtiR0VnNVlsczNUYUd2eUdJYmhsM2dCcnJOQVhoUjZ6LThISVkxN2NXalRibVVGQURyb0xjOTlGVHBxbS0tWkJvTUhmVlFwZldtVk5qbEFWeFIyZUZvTENJeGJjUDhfZzl0V045RGxjSTE?oc=5,,,extraction_failed(page_fetch_failed after resolved_via_decode)
Leopard attack claims life of 4-year-old child in Pauri - Garhwal Post,2025-09-15,Uttarakhand,,Leopard,Human Death,0,0,1,A four-year-old child was killed in a leopard attack.,0.98,single_incident,,Garhwal Post,https://news.google.com/rss/articles/CBMihgFBVV95cUxNZHBfTnBYYTJINERwSTJod3Jhem1xU3JyREI4VnQtUnFOanZDOEdoNmNXZjVUV2NncElsdVppblhMMDRyWDBzb0RHcEdjcWEtdms4OHhvMHZfQlUzbm5SNzJQZzNhQmZ2MzhYVWVYWW5JYm8tZTRHSEFLQnR0andua1JRVmZjZw?oc=5,,"Garhwal Post Bureau
PAURI , 13 Sept: Leopard attacks in the district show no sign of abating. On August 23, a leopard in the Satpuli area had killed a young child and later injured another boy. Now once again, a leopard has struck in Shrikot, this time claiming the life of a four-year–old girl. The incident has triggered widespread panic in the village and anger against the Forest Department.
A tragic incident took place in Shrikot village under Pokhra Range of Pauri Garhwal district on Friday night when a leopard dragged away a four-year–old girl from her home. As soon as the incident came to light, the family and villagers searched throughout the night. After extensive efforts, the mutilated body of the child was recovered from nearby bushes, plunging the entire village into mourning.
Upon receiving information, Divisional Forest Officer Pauri, Jeevan Mohan, rushed to the spot with his team and met the grieving family. He said that the post-mortem and inquest proceedings of the girl’s body had been completed.
Considering the growing menace of leopards in the area, two cages are being installed and a tranquilising team is also being deployed. The Forest Department has assured that all possible measures will be taken with full alertness to prevent any untoward incident.
Reacting to the tragedy, former Pokhra Block Pramukh Surendra Singh Rawat said it was extremely unfortunate that a leopard entered the house, carried away an innocent child and made her its prey. He pointed out that such incidents have been on the rise in recent times, with leopards often seen taking children from near their homes. He demanded that the government take strict and concrete measures to curb these recurring incidents.","success(trafilatura, resolved_via_decode, 1725 chars)"
Leopard kills three-year-old girl in Uttarakhand - The New Indian Express,2022-09-19,Uttarakhand,,Leopard,Human Death,0,0,1,A three-year-old girl was killed by a leopard.,0.98,single_incident,,The New Indian Express,https://news.google.com/rss/articles/CBMisgFBVV95cUxQa3hsTF82ZDFjTzhKVWo5cUZyTG9JZF9ZNVAyeDU5bXR1SXRlZDlad3g5Yjg0cUNZQVBwNnFLZm5lNVFJOTZINzJ1MkJ4eFpVWEhWSF9vV19FUXZQZndVbHJTeVg2MFZDNGlPUHpzdjU1bl9zZDRnemJnMVFNbzBET0RCdE5IMDhPYWVTOU1mVjA3VXBwSFp2Z3FOQWNib2dobzBZelBEekRiQTd2NkhpeHNB0gG_AUFVX3lxTFBreFM5Ml9JVjVBb252OVBqMUxtTFFiYmFhWXBPNlROUnVMTXU4UFd0dDkzVjJ5dzAwYVFiWHJNYjZsb1g2cmp1WFBBM2VzMjl0UTVVVjBMUHN1MW9Yc1RhS1dnVEpiNFV4WHk1dXNJaENJaWtWQ0dENGZTRkJDdWNlWmkzS1BxM3RMZE9vRnE4UWE3RXNGYmhleGVLMjNZZU4yMk9JSEdrY0lhSVFEWkdsdU9kLUJCaWJrZk1za0g0?oc=5,,"DEHRADUN: A leopard snatched a 3-year-old girl from her mother and ran towards the forest. Hours later, the mutilated body of the girl was recovered from the forest in Berinag in Pithoragarh district on Saturday. The woman was walking with her husband in the courtyard of her house when the incident happened.
The principal conservator of forests and chief wildlife warden of the state Dr Sameer Sinha has directed all divisional forest officials to increase surveillance in their areas. Dr Sinha said, “As per the directions by the CM, the officials immediately reached the house of the deceased. The officials also set up two cages there and gave some compensation amount to the family members of the deceased girl.”
At least 37 people have lost their lives in human-wildlife conflict since the beginning of this year. Also, 115 people have been injured in various attacks by leopards, elephants, tigers, bears, snakes and wild boars in the state.","success(trafilatura, resolved_via_decode, 949 chars)"
"Uttarakhand: 12-year-old boy mauled to death, 3rd child killed in leopard attack in 6 days - The Times of India",2022-11-29,Uttarakhand,,Leopard,Human Death,0,0,1,"A 12-year-old boy was mauled to death, marking the third child killed in leopard attacks in six days.",0.98,single_incident,,The Times of India,https://news.google.com/rss/articles/CBMi9gFBVV95cUxONGJkdjBYdTJCZHZGRmxRb085OTIwMUllcnhsZGRJZTU3azgtSGZTYjFlUWgyaXVfeS0xN1FIbE1CMTdlSTNOVndpdmNBUUs1Q3RFTWN6MEhXWExkbVRiMUtnVUZaR0ZNX2ZpSThqLXFkZXRuVGhtbWZxQndQSTh3MDlVb0VPWXY5UGR2X1lNUTRhY2xyY3BKcTZrZzB1dWJpVlFhaVQyOU9nRVpOVndhZl8wZkw5dXRfUjFuRThDNGhmakxCYWVTTjJiakRZdXZqcGRlUkRFUGdpYXY5NEZ2bkdtSDB6bmxLYy1oT1RjXzVPWHdqb0E?oc=5,,"DEHRADUN: In the past six days, three children have lost their lives to leopard attacks in Uttarakhand. The latest attack was on Sunday, when a 12-year-old boy was mauled to death by a leopard in Tehri. 
On November 24, a nine-year-old boy died in a leopard attack in Almora district. On November 22, a five-year-old child was similarly killed in Pauri Garhwal.
Till date this year, 50 deaths have been reported in man-animal conflicts as per data collated by the forest department. 
Every year, the maximum number of wildlife attacks, an estimated 70% (around 35 deaths, according to a source in the forest department), have been due to leopard attacks.
Each death is a chilling reminder of the vulnerability of people living in villages close to jungles. In Sunday's incident, which took place at Maykot village, 12-year-old Arnav Chand had gone out to play with his friends but did not return home in the evening. When his panicked parents and a frontline forest team started a search, they found the boy's mutilated corpse in the forest.
Villagers are now worried the leopard is on the prowl and will hunt on other children or elderly or disabled persons. The forest department has placed camera traps and cages and deployed additional force. 
""Permission from the chief wildlife warden has been sought to trap the leopard,"" said VK Singh, divisional forest officer (DFO), Tehri.On November 25, nine-year-old Aarav Singh, a class-3 student, was killed when a leopard lurking in the courtyard of his house pounced on him and dragged him to a nearby forest. Similarly, on November 22 evening, five-year-old Piyush was killed by a leopard while playing with his friends. Villagers tried to come to the rescue of the child but it was too late. The forest department claimed it had trapped the leopard two days after the incident. Experts monitoring these incidents say that women and children are the most vulnerable since they are the ones who mostly fall victims to leopard attacks. According to the latest estimate by Doon-based Wildlife Institute of India, Uttarakhand is home to 800-1,200 leopards.
In the hill state, winters see heightened leopard attacks. Scientifically, neither the forest department nor wildlife experts have established the specific reason behind this. However, common reasons behind such attacks are said to be leopards' mating season, which is in winter, lack of lights in and around houses in the chilly season and waste strewn around.Last week, the Uttarakhand high court had heard a PIL on increased leopard attacks in the state and asked the government to form an expert committee to address the issue urgently.","success(trafilatura, resolved_via_decode, 2644 chars)"
Caged Leopard Burnt Alive By Villagers In Uttarakhand - NDTV,2022-05-25,Uttarakhand,,Leopard,Retaliation Against Wildlife,0,0,0,A caged leopard was burnt alive by villagers.,0.98,single_incident,,NDTV,https://news.google.com/rss/articles/CBMi3AFBVV95cUxNNHlCSFNlbmQ2MFJJd0NlWFVyZ2tTRkRQaWV4bEpXT3BxOUdYV0hJMDJLazJ5NkZVLTFJQktMMUhURjlZZ3I3alV6VHZoTUVjOGZzTVA2ZXdDVTNyLWxhYmUydzBqdGxaZ3lscGVMTnY5WVZhMzUzaXZZOTlDVUlwNTJYWmpIbHl2SDNGaVoxb3J3MDRuS1dCbTNtU0NmX1BFMnBVNWtYUmpfaTZrM0pFM3RrMXJGejItelBqbmhubEhtalpJTGwxaWxTVC1tUjU5eU1DWDkxWDZhVTdP?oc=5,,,extraction_failed(page_fetch_failed after resolved_via_decode)
"Man, woman injured in leopard attack - The Times of India",2024-07-27,Uttarakhand,,Leopard,Human Injury,0,2,0,A man and woman were injured in a leopard attack.,0.98,single_incident,,The Times of India,https://news.google.com/rss/articles/CBMiyAFBVV95cUxNeUZzaUJybDYxdUEzUC1McVlSUjhJQ3ltMmpOa0hObkh3X2pyQ3NUQ19TWUctME1nQmZsTjcwemlPeFJLZmpyV09DUGwzVTlKem5rMzlRclhEVUw0X0tBYW9mQUNvcVFTcEtHVnBScFY5NTZxSjdWdnd5YkpNc2xvN0dncTJrOUNjTGxUU2F1YzFXUTNPdmp2OTlVREFFWktHWk5tanBxYllzQmpwX3JXNkNFdGFtcWxJQ1Ffanh5a3FadkRZOTZUetIBzgFBVV95cUxQeUxwTzZLRU5mSjZjSDRId25pdjJZZng3QTNGT19lR29rUk5tVVlyYk9kX0NIU0VGXzZwLXI2TmR1aTZXVE1RQklsTHU4a3hIOUdLTDA1eGlnYUxpUWFMVTNscFFlWGVmb2RNTExNaU1TZlgwSUxxS0pjMGNDeE5qVkxQOHFzNUxzVmRieTM4T2JtVDZrU0RKTEQ1TlVYbnlzQmlMM1pUWTd1Umtta1lrVjNzZDh3WkZBVjdHLTdxbG0zTFd3S0JTaGZCcThCUQ?oc=5,,"Rajkot: A man and women were injured after being attacked by a leopard in a village in Amreli district on Friday. 
According to the forest department, Prince Sabhaya (18) and Kailash Nagvadiya (40) were injured on the outskirts of Jaljivdi village of Dhari taluka. They both were shifted to Amreli civil hospital for treatment. 
They received injuries in their hands and legs.
They both were working in a farm when a leopard first attacked Sabhaya. When the woman rushed to save him, she was also attacked by the animal. 
This is the second attack by a leopard on humans in one month. The forest department claimed that they had captured the leopard responsible for human attack. 
We also published the following articles recently
Since 2022, 52 leopard sightings reported in stateGoa has witnessed 52 leopard sightings since 2022, predominantly in Canacona and Bicholim. The forest department is implementing habitat enrichment, waterholes, and cattle-proof trenches to mitigate conflicts. Deforestation is cited as a cause.","success(trafilatura, resolved_via_decode, 1025 chars)"
Forest Ranger injured in leopard attack in Uttarakhand - ETV Bharat,2022-04-07,Uttarakhand,,Leopard,Human Injury,0,1,0,Forest ranger injured in leopard attack in Uttarakhand.,0.98,single_incident,,ETV Bharat,https://news.google.com/rss/articles/CBMiugFBVV95cUxPS19RNHZWa1h5ZTRELXl0aGlBM2RXb1dXc09vOXVWZGsxU3lXZHQ4NFIzWldxTUYzWGhoUU1UZmRqWGhqRGE1MXJZVVc5SWRfUFQ5SHNGejdKd3Vjb1RQdDRNdUJUTXJmMkxYQ056cmgxMWZ2ZTl1UlRfU0szenpkUzNrMWIzUmh1bGtSM0Q1dlptTDFDb3kxMEZrWmxyTE5rdmt2ZUQ1dEtRZWhXZERacmx1VGxYQjVyOFHSAb8BQVVfeXFMTUZ4SVlhaDUzcXpUU1VPYlUyQXg0VkRoUUQzeUhMam5xdHBqdVBKMzJWVWRuSnE4Sk11MGU4MXluQ0pSamo1UDlrcnRVX210VVhJR2ZMTlpGcWVXWHVXMWFXUVlvaUZuLXc2VkR6N1dTbFRIekxfcnBySHJTYUNNRE50MXB4NjNnUTNNQldpZnBwZHE0R2hyZmZTckxhdFRFUkhnQzNBb2tUVllWaVlaNllnTGNKUVVISTlxeWhDSlk?oc=5,,"Forest Ranger injured in leopard attack in Uttarakhand
🎬 Watch Now: Feature Video
Forest Ranger admitted to AIIMS post leopard attack in Uttarakhand (undefined)
A leopard entered Nandkishore Tyagi's house in Mira Nagar, Rishikesh on Thursday morning. The family immediately informed the forest department. The forest department team reached the spot. While trying to capture it, the leopard attacked the Rishikesh Forest Officer Lalit Mohan Negi. He has been sent to AIIMS in Rishikesh for treatment.
Last Updated : February 3, 2023 at 8:22 PM IST","success(trafilatura, resolved_via_decode, 547 chars)"
Uttarakhand: School in Pauri's Lansdowne shut for two days after multiple leopard attacks in area - Times Now,2022-08-20,Uttarakhand,,Leopard,Human Injury,0,0,0,"School shut after multiple leopard attacks in Lansdowne, Uttarakhand.",0.7,single_incident,,Times Now,https://news.google.com/rss/articles/CBMi5wFBVV95cUxQNEM2RlNCc0ExTGRnWHhablZtUEdsYm5PSUo4cmV0RGRDVHlmTHEtVVZTVEpkVnVxR3RWVXRBR3hmRmtXdzJxV0w3d19CT3ZaS3c1R3VHdWZ1NWgyNnhmMnRZNEUzcDkzaVFnVmpPTEVZbGxaQ3R5T042MHRFYzBwb2hvTUN6RFRmOWFhT3hoZm9hREVrcHVFWGtOMHA0MDZtMkFOb0cyRnhMZDBhbF9jRWthNVBlMEtyMHg0czZkZENXcDltcTRZWkY4UWs2M3FCeHF2NUJmNUN1elZiTVJyQ3MyQ3hKSnPSAewBQVVfeXFMTWpkSnJqOEw4d1hTM2lRb256ZjdDcmZkTlRldWtTU2F1UlFCRWlib1dncElxVzItMjR3LS1RQUU4UDBYNE4xWG5lbVktOFNQUzdhZkdjR2FsRHlEcE5tMm42by1KM3Niby1ObGNybHBiT04zXzg3a1V4WnByeFpUSGhLQUUzNnpGb3FseHNWZ3o3TTdyY0NwZUU0VXB5VXFCem8xZWxFZU1TOFpVWlBUbzMxQ3pJajZ3Y1hDcW9oUkFsSTA4ZDhOM2VsdGU2azA4T0xHclQ1ZHV6MWRKV1plQzVGMVdMSmJjMFdWYnc?oc=5,,,extraction_failed(page_fetch_failed after resolved_via_decode)
Leopard Attack: Video of Big Cat Pouncing on Two Women in Uttarakhand’s Almora Shows Challenges of - LatestLY,2022-11-30,Uttarakhand,,Leopard,Human Injury,0,0,0,"Video shows leopard pouncing on women in Almora, Uttarakhand.",0.7,single_incident,,LatestLY,https://news.google.com/rss/articles/CBMihwJBVV95cUxPUDJtb0ZJQnRmZmxYY3YxN2xsVG1xMjMweURpQ0hDOHh2MUFndGItbmdVd21VUzFMT1VFMnRQczRHTGZjdVRWenVyZ3dBd1JXSzFaZHNXYkxuRWlIbG9mWjZsNGxoR2hSRHlUaUFidzNORk4xRFJrY3I2T3lIbU5oR2pBcGw0cXh0dlN2V1I5bHFwMnQxcG5OQ195U2RNVlY4VzJkak5aVk5iczJiYTdpMGx2UGYyOHhTa2NLRkxVaVdYZ2xZTHEtM25uZ2RTUE9OT2NUb0ZYajhHSUxWU2JmY2RFSENKaFg0dTdFY0szX3I3bjlpb3VPMWMzRHdncVhYTEl5cjk0Z9IBjAJBVV95cUxOeUVaZjFSbHVCNnIyalZ4MVNmRlVHdXpDZ3d1Mm94SklocVQyaDhiXzhkODdTUGZuSzc0SV9HNzFHb0R2eDFwenMzWGlwUEJobnlzT1dya1BQWFVOR1pBVXpmU1QycnJxaTZuM1I0VHlPTHZCUU9fUzdvTjRySEo2ZlFHeldrckdCa3FuYWQ0VU1Cd1hrOFNRalNTOE04Q2xJX0Vrd0tJZDBXUnMtdER3YWxwTVYzV2VoNHFlbVhKR1drYTNjVzFjdDdjRTdZR2wwQURWaTBlLXh1LWphT2JKZm83OHh1SlZCaHRZUy1VUVFIMU12SUExQmZaTy00eUI3QXEwM2ItdFh6Z2xn?oc=5,,"Leopard Attack: Video of Big Cat Pouncing on Two Women in Uttarakhand’s Almora Shows Challenges of Survival in Mountains
The women can be seen running for their lives as a leopard chases them. The leopard, after attacking the women, vanishes in the woods.
A video of a leopard attacking two women in mountainous areas of Almora in Uttarakhand is doing rounds on social media. In the video, the big cat can be seen pouncing on two women in Dwarahat's Malli Mirai. The women can be seen running for their lives as a leopard chases them. The leopard, after attacking the women, vanishes in the woods. Leopard Attack in Uttar Pradesh: Big Cat Mauls 10-Year-Old Boy To Death in Balrampur.
Leopard Attacks Two Women in Uttarakhand’s Almora:
पहाड़ में जीवित रहने की चुनौती भी बहुत बड़ी है..
अल्मोड़ा के द्वाराहाट के मल्ली मिरई में तेंदुए द्वारा महिलाओं पर हमला करने का वीडियो#उत्तराखंड pic.twitter.com/4QwVazWC0M
— Weatherman Shubham (@shubhamtorres09) November 29, 2022
(SocialLY brings you all the latest breaking news, fact checks and information from social media world, including Twitter (X), Instagram and Youtube. The above post contains publicly available embedded media, directly from the user's social media account and the views appearing in the social media post do not reflect the opinions of LatestLY.)
(The above story first appeared on LatestLY on Nov 30, 2022 11:14 AM IST. For more news and updates on politics, world, sports, entertainment and lifestyle, log on to our website latestly.com).","success(trafilatura, resolved_via_decode, 1503 chars)"
Leopard mauls 4 year old girl to death in Pauri Village - Garhwal Post,2026-04-06,Uttarakhand,Pauri,Leopard,Human Death,0,0,1,"4-year-old girl mauled to death by leopard in Pauri Village, Uttarakhand.",0.98,single_incident,,Garhwal Post,https://news.google.com/rss/articles/CBMihgFBVV95cUxON19sanppUGQ2a05USnhNZ2N1NEE1UmVVVUpkYTVycDJWRHdsdDRqX0p5N1RYRDNlLTVyTncxOUFPZElleDdGM21sQS1kMnNnQ3JYNEIxVm94NW1qVlV0aTIyMlRjclpDVVVLS1FkZk14MndGTXR5WEV2a3BpU0NzbHhzcDlSZw?oc=5,,"Garhwal Post Bureau
Pauri Garhwal, 3 Apr: Leopard attacks persist unabated in Pauri Garhwal district, casting a pall of fear and insecurity over rural pockets. In yet another gut-wrenching episode late last night, a four-year-old girl fell victim to a leopard in Bhatkot village under Chaubattakhal tehsil’s Kunjkhali area in Gaadri gram sabha. The child, Drishti, daughter of Harendra Singh, was playing in the courtyard after dinner at around 9 p.m. when the lurking predator pounced, clamped her in its jaws and dragged her towards the fields below. Family members raised frantic cries, drawing other villagers who joined the desperate search through the night.
Some locals claimed that the girl was sitting with her father Harendra Singh, mother Savita Devi and her elder sister Deepanshi in the kitchen around 9 p.m. when the leopard attacked her and dragged her to the forest while some others claimed that Drishti was playing in her courtyard when the leopard attacked her. The leopard seized the girl suddenly and bolted towards the jungle. Despite exhaustive efforts, her mutilated body was found about two-and-a-half kilometres away in a stream after an intensive search by the villagers, sending waves of grief through the village. The incident site was promptly notified to forest and revenue officials. The locals are outraged over the recurring strikes by the predator.
It may also be recalled that earlier on 21 March, a leopard had attacked and injured an elderly man in Khirsu. The villagers lament that leopards now roam brazenly near homes, singling out children and rendering village life perilous. Anguish mounts against the forest department, with incessant demands for decisive intervention. The Bhatkot residents have demanded that the leopard be proclaimed a man-eater and eliminated swiftly to avert future horrors and safeguard lives. The villagers have lambasted the administration, highlighting the leopard’s prolonged rampage targeting children and women without tangible action.
Meanwhile, DFO Pauri Mahatim Yadav claimed that the forest teams arrived at the scene immediately after the alert. Patrols stand reinforced across the area, with traps deployed and a specialised squad constituted to nab the beast. He has urged the local villagers to stay calm near the site, warning that the leopard could return to its prey. The episode has once again starkly exposed the intensifying human-wildlife conflict in Uttarakhand’s mountainous hamlets, where such clashes have turned everyday existence into a nightmare.","success(trafilatura, resolved_via_decode, 2542 chars)"
Woman killed in leopard attack in Pauri district - Garhwal Post,2026-06-29,Uttarakhand,Pauri,Leopard,Human Death,0,0,1,"Woman killed in leopard attack in Pauri district, Uttarakhand.",0.98,single_incident,,Garhwal Post,https://news.google.com/rss/articles/CBMifEFVX3lxTE9Hd1JOX2NBQzdSNHIybVVOcDBFOUxqTVFJOV9KWUpzcVcwOExGUVUzNDVfNlZiaUR0LTF3dVhGcTMzbE9yeFdSSTh3Wjd2V0ZKWjhIajRJeGxPZF8tamVONXNrbWl6QldJdXNvV01HTTJUTEVGczJnbmdQZ1A?oc=5,,"Garhwal Post Bureau
LANSDOWNE, 27 Jun: A woman was killed in a yet another leopard attack on Saturday in Banasi Talli village under Nainidanda block of Pauri Garhwal district, spreading shock and fear across the region. The incident occurred when two women, Shanti Devi and Sushila Devi, had gone to the upper forest area to collect fodder for their cattle. The leopard, hiding in the bushes, suddenly pounced on Sushila Devi and dragged her into the forest, leaving her no chance to escape.
Shanti Devi, who was present at the spot, raised an alarm and villagers rushed to help, but by the time they reached, it was too late. After a search, the body of Sushila Devi was recovered some distance away. The Forest department was immediately informed and its team arrived at the site to begin investigation and launch a search for the leopard. Local MLA Dilip Rawat was also apprised of the incident. The tragedy has created an atmosphere of grief and panic in Banasi Talli and neighbouring villages.
The villagers have expressed anger against the Forest department and demanded immediate capture of the leopard, increased patrolling in the affected area and effective measures to ensure public safety. They said that rising wildlife activity has made it increasingly risky to enter forests and fields, instilling constant fear among residents.
At the same time, Pauri Forest Division SDO Ayesha Bisht stated that the department has deployed cages and trap cameras to monitor the leopard’s movements. A trained shooter has also been stationed in the area to take swift action if required. She assured that every possible effort is being made to provide relief to villagers and appealed to residents not to venture alone into forests or deserted areas. She urged that any sighting of the leopard should be immediately reported to the Forest department.
It may be recalled that in the hills of Uttarakhand and particularly in Pauri districts, leopard attacks on humans have become very frequent with many people losing their life. This incident once again indicates the growing human–wildlife conflict in the region, with villagers demanding urgent and sustained measures to restore safety and confidence.","success(trafilatura, resolved_via_decode, 2201 chars)"
6-Year-Old Boy Mauled To Death By Leopard In Uttarakhand - NDTV,2024-08-20,Uttarakhand,,Leopard,Human Death,0,0,1,6-year-old boy mauled to death by leopard in Uttarakhand.,0.98,single_incident,,NDTV,https://news.google.com/rss/articles/CBMinAFBVV95cUxNNzc0dDJVSUhCWmgyX1ZRTUZoSGdLZU9EWFNUV1dSQ2FtMFJIYTNZTUIySGg0Ujk0MURkWWhzODRSNGEyT2h5aDhlV1VRSmlXQ1NFQ3BsQTA4eGFqUzMtSFZJcTJ0MEcyRG82Zl9HWDZvd2JYSEdTZ3gtWnpYQ2lObVRWYUU3d2l4QjB1ZXFhVlpxNzNvREZuZjlneEvSAaQBQVVfeXFMTnowWHE5VHdzNGk0TzdIQXhockVodE12VHNnODZNYkNiMWExYVYwcXJ2Zll6U1BrSlRzTTJKRXhwaDMtZm5Ga0xLdW5lYU1jUHFiY0hyMm9nVE91NDN1T1NTZmVOOTNKU1NvYlBCSGpmZG9MQnNFU3QzUWE1SjQ4eC1rMy1kSjlfckVOc1NYWVdLUmt0OERKOEZ3UlZQTE5RVkV2ck8?oc=5,,,extraction_failed(page_fetch_failed after resolved_via_decode)
"Man killed by leopard in Pauri district, enraged villagers hold forest official hostage - Garhwal Post",2025-12-05,Uttarakhand,Pauri,Leopard,Human Death,0,0,1,"Man killed by leopard in Pauri district, villagers took action against officials.",0.98,single_incident,,Garhwal Post,https://news.google.com/rss/articles/CBMirwFBVV95cUxONUdvczNGSlMxOUU4SmdjRnZ2bHpydzh6TUtVZG1KUWVHZ01FU2Z6cGM4V2g1RUtPUkxxQXk5RVlUeGRLWXFwYVA4cXd5V2FSQ3VWV2JCQkFiZkJFejc1a0dCN0dHSnEyRnlRcnlLX1l2RFM2bWQyRE51TzFwYlFpQlNKLUlGc3pSQ3BMT3pDWm9GU25jZ2Q1a2hNZlc2bTd0ZG4yOHQxOFZaa2pRd0JF?oc=5,,"Garhwal Post Bureau
PAURI, 4 Dec: Panic continues to grip residents of Pauri district as leopards and bears continue to terrorise the region. On Thursday morning, a leopard fatally attacked a man in Gazalt village under Pauri development block, leaving the victim dead on the spot. Outraged by the incident, villagers accused the Forest Department of negligence and confined a forest official in a room as a hostage and as a mark of protest.
The villagers are demanding immediate sanction to shoot the leopard, citing repeated attacks and the urgent need to safeguard human lives. They state that leopard activity has been escalating in the area for a long time and despite several complaints, the forest department has failed to take decisive action. They asserted that had timely measures been adopted, the tragedy could have been averted.
The rising frequency of such incidents has left locals living in fear in many villages across the district particularly where the leopard and the bear attacks have been reported. The leopard attacks and the sightings have made it difficult for them to step out of their homes after dusk. The villagers have warned that they will be compelled to launch a mass agitation if concrete steps are not taken without delay.
According to reports, forty-five-year-old Rajendra Nautiyal of Gazalt village had gone to the temple for his daily worship. While returning, he was ambushed by a leopard on the forest path. The sudden and ferocious attack proved fatal, with Rajendra succumbing to his injuries instantly. News of the incident spread rapidly, plunging the village into grief and panic. His family was shattered, the community was overwhelmed with sorrow, and fear engulfed the entire region.
Following the incident, the villagers expressed their outrage at the Forest Department, accusing the officials of negligence in addressing the growing menace. As a measure of protest, they detained Forest Department staff who came to the village after the attack, locking them inside a room of the community building.  The villagers insisted that the staff would not be released until senior officers, including the Divisional Forest Officer, arrive in person and issue an order to shoot the leopard. They vowed to continue their protest until such action was taken.
The residents highlighted that the path where the leopard struck is regularly used by school children and college students, raising fears of further attacks. They demanded that the leopard be eliminated before the situation deteriorates further. Women and children, they said, are too frightened to leave their homes, and even venturing into isolated areas during the day has become perilous.
In view of the mounting tension, Ranger Dinesh Nautiyal reached the spot and attempted to pacify the agitated crowd. He assured villagers that a cage would be placed near the site of the attack and trap cameras would be installed to monitor leopard movement. He further informed that a letter has already been sent to higher authorities seeking permission to shoot the leopard.","success(trafilatura, resolved_via_decode, 3069 chars)"
Man Injured After Wild Bear Attack in South Kashmir; Hospitalised - Kashmir Life,2026-06-17,Jammu & Kashmir,,Asiatic Black Bear,Human Injury,0,1,0,Man injured in bear attack in South Kashmir.,0.98,single_incident,,Kashmir Life,https://news.google.com/rss/articles/CBMinAFBVV95cUxNN3MtTmVnbGJkWGFBazBZeks2THY4RmJSck16eW5yeEhvXzFaTHFiUjdaQlRoWkhJdTNwZ3ZSMjhLY0p3aV96d0lXa0VrQk5sY1hreWhnS3RRV1JNX281UEpRemFHXzNFX3hVSlRsU3JqUGo5TVFsYm5lNFFrQ1FwYjEtQ2JTUVJtMUZtempmXzNtaDJjVTdXS1BYQ2w?oc=5,,"SRINAGAR: A man was injured after being attacked by a wild bear in the Soinad-Dedarpora area of Tral in south Kashmir’s Pulwama district on Wednesday.
The victim has been identified as Zubair Ahmad Gujjar, a resident of Soinad-Dedarpora.
Reports said the bear attacked him while he was working in a field, leaving him injured before locals rushed to his rescue.
The injured man was shifted to hospital, where he is undergoing treatment.
Locals have expressed concern over the increasing frequency of such incidents and urged the Wildlife Department to take effective measures to prevent further attacks and mitigate human–wildlife conflict in the area. (KNT)","success(trafilatura, resolved_via_decode, 658 chars)"
"Woman Injured in Bear Attack in Tral, Hospitalised - Kashmir Observer",2026-09-11,Jammu & Kashmir,,Asiatic Black Bear,Human Injury,0,1,0,Woman injured in bear attack in Tral.,0.98,single_incident,,Kashmir Observer,https://news.google.com/rss/articles/CBMikwFBVV95cUxOM3NEVmk3R0dqSDlhdUN1R2V3QmliV1lkQjZ0Z2Z0ZE82UHZmZ2ItT005M1dIV25pMUFKUW1oWlNObkhva0oteUE3VEdkOEVEVklmQmJOdGNEZktSNTdoWXp3M1RtQmtRM2U4TXJfY01TYkpJNVl4Q2tzbXQxVjdnamFLQ3VkTE5DZno2dTg0X0liNkk?oc=5,,"Srinagar- A woman was injured after being attacked by a bear in the Handoora area of Tral in south Kashmir’s Pulwama district on Friday.
An official said that the woman was attacked by the wild animal in Handoora, leaving her injured, reported news agency KNO.
He said that she was soon shifted to Sub-District Hospital (SDH) Tral for treatment and was later identified as Hajra Begum, wife of Ghulam Ahmad Khan and a resident of Handoora.
Meanwhile, locals have urged the Wildlife Department to take immediate preventive measures amid increased bear movement in the area.","success(trafilatura, resolved_via_decode, 572 chars)"
Bear Mauls Man in South Kashmir’s Shopian - Kashmir Observer,2026-09-11,Jammu & Kashmir,,Asiatic Black Bear,Human Injury,0,1,0,Man mauled by bear in Shopian.,0.98,single_incident,,Kashmir Observer,https://news.google.com/rss/articles/CBMihwFBVV95cUxPOGxBbDBSSXpYZExoOWNWWXNpOVpNcDhaZkw4QXp6RTllclNsWjZtd1hvWDRxeTFicVRMak5BLV9EeXhnTWJ0ZmFZNG0wQ3lJV0dMYUZ3anYtWnZxcHJyQVlKQjBkbHhxUi05M1I1TUViYktVZ1k5RW9QX2ZncktqYURQbzNMc1U?oc=5,,"Srinagar- A 40-year-old man was injured after being attacked by a wild bear in an apple orchard in the Sedow area of Shopian district of South Kashmir on Friday.
An official said that the man was attacked by the wild animal in the apple orchard at Sedow, Shopian.
He said the man was shifted to Sub-District Hospital (SDH) Shopian for treatment. He was identified as Sadiq Ahmad Thokar (40), son of Abdul Rahman, a resident of Sedow.
Meanwhile, cognisance of the incident has been taken. (KNO)","success(trafilatura, resolved_via_decode, 493 chars)"
"Four injured in bear attack in south Kashmir, say officials - Free Press Kashmir",2022-11-16,Jammu & Kashmir,,Asiatic Black Bear,Human Injury,0,4,0,Four people injured in bear attack in south Kashmir.,0.98,single_incident,,Free Press Kashmir,https://news.google.com/rss/articles/CBMiogFBVV95cUxOUHdaZW5iQm1ScEg5anZOZFNOUGZDdWY3UHctVGVxNy1TdWsyaFhCdEFWZTVKZFhZb1RUWDRxamZCSzdOQmlMbTdqS1JRNzVsNDlXenczTTM4QW1may0wUHQ3N29JdFJqLWRjODBzNmcza3JrWVgxTS1QQzR0dTBJRFhpM1AzMm9GRzBlbXp0UWJOdU9IR29JMHBOZTVRQ1pVY2fSAacBQVVfeXFMUGxyS0IxeFRmTmRUQ00tTTdFUWtpbEhoNXY4My12dEFaNXZ3V2VwUlcxdXI4dGN2RkMybWg1R3VFamdHS1FJTlhxU05pYVdjeHMtS09nNk1QbktNcWNtRGQ4NXhyZWJrVVVuRFRKZXI5MXJ1NGxCZWNhWmt3QVJEOFNFT3JlNjJiY2JLNmZUZ2hOSi1YRnZUMjl3X0Q2QktoUlA5eC1iSUE?oc=5,,"Tral: Four persons including a wildlife employee were injured after being attacked by a bear in Chattrogam area of Tral in south Kashmir’s Pulwama district on Wednesday.
An official told the news agency Kashmir News Observe that wildlife employee and three other local residents were injured after they were attacked by a bear in Chattrogam.
He said that all the injured were given first aid at Health and Wellness Centre Chattrogam and were referred to SDH Tral for further treatment.","success(trafilatura, resolved_via_decode, 485 chars)"
Elderly Woman Killed In Bear Attack in South Kashmir’s Anantnag - Kashmir Observer,2022-07-28,Jammu & Kashmir,,Asiatic Black Bear,Human Death,0,0,1,Elderly woman killed in bear attack in Anantnag.,0.98,single_incident,,Kashmir Observer,https://news.google.com/rss/articles/CBMipAFBVV95cUxQVHFKUDBkT1RIMHc3UUNlTlJTVURyZlI4eWxBb0F1eGNEeldIalRVNnd2ZWl2eThCeks5Z3FzSDhzd2k5aGNNdnF6cXBRa2tVMGlnSXhyY0x2OFdXZlhoNU4zaUdNSW5oVGlHV2dLQjZicE5weWdoc19FTkVGQ25VUzBSNUZFbVp4TnlDLTJQNnk3YWJxdFlUcUxpa0I2cUhzQ2pYMg?oc=5,,"Srinagar- A 50-year-old woman was killed in a bear attack in Kokernag area of south Kashmir’s Anantnag district this afternoon.
News agency GNS quoting officials reported that one Zaiba Bano wife of Abdul Rehman Chopan, resident of Frehmoo Gadool was attacked by the wild animal while she was outside her home. She sustained grievous injuries in the attack and succumbed subsequently after.
Meanwhile a police official has also confirmed about the death of the elderly woman.","success(trafilatura, resolved_via_decode, 475 chars)"
3 injured in bear attack in Rajouri village - Greater Kashmir,2022-12-21,Jammu & Kashmir,,Asiatic Black Bear,Human Injury,0,3,0,Three people injured in bear attack in Rajouri village.,0.98,single_incident,,Greater Kashmir,https://news.google.com/rss/articles/CBMijwFBVV95cUxPMTZWcDE1b1N2U092YUhMa3RlUkNRdThrbUlrT2hBMHlsSXZmcWpIQ1h1cmNGN2s0OGRPakZhdkJJQ1phUHRrcHFodW9kMWFnRWZQVkhvSC1idGlGdmRKUjdaRUpKR3BiV3V2M0V4c3Jla3ZoTG5ybVJMSzRsd0dxMzVrLUVDTXNhNUtablJVONIBkwFBVV95cUxNN29pUDFCZTI3ZEJvMUZhUzZvV0xRYmkwVWxMSDJfTUFVN3drdTFOb3EtZ3l6Uk9DUG10TFVFeF9nYjQ1UUZUUW05dllfcnd5MURLUVFMbUkyY3phalhBOHhrZVVjQ3FQc2pWUXNuUnB4b0J3NjdXbkN6dm5VSVpYcmFHc1hOYlRYblNrVVE2TG9ocVU?oc=5,,"Rajouri, Dec 21: At least three people sustained injuries, two of whom are critical, in attack by a wild bear in far flung Kotcharwal village of Rajouri.
Two of the injured have been referred to Government Medical College Jammu in critical condition. As per locals of the area, these villagers were present in their fields when a wild bear appeared from nearby bushes and attacked them. In the incident Mohd Munshi (55) son of Mir, Buttu (35) son of Wali Mohd and Abdul Rashid (30) son of Mohd Younis, all residents of Kotcharwal, got injured who were removed from the clutches of wild animal by other villagers.
Injured were taken to local hospital from where Mohd Munshi and Buttu have been referred to GMC Jammu and both are in serious condition and have deep injuries.","success(trafilatura, resolved_via_decode, 772 chars)"
50-year-old man injured in wild boar attack in Poonch - Asian Mail,2022-02-18,Jammu & Kashmir,Poonch,Wild Boar,Human Injury,0,1,0,A man was injured in an attack by a wild boar in Poonch.,0.95,single_incident,,Asian Mail,https://news.google.com/rss/articles/CBMijwFBVV95cUxQa2ZJb1ViV0c1Nm9oSnRiOFkybGFlLWpfc2NoZDFUdzVBdDdTdWdVYl81c1RMNWJJQUNpUVJsanl5VXVnQVlTN3JBdWdLd2dqRXJkbDVNb2JQUzBQUndtb1N5ZHhDYjBMQnpTeFA3N0tZd3Vpb1loZXFRa1hhMXQ4VnBKME5jSDk3ZHN5RDVFOA?oc=5,,"Poonch, Feb 18 : A 50-year-old man was injured after attacked by a wild boar (wild pig) in Mendhar area of Poonch district on Friday.
Official sources told GNS that the Wild boar attack Abdul Haq (50) son of Lal Din at Nakka Manjhari village in Mendhar, leaving him injured. He was shifted to hospital.
Dr Naveed Anjum Medical Officer said that the patient has multiple deep wounds in his body.","success(trafilatura, resolved_via_decode, 394 chars)"
Uttarakhand forest officials try to capture tiger that killed 2 in December - Down To Earth,2022-12-26,Uttarakhand,,Tiger,Human Death,0,0,2,A tiger killed two people in December.,0.95,single_incident,,Down To Earth,https://news.google.com/rss/articles/CBMizwFBVV95cUxORWYtSmpyYVozOFlZMk9RclhJWlY5TjBYZ1A3Y0tvMFR4aVpaUm1Wei1XVzBrWGxDTHdwQWo2LXRZNWZGT0k2akdFeDhhMXlHdENqNVdya1hTWFpvZlFveXlBNGw1S1BjMUpQbVVnOUxpbk1tcktGV29RdWtxRGRkckVtUXpqM1lTbG45TTlWRi11eHZjQm12Y2hHSl80Tlg5NGJZNjZ0dDgxdUJvR2FKZy1ULXo5Z3VzWm5pRU5iN1lFWTNnOVBTb2ZqZks4MlXSAdwBQVVfeXFMT19NekxRcllYbVJtb0JSa05TMkpEbVM3c2pWQ19pYmZ1ZVlQOGZGb1hacXp0SkFNN1QyYndmV0huR1oxZEtmbDZvYWFSWlZKWjFlc3Q5V0dudnoyMUJkMWllWkI1blBzVlVFQW9OY09RazNwY3JmS19CdVV0WWxOOFBkZ19VLWpTQlhkMEd1RWZNRkhRbURwQVpDLXAteTZVQjBidm9Oc2xIWDZSVWpBUTJyT3lkMUUyYTVzMUlRcWdST2tFcHZYZFB1eGhUSTZzdkF5dktQX0lxcTNIdQ?oc=5,,"After the mauled body of a person was found in the Corbett-Ramnagar forest area on December 25, 2022, joint forest teams have started investigating the area and setting up camera traps to find the tiger.
The man, identified as Abdul Rashid, was drinking with two friends in an area of the jungle where movement is restricted after sunrise and sunset.
“It is unfortunate that such a thing has happened. The forest department takes out regular convoys on the highways to ask people not to wander out into the forest after dark as it can prove to be risky,“ said Samir Sinha, chief wildlife warden, Uttarakhand. “We are now trying to capture the tiger.”
Two teams have been deployed to tranquilise the tiger, he told Down To Earth.
The tiger is also suspected to have killed another man on December 12. Camera traps and cages have been set up in the forest to trace the movement of the tiger and capture it as soon as possible.
“We are trying to capture the tiger and are requesting the people for their cooperation and stay indoors after sunset. We have requested them to not venture outside unless absolutely necessary,” Sinha shared.
However, the department has no plans to put the tiger down. “We are following the protocol that states we need to try and capture the animal alive as far as possible,” said Sinha, adding:
In case a tough decision needs to be taken, we will do so in due time, following the proper procedure. So far, our aim is to capture the animal alive.
The officials have also not decided whether they will release the tiger in another forest to avoid more conflict with humans in the future after it is captured or if they will send it to a zoo, according to Sinha.
“It is premature to say where the tiger will be sent after being captured. We will keep it in the cage for a few days and observe it and verify certain parameters before making this decision,” he said.
According to the newspaper The Times of India, there are around 230 tigers in the stretch between Aamdanda checkpost in Corbett and Mohand checkpost in Almora. There have been 13 deaths due to tiger attacks in the state in 2022, the highest in 22 years.","success(trafilatura, resolved_via_decode, 2142 chars)"
Shepherd airlifted to AIIMS Rishikesh after bear attack in Chamoli - Garhwal Post,2026-01-04,Uttarakhand,Chamoli,Asiatic Black Bear,Human Injury,0,1,0,A shepherd was injured in a bear attack and had to be airlifted for treatment.,0.95,single_incident,,Garhwal Post,https://news.google.com/rss/articles/CBMilAFBVV95cUxOb2tZbFd3NEVCQ2hCcUNVd2xPLUdacWNGNWFNZlprRnp6cWZrV1dfNXZ6V1N4MVJsRUpyVC1xZjhYRnJBb2o1d0xuVDVRc3BWM0VVbGY0MXdUOE5LX0w2SEhPN1lGTXVYQmQzR2l4TXJ0MHlkMVFpcmtnUnVTV21faVZRd05KQUdRMGhaSHlKXzhLWmZf?oc=5,,"Garhwal Post Bureau
Chamoli, 2 Jan: Chamoli district witnessed a grave incident on Thursday when a shepherd was attacked by a wild bear while grazing his flock in Khunana village of Nandanagar Tehsil. The victim, identified as 40-year-old Kesar Singh Kathait, sustained severe injuries to his head and hands during the sudden assault. He was later airlifted to AIIMS Rishikesh for specialised medical treatment. His condition is now reported to be improving.
According to available information, Kesar Singh had taken his sheep near a school close to the village at around 10 a.m. yesterday, when a bear suddenly emerged from the forest and pounced on him. Taken by surprise, he was unable to defend himself initially and was overpowered by the animal. A fierce struggle ensued, during which he attempted to resist the attack. Gram Pradhan of Khunana, Mahavir Singh, stated that in an act of self-defence, Kesar Singh managed to free himself from the bear’s grip by using a large sickle he was carrying. However, by the time he escaped, he had already suffered deep wounds and was bleeding profusely.
The seriousness of his injuries necessitated immediate evacuation. Arrangements were made to airlift him to AIIMS Rishikesh, where he is reported to be receiving advanced medical care. The incident has caused widespread concern in the area, highlighting the growing threat of wild animal encounters in villages bordering forested regions.","success(trafilatura, resolved_via_decode, 1438 chars)"
Tiger on prowl kills one of three men drinking in Jim Corbett - The Times of India,2022-12-26,Uttarakhand,,Tiger,Human Death,0,0,1,One man was killed by a tiger in Jim Corbett.,0.95,single_incident,,The Times of India,https://news.google.com/rss/articles/CBMirwFBVV95cUxOdkRZRzQxUU5rdHpCa3hBanRUZm5aTGdQZm92cHVFSXZ1Q2F5UlJkV25peV90ekxGSlZ4VHN5WGNsLUw0Z2VPQjlEOWZtTHBkNUdHU19zT3VMM0hqODMyNHNXUzJPdzA1ckM5cTBYZnBMQlJ0MUhGSUZhbXJyS2FCMW5hRlFnZ3pITEV4TWtTVUZZeTFISWVWeVNveW91YUNuZmtTWUZwZENWTHd3SWhn0gG0AUFVX3lxTE1QNHExTUluYzU0bnRsS1hQNC1UTlktOHBqQlF5dmJEb1dycHoxbkxKTlluX05PYlJ3OHR0YmJ2R3VTZmlpNXVsQlE3M3dXUmNNd0RHTEVsbFN5RHZSYTdQTnJVdVlfUHY0b0I4RVVyVE9ieDBZSjdjeFFMZVhwdzRSWVpLbWQ5RGZneFUwTXJIRmpXTkJYd2NsX09xMEdXRFlqSFp4OXN1RkF4ZnJqbDlXRzBmaQ?oc=5,,"DEHRADUN: A drinking session in the Corbett-Ramnagar forest area, where movement is restricted before sunrise and after sunset, turned into a nightmare for three local men when a tiger on the prowl dragged away one of them on Saturday evening. This is the same area where the tiger had killed a mentally-ill man on December 12.
The victim in the recent incident has been identified as Abdul Rashid.
The mauled body was found on Sunday. Joint forest teams have been put in action and camera traps, cages have been set up to catch the tiger, officials said.
âThere are clear-cut instructions that this vulnerable area, where the trio entered during the day and stayed till evening, is to be avoided after dusk. We have issued instructions to trap or tranquilise the animal,â said Samir Sinha, chief wildlife warden of Uttarakhand forest department.
The stretch between Aamdanda checkpost in Corbett and Mohand checkpost in Almora has significant presence of wildlife and, movement of two-wheelers before dawn and after dusk is not allowed. During the day, vehicles are allowed in convoy. The presence of 230 Corbett tigers and spillover population in the reserved forests makes the area a prime tiger territory.
According to data accessed by TOI, most deaths due to tiger attacks â 13 â have occurred in Uttarakhand this year since 2000. Before this, the highest number of fatalities due to tiger attacks was seven in 2017, six in 2018, five in 2005 and four in 2009.","success(trafilatura, resolved_via_decode, 1465 chars)"
Record 43 deaths from tiger and leopard attacks in Uttarakhand this year - The New Indian Express,2023-12-27,Uttarakhand,,"Tiger, Leopard",Human Death,0,0,43,A total of 43 deaths have been recorded from tiger and leopard attacks in Uttarakhand this year.,0.95,aggregate_period_total,,The New Indian Express,https://news.google.com/rss/articles/CBMi0gFBVV95cUxQMmQyenFrcVZ5bFFLV1FtS0lrOG93LTgyVWhZZ2F4MHMwNXNmOFN0czA4UHkzMDVGRnhDdENxM1Y5V252cW1SdC00djJMNXh6VWhpR3JUR3BFeEh3amFjUVoydi0tU2NYUy1nVmRtY2loT3JGQWdxNFduSnZYT2pDV2d2MEdVSVdsQ0JDa0Q1dThkQnlGSW5yMlN4bjdzNEIwWDAwOG9TbEwzNmlDdXJHTkE5a2xYUTBCMGZ0d2VNN3dXSkVlQTdlWU9CVDVwaVNuU1HSAd8BQVVfeXFMTlRMa29yZXFFVDViMjZndk5wUUxybWU4aGZuU3RWU0Qwak5pcllwdHVOWW5TZXlfajJSc1VTQkNYRzZLQWFBZ2N5YTBNZDhiXy0taHo4LWFWTjFKQXNHRVNJaGI4ejFyQTlMeVMzSkc2cC1JbU84cUFMMkRReU9KSEFUOHJoYW5MZGtxUU1KTUswSUxfb215S090N1o1Qy13QU5TeU1pcVllMVBEVGlpQ19YdmxwMzlkRldxeDBMUVp1MEhUOUo1QWRSMTJjc2RGaTRIU1YwZU1LbXY3T3FzUQ?oc=5,,"DEHRADUN: In the 23 years since its formation, Uttarakhand has seen a record high of 43 fatalities in human-wildlife conflicts involving tigers and leopards this year. Of these, 21 individuals fell victim to leopard attacks, while 22 lost their lives in tiger encounters.
According to data gathered by the forest department, between January 2000 and December 2023, a total of 551 people lost their lives in leopard and tiger attacks, with over 1,833 individuals sustaining injuries. Additionally, since June 2001, a total of 1,663 leopard deaths have been recorded, with many attributed to accidents or inter-species conflicts, among other causes.
According to 2023 data from the state forest department, the population of leopards and tigers in Uttarakhand has seen an increase since 2015. The estimated number of leopards in Uttarakhand is 3,115, while in 2015 the number was 2,335. These figures are significant as Uttarakhand is one of the states where human-leopard conflicts are frequently.
While there are now 12,852 leopards in India, the previous estimate made in 2014 was 7,910. The population has registered an increase of more than 60 percent.
Speaking to The New Indian Express, Chief Wildlife Warden Sameer Sinha voiced his apprehension regarding the increasing occurrences of conflict. ""The estimates of the leopard population will provide us with valuable insights into the problem areas, and we are committed to taking measures to alleviate the situation,"" said Sinha.
A spokesman of the forest department told TNIE, ""In the year 2023, 21 people died in leopard attacks and 22 people died in tiger attacks in the incidents of human-wildlife conflict in the state, which is 13 per cent more than the previous year."" Incidents of elephant attacks have decreased this year, with five people losing their lives compared to 12 last year.
The Wildlife Protection Society of India (WPSI), a wildlife conservation organisation that monitors tiger and leopard mortality, has released data showing 204 deaths in the country this year during the period from January 1 to December 26. The 43 deaths of tigers and leopards in Uttarakhand represent 15 per cent of the country's total.
According to official sources in the Uttarakhand forest department, the state has officially recorded the third-largest tiger population in the country, with a total of 560. The Corbett Tiger Reserve (CTR) has reported the highest number of tigers at 260 among the 53 tiger reserves in the nation. Notably, the tiger population in Uttarakhand has surged from 442 to 560 compared to the figures reported in 2018.","success(trafilatura, resolved_via_decode, 2599 chars)"
82 Himalayan goats killed in snow leopard attack - The Rising Nepal,2023-11-11,,,Snow Leopard,Livestock Attack,82,0,0,A snow leopard killed 82 Himalayan goats in the attack.,0.98,single_incident,,The Rising Nepal,https://news.google.com/rss/articles/CBMiUEFVX3lxTE1xYnRUNno1MFItLWFBZTBVLWRNaHM0Q1RaemhBMC1QTFdqYURsOXo2QXJGeWhYYmVMWHNuMDljZEJUYnlGVWxvdkRCYXJCVjM2?oc=5,,"Myagdi, Nov 11: Dozens of Himalayan goats were killed by the snow leopards at Dhakmar of Lodhekar Damodarkunda Rural Municipality-2 in Mustang district on Friday night. 
Four leopards entered the makeshift enclosure keeping dozens of Himalayan goats owned by a local Migmar Gurung, and killed 82 goats, leaving eight others injured.
Information on this was shared by ward member Chhawattar Gurug.
The pen was made of walls and wires which was easily raided by the wild cats. ""The livestock death caused the loss of more than Rs 3 million,"" Gurung said, adding that the leopards sucked (blood) to death the Himalayan goats, while some were left with only innards.
Later, the injured goats also died.
It is the biggest scourge caused by the snow leopards in Mustang, according to farmers.
After the scourge, a team comprising the Chairman of Loghekar Damodarkunda Rural Municipality, Raju Bista, and representatives from the Annapurna Conservation Area Office, Lomangthang, and police persons from the Charang Police Office reached the spot.
The snow leopard is an endangered wildlife in Nepal. There is no ascertained data on how many snow leopards are there in Mustang.
The den in the rock of Dhakma village is the habitat of the snow leopards, according to local Chhiring Gurung. (RSS)","success(trafilatura, resolved_via_decode, 1286 chars)"
Leopard attack injures 4 in Budgam’s Khansahib - Greater Kashmir,2026-04-20,Jammu & Kashmir,Budgam,Leopard,Human Injury,0,4,0,Four people were injured in a leopard attack in Budgam.,0.95,single_incident,,Greater Kashmir,https://news.google.com/rss/articles/CBMimAFBVV95cUxQQlpXblBySW16NW83amtJcTltLVNubTcwQ0Jxd3ZFbUhFTlhEcU9FWlJoWWNTZkJFODY0LUlvdXBRMkNNZ0lXaDZsX1hlZ0N6UnlMcFRRUWUxbS11R05MNFZ0bHlqelNYRGFmRVNhbmhhVlhLUkdiVWl3azk4eFlkYlBNYWV4dl9sVGcwT2I1Ql93UUluZVFiVdIBngFBVV95cUxNU2pkcThPblo2MnpFQWFQVmc5QWx0TlJXZTBDSWUxelFZUGR2Q2hTV1NlMTNfNXUyTEJrZHBZdXo1eTc0dThTeDRsbndQWVV6ZGY4QWRqOGdyQmUxWTR5S3VxS3dLNkk4eTBuallXWmV0ckR5Q3BuaERTVklxWWI0TGJSaTdYNGlwUVRWZ3kycEJiUTFXRUNzOG15MkwyUQ?oc=5,,"A leopard attack in the Batpora and Sheikhpora areas of Khansahib in central Kashmir’s Budgam district left at least four people injured, triggering panic among local residents.
According to locals, the animal suddenly appeared in the area and attacked multiple individuals, leaving them injured before moving through nearby habitations,as per news agency KNT.
The injured were shifted to nearby medical facilities for treatment, officials said. Police personnel reached the area and carried out measures to control the situation.
Locals expressed resentment over the absence of the Wildlife Department during the critical period, stating that timely intervention could have prevented injuries.
“If the wildlife team had arrived on time, the leopard could have been captured,” residents said, adding that no officials from the department were seen in the area during the crucial hours.
The area continues to remain under fear amid reports of the animal’s presence, with residents urging authorities to take immediate steps to track and capture the leopard.","success(trafilatura, resolved_via_decode, 1056 chars)"
"19 sheep killed, 15 others injured in leopard attack in Poonch - Brighter Kashmir",2023-04-10,Jammu and Kashmir,Poonch,Leopard,Livestock Attack,19,15,0,Leopard attacked and caused livestock losses in Poonch.,0.98,single_incident,,Brighter Kashmir,https://news.google.com/rss/articles/CBMimgFBVV95cUxQRzI2WG8tT1g0YUlKemxLT1VKNUlnOGs1d1V5WDF1RUJ5cVpORUtyakFpaTVVZ1pjRmp2Sy1xd2U2YjZmVmY3QnFReWRxX3gyTUFRaGV4azRHWjh1NXpRVER6RzduU0FkWmNHaXdZM1dibHQycW1TS051SG1qUEdTYVRTaHRQek5fRDBVeEREXzRkdjBRY2JhT3NB?oc=5,,"Nineteen sheep were killed and 15 others injured when a leopard attacked them in Gultha area of Mendhar in Poonch district, officials said on Sunday.
They said that the leopard barged into a shed belonging to one Maneer Hussain Shah and attacked the livestock.
In the incident, they said, 19 sheep were killed on the spot and 15 others were left with injuries.
A police party rushed to the site to assess the situation, they added.
© Copyright 2023 brighterkashmir.com All Rights Reserved. Quantum Technologies","success(trafilatura, resolved_via_decode, 510 chars)"
Leopard attack claims life of 3-year-old boy in Handwara - Rising Kashmir,2023-09-18,Jammu and Kashmir,Handwara,Leopard,Human Death,0,0,1,A leopard attack resulted in the tragic death of a minor boy.,0.98,single_incident,,Rising Kashmir,https://news.google.com/rss/articles/CBMiiwFBVV95cUxNT1NnbXFpV0FMMVhhYTIyQnRRRE0yZ3JPcTUtLV95UFpTT2twSm5vdElwUzdxRW9SNVV4dDl5ZnZndVNwR1dZMW5KZllFSWhIS194dHQ3YmRyWHVRMnhoOElRcHE5QXJ4WEtnUXFlOWpOVnU2M2tVc3ZHaHBabnluaWo2bGVWTkgwX3RV?oc=5,,"Srinagar, Sept 18: A 3-year-old boy lost his life due to a leopard attack on Monday morning In Handwara area of Kupwara district.
The young victim, Burhan Ahmad, son of Mohammad Kamal Mir from Marchwali Nichhama, was attacked by a leopard right outside his home.
The terrifying incident unfolded in the early hours of the day. When people nearby heard the commotion, they rushed to the scene and hurried the injured boy to a nearby hospital. However, the doctors on duty declared him dead.
The tragic incident has stirred up anger within the local residents, who have pointed fingers at the wildlife department for not taking adequate steps to capture the wild animal that posed a danger to their neighborhood. They expressed their frustration, highlighting that this is the second such incident in the area in recent times.
An official from the wildlife department spoke to Rising Kashmir and admitted that there is only one rescue van available for the entire north Kashmir. “Managing the needs of all three districts without enough equipment has become a challenging task. Furthermore, there is a severe shortage of staff in the department, with fewer than 100 employees responsible for these two districts. This lack of resources makes it difficult for them to effectively address such situations.”
The local residents have demanded that authorities take immediate and effective measures to prevent such incidents from happening again in the future. They stressed the need for additional rescue vans, especially in each sub-division, to enhance wildlife management and ensure the safety of their community.
Advertisment","success(trafilatura, resolved_via_decode, 1623 chars)"
"Leopard attacks spark fear in Doda village, wildlife team deployed - Greater Kashmir",2026-08-10,Jammu and Kashmir,Doda,Leopard,Human Injury,0,0,0,Leopard incidents are increasing concern in Doda village.,0.98,single_incident,,Greater Kashmir,https://news.google.com/rss/articles/CBMiuwFBVV95cUxQY3poYWJmRkNVa2R4dWlLc3hvd0tsbnFlc3haOFhjZnMwQ2tpaG5xU2NyZkpPOTRSNkZ3Q2lqUlVxR3pyYWVpMUl6anRWcVpONGtZVFJxZ3NjU2gzV05KWFFqbVJrallMbEZJLWpCalY3WWR1a3pPalhpUTY3WU1UTXM0RjRLaE42Q29ZamZlVVZLOWZzUk5ocHFPYXp1OF9GTjVCd0xhZWhKYmZvQS01SV9LeXdHLUFrRFlR0gHAAUFVX3lxTFBjOTcxa2lGZlItMWplZFFyeVNEVTdQU3dRUTF5MzdFTjFHeEw5VThCazQyQUVPUFc1Q1VYcDZqSXdmY29YUmVvLXZSODU2bkI4ZDctY3pvbGFhUHFxVGxwenhZY2hXSm9YWUgyT3U3ejFvRl9YZkxQT0xGV284eHFqWDRMeVY4RGxjVFViejJuVEZzODk0V1h5bmduWEFhZmt1Z2lBSXFPRS1lOGJveC1CT3ZEeDRDcUpQcmM4SFVZUQ?oc=5,,"Fear and concern have gripped residents of Gharswo village in Panchayat Shiva and other adjoining areas of Doda district following a series of reported leopard attacks and sightings in the locality.
According to residents, around a dozen incidents have reportedly taken place in the area, raising serious concerns about the safety of people, particularly those living in or around forested and isolated stretches.
The repeated presence of the wild animal has created a sense of insecurity among villagers, with many residents reportedly avoiding unnecessary movement during vulnerable hours. The situation has also become a matter of concern for families, farmers and others who are required to travel through the area during the early morning and evening.
Following the reports, a team from the Wildlife Department has reached the spot and is closely monitoring the situation. Officials are keeping a watch on the movement of the leopard and assessing the circumstances in which the animal has been entering areas inhabited or frequented by local residents.
The Wildlife Department is also expected to take necessary measures to prevent further incidents and ensure the safety of both the local population and the wild animal. Residents have been urged to cooperate with the department and immediately report any fresh sighting or unusual movement of the leopard to the concerned authorities.
Meanwhile, locals have been advised to remain particularly cautious and avoid moving alone, especially during the early morning and evening hours when the risk of encountering wildlife may be higher. People have also been urged not to approach, chase or attempt to confront the animal if spotted.
The repeated incidents have intensified calls from residents for effective preventive measures and increased patrolling in vulnerable areas. Villagers are seeking timely intervention from the concerned authorities to restore a sense of security and prevent any further attacks or untoward incidents.","success(trafilatura, resolved_via_decode, 1990 chars)"
Leopard mauls flock of sheep in Mendhar village - Greater Kashmir,2023-04-09,Jammu and Kashmir,Mendhar,Leopard,Livestock Attack,0,0,0,A leopard attacked a flock of sheep in Mendhar.,0.98,single_incident,,Greater Kashmir,https://news.google.com/rss/articles/CBMilAFBVV95cUxPQXltR1FYbjMwSVc3QkdNWUpXUlhvTEhKeHYxZDBaaV9jTGZKdEFZNGF2djV4MHVKcnJlc3FhYVlEM0pERWpieFloTWpjc0hWcVRBcXgwcmVJcW5oczVKcGhUWEZKd0hkZF9VUEllclQwU3V5RXJiSmo0RWdwb0VQbFJkVFJFb0tyZ1NYX1gxa1pRdnRW0gGYAUFVX3lxTE9BcEF3bnpzTzBKRXRUc0p0TlFyQkItNXQzYURrRHlkc3FsWE1uc0lWQTdpbHM0NDRvb2V4WTZXYTlxbVJ6VWRxdEFCejlDN1hfdzlCb19qcjBjdTBDUklJR09IY0t3Ty1vRHZLRXdCbF8xNnpOMnRtbmdGUFRHRTl0S3NfdEh6Z2puS3gzSzg4aUwwNmFDdGdo?oc=5,,"Poonch: At least 25 sheep were mauled to death and 20 others left injured in an attack by a leopard in Galuta village of Mendhar in Poonch district on Saturday night.
As per the locals, a leopard entered the sheep shed of Tabir Hussain Shah, son of Munir Hussain Shah of Galuta.
Locals said that in the leopard attack 25 sheep had been mauled to death while 15 others were left injured.","success(trafilatura, resolved_via_decode, 386 chars)"
"Leopard Kills 10-Yr-Old In UPs Balrampur, Villagers Asked To Stay On Alert - ABP Live English",2023-12-14,Uttar Pradesh,,Leopard,Human Death,0,0,1,Leopard killed a 10-year-old in Balrampur.,0.98,single_incident,,ABP Live English,https://news.google.com/rss/articles/CBMi4wFBVV95cUxNX0I5T2JXOGJxNEViVjlYUldhZUMyNHJXcmU3UThzNFItdFVlaWdiaWFwejFwODliUVN4bGE4ZE5kVnF4WlBOTGhubktuZUJlaXM0TmJTVFN3QnNUQjJ4NC1GV2FXUl9PM3hjNmZRM3pzTzByd1BNc3UtOXdhR2VSVkpSWVVwRk92bU5va054Yzl0TVlJXzg1MlNyZWkxRXlleFlVb05QLW11VzNmdjhMSDZIeDNUOXB3elBBeGxpMzBUSVg1Uk11UE5pakhlWGtrSmNCQkV2a2FEbDNFNmIwQWJSNNIB6AFBVV95cUxPNHZMZmNockFMVWZDNUgtVUFwaTlBYTI0by1YaV81bTJoNndGUHc4VTl6a29HdGpUUlZpeEFERzlObDhWbFRDQWhuUlpEOW1pajc4VWhrUndKQkFXT0RhaXdWZVFBMnVQVThrYzdHVTkxLThfX0Y4dS0xVnQ0OWNOMUpzWENQS2VnMFJQbC1uNWxyWGQwcFk1LUp5RlZEWGMzUUE5dHZLQW03LVdrZlNqa0RXYXBveEpScTVMZ2xMcVNGR2F4MFc2V3M4N3BVRjctRzB1TzFxMFhrWnBpN0gxYzRBVEJwMk1o?oc=5,,"Leopard Kills 10-Yr-Old In UP's Balrampur, Villagers Asked To Stay On Alert
A 10-year-old boy was killed by a leopard in Uttar Pradesh's Balrampur district. Police and forest forces have increased patrolling in the region and advised villagers to stay vigilant.
A leopard killed a 10-year-old boy in Uttar Pradesh's Balrampur district when he had gone to graze goats in a forest area. Police officials told news agency IANS that villagers of Dharampur village rushed to save Sameer Ansari when they heard his shrieks, however, they were not able to make it on time and the boy died.
Station Head Officer (SHO), Hariya, Govind Kumar told IANS, “Hearing the boy’s shrieks, many villagers rushed to the spot with sticks and began making a noise to scare away the big cat. However, by the time the villagers could reach the spot, the leopard had already severed the head of the boy. Later the family members arrived and took him to hospital.”
The victim's father Shafiq Ansari was in Mumbai when his wife told him that their son had been missing since Tuesday afternoon.
The forest department has deployed teams in order to catch the leopard and a team of police and forest officials are patrolling the area, IANS reported.
Forest Range Officer KP Singh said that the villagers have been advised to remain alert so that they could try to protect themselves better from leopards.
DFO Balrampur, Semmaran, told IANS that the forces will take assistance from infra-red drones to catch the big cat. The DFO added that the forest department is also taking other steps to ensure protection to the villagers by increasing patrolling and installing camera traps to monitor any leopard activity.
Recently, two leopards were trapped using IR drones in Bahraich, as reported by IANS.
Earlier in September, a four-year-old girl was mauled to death by a leopard in Jammu & Kashmir’s Udhampur district. Locals discovered the body about 2 kilometres in Upper Bhanjala village of Panchari tehsil in the district, as reported by news agency ANI. The deceased was identified as Tanu.","success(trafilatura, resolved_via_decode, 2061 chars)"
Fear Grips Kaghan After Deadly Leopard Attack - ProPakistani,2023-04-08,,,Leopard,,0,0,0,Leopard attack causes fear in Kaghan.,0.5,single_incident,unrecognized_conflict_type:,ProPakistani,https://news.google.com/rss/articles/CBMiiAFBVV95cUxPbjN6MTVPS292WWZ4SFVhdGpvNm5lcUJzY1YwSHVFOUZHUXBRQS1HYVg0LUcxR2NQQndPT05iakdNMUR4YUdEU3l5dTNaS2wyWURXcFEwNFhMNGpTekFLZWtHdmJlb1hEU0NHdEZrLTRxX0VxeDV0XzYtQ2djWGpoN2pHN0JMYzV10gGOAUFVX3lxTE9HR05yYk5uVDN3UnRyLUZpbUtzVnlfT0VTVXY5cjVTcUNwMThCZzF5Yy1MaUxQUmVsWkt3TERRdWVocndnOVNrdG1Fb1B1RmVMaGdIdnFmUXdxdzhRbU00YW9TOW4zWXgtZEtBSnF1QzNzX0pqbGpaNDR3WVB4ZUlMQjYtak5xeWVTMWczQ2c?oc=5,,,extraction_failed(page_fetch_failed after resolved_via_decode)
"Human-wildlife conflict: 2 killed, over 40 injured in bear attacks across Kashmir since apple harvest began - Greater Kashmir",2026-09-07,Jammu & Kashmir,,Bear,Human Death,0,40,2,Bear attacks have resulted in casualties across Kashmir.,0.98,aggregate_period_total,,Greater Kashmir,https://news.google.com/rss/articles/CBMi6AFBVV95cUxObjN5TWhhbHctcTBDV1poLU9PVkpVR2R6T3dPME5CRHJlTmxVOFRCZjlXNDl2Q3FrZGJpX0VnVUR1M0NvOFRWRjVfUGN1ZW5TMmFFOTJUdGloM3VsYmREWFdKQV9kdEFRVkFENVBpQm9JMGdhOHdvN0J0SDVWd21Mb18tZFZJOGFzNWE0XzFjUnF2VVNoSGFNWjgyOWtTckUzaUVGekVtOW5SQlFyb0loTzU5bXdzS2w3aEdNOEMyZnM2bkhnWnplVUtZR3BpUTA5WWZDb181M1R2UjJiaGtpM2REVnJZcmc00gHuAUFVX3lxTE9QNDFvNkVUOUF0U3FmTjFWdUdEUHlCYUJVU2lybGxxRzBReXBPVkZqVkNsNGJNOXNieWt3QkFWZWZTTjVWdzhjeHNUdEJOOFptUjl0Q2xSV0Y2SXczNkNLZFFSUy1yenpvSkJYSjFTNl9sUE1Ub0o1RTU5UGZQYm9BWEMtWDJaZi04c0l1V1pEM2tOMnpEOHlBU3hLWTM4anBzcExUNG5SV1Fjc1o4aHR5UlNyRUIxYURUdHdsNUgzaW9KeDRrSndyNGlnSWlyY2oxZVpnSFYxLXVxV3hRbGlrVjNwOTAwNmlHWDc4d2c?oc=5,,"More than 40 people have been injured and two killed in bear attacks across Kashmir since apple harvesting began in August, with animals increasingly straying into orchards, maize fields and nearby settlements.
South Kashmir has recorded 12 injuries and one death in the Anantnag-Kulgam wildlife range, while the Pulwama-Shopian range has reported eight injuries so far, taking the total in the region to 20.
Central Kashmir has recorded eight injuries, and north Kashmir has recorded 16 injuries and one death.
In Kulgam, 45-year-old Latifa Banoo was mauled to death on Aug. 31 while working in an orchard at Tarigam village.
Her family learned of the attack only after she was shifted to SDH Qaimoh by the villagers.
“We are devastated by her death. Authorities should step in to prevent such incidents and ensure that no more lives are lost,” her family said.
Days earlier, 68-year-old Abdul Salam Teeli of Ahmadabad village in the D.H. Pora area of the same district was seriously injured after going to the aid of another orchard worker, Bilal Ahmad Kohli, who had cried for help.
“When I heard the cries, I rushed to help him, along with my wife and daughter-in-law. I saw Kohli lying injured. The bear then turned towards me and attacked me as well,” Teeli said.
“Such a time should never come again in my life. The moment was like a heart attack.”
This spike in attacks has been reported across Kashmir
In the latest attacks, Mohammad Maqbool Bhat was seriously injured at Mirmadan in Dooru, Anantnag, on Sep 3, while another man was injured at Lalwani Seer village of the same district today, on Sep 6.
He was immediately shifted to GMC Anantnag, from where he has been referred to SKIMS, Srinagar.
Wildlife Warden Anantnag-Kulgam Sajad Bhat said August and September are particularly sensitive because ripening apples and maize draw bears into areas where people are working.
In Pulwama, Ghulam Nabi Bhat, 55, a flour-mill worker from Jawbehara, Awantipora was also grievously injured, at his workplace.
Six more people were also injured in separate bear attacks in the Tral area.
In Shopian, a minor girl was injured in a leopard attack in Dragad village on August 4.
Earlier, towards the end of July, three people, including a woman were injured in a bear attack in Reshipora-Harmain in the same district.
Central Kashmir saw three people mauled at Khonmoh, Srinagar, within 24 hours on Aug 16 and 17.
In Budgam’s Rawatpora-Khag, a man, Abdul Qayoom Thokar was critically injured in a bear attack, while in Ganderbal Mohammad Maqbool Bhat was attacked by the animal at Watalbagh , leaving him grievously injured.
In north Kashmir’s Kupwara district, 6-year-old Subahat Jan was killed in a bear attack at Nichama village.
In Bandipora, Javid Ahmad Pir was mauled at Kralgund-Hajin, while Farooq Ahmad Khan suffered severe facial injuries at Chrawan in Ajas.
In Baramula, a man Firdous Ahmad Mir and a woman Zahida Begum were injured while cutting grass at Janwara in Sopore.
“Last year, also during the apple harvest season, we lived in constant fear of wildlife attacks, and this year is no different,” said orchardist Mohammad Sultan of Kupwara.
Wildlife Warden North Kashmir Suhail Intesar said August and September are the peak months for bear encounters.
“Once apples ripen, bears come down to orchards. This has become an annual phenomenon,” Intesar said.
Leopard sightings have also increased, with animals turning up closer to villages and homes. A child was injured in a leopard attack in Shopian.
Wildlife Warden Pulwama-Shopian Suhail Wagay warned against leaving children alone in areas where leopards have been sighted.
“Children are mostly their prey, so they should not be left alone, particularly in areas where leopards have been sighted,” Wagay said.
Wildlife teams have tranquilised and captured many animals, while others were driven away before they could cause harm. In Pulwama and Shopian alone, 46 animals have been removed from human habitations since the harvest began - 22 black bears, 21 leopards and three others.
“These animals were actually present in human habitations. We responded immediately, rescued them and did not allow them to cause any damage due to the quick response,” Wagay said.
Control rooms have been activated across wildlife divisions. Orchard workers and residents have been advised to move in groups, avoid fields during evening and after-dark hours, carry torches and report sightings immediately.
With the harvest continuing through November, officials have urged people living and working near forest fringes to remain vigilant.","success(trafilatura, resolved_via_decode, 4593 chars)"
"Leopard kills one, injures five in multiple attacks across Himachal’s Mandi district - The New Indian Express",2025-12-24,Himachal Pradesh,Mandi,Leopard,Human Death,0,5,1,Leopard attacks lead to one death and five injuries in Mandi.,0.98,aggregate_period_total,,The New Indian Express,https://news.google.com/rss/articles/CBMizgFBVV95cUxQdzdNUWR4RGROZkJZdFp5Sl9oMGxjaUJqRURoNmpFUURPLVh1Q19Mdy14WEE2NnQ4THlENHlzeldybTVaWld2aWRTUll2VEN4TW5SVWtnNkZ3QkZlYlNLNUhncjNPay0xRXNyNlUxZkF6R1lWVFYyUkZsTERNalJ4eGV4Qkd1blkzM3MtakVubUxqWXV6U0hpZDc3ZzEtbENpQVJaWTNickZFQ29lLVRpWFE4NnZ1Y2QtcW8wZF9kbnJTY003MG1CcUt2OVZyd9IB2wFBVV95cUxPSHBtcm9UZGJ0dXdLOFdHZzVqelB0aHNwM21BRlh0N2hma19GRHJFdEl4Q2NTa1RhRGJ4VW4xX3NhUUo1SlhOVGQxOTJpOEdjV3BCaTU0X1JXUmdaSXdqQXpqWkhNdHQ0aTlhczJObW1DaGdLNlRPYnFPR2t1dERkcGJDeFZUd3ZpRkIyOWRXVE80MThnY1lDTmxDWXNVZGVJLWxOMENiOXEyZ2F4dlJ5TlllcHRMa19wczFBbjlEVjZPR3Z4bkM2aUVRVVNBQTBaOGNadkVCa1k5WjQ?oc=5,,"CHANDIGARH: One person was killed and five others injured after a leopard carried out a series of attacks at three different locations in the Balh Ghati area of Himachal Pradesh’s Mandi district on Tuesday morning before being shot dead by locals, officials said.
The leopard attacked people in Chandiyal, Bhadyal and Malwana villages, triggering panic among residents. According to officials, the animal first struck at Chandiyal, after which it moved to Bhadyal, injuring several people, and finally reached Malwana village, where it mauled a 40-year-old man, Balveer Singh, resulting in his death.
Singh, a resident of Bholi village, was a migrant worker living in Mandi and had come to Malwana to visit relatives. All those attacked sustained paw-related injuries and were immediately shifted to hospital, where doctors described their condition as stable.
Sources said forest department teams were rushed to the affected villages soon after the first alerts were received. As panic and chaos gripped the area, villagers reportedly came out of their homes armed with sticks and sharp implements in an attempt to protect themselves.
The leopard was eventually killed when it tried to attack again. Its carcass has been taken into custody and sent for post-mortem examination.
The injured have been identified as Sahib Singh, a native of Bihar; Dinanath of Bhadyal; Rekha Devi, wife of Dinanath; Janit, also from Bhadyal; and Champa Devi of Malwana. They have been admitted to Shri Lal Bahadur Shastri Government Medical College and Hospital, Nerchowk, where they are undergoing treatment.
Confirming the leopard attack, an official of the local administration said one person had died, five others were injured and the animal had also been killed.
Following the incident, forest officials have intensified surveillance in and around the affected villages. Locals have been advised to avoid venturing out alone during early morning and late evening hours, when wildlife movement is more likely.
An inquiry is underway to determine how and why the leopard entered densely populated areas, once again highlighting the growing human–wildlife conflict in the region.","success(trafilatura, resolved_via_decode, 2164 chars)"
"Leopard attack in Himachal’s Mandi leaves one dead, nine injured; animal killed by villagers - Telegraph India",2025-12-24,Himachal Pradesh,Mandi,Leopard,Human Death,0,9,1,"In a leopard attack, one person is dead and nine injured in Mandi; villagers retaliated.",0.98,single_incident,,Telegraph India,https://news.google.com/rss/articles/CBMi1AFBVV95cUxQZkpDOThPb0J5MllKa3d6OVZsNW0zODNXNVJEdkxZc1RjMVhWWmMzMEdfZ2ZjM3JCNW9LZGZienc0dXZHQ05Cb3ZURWVmQjJyLW0tTUNrS0R6UE9zQUlPZWFfd2Q4eDE4QkdSZnN6dVRvU2pRNFpJMVJacHBpOEJhd1l4ZmxRdHR1SzdVSkl4OUhMeElzc3FZZkljSlNGbjFYSEVpT0gyVFVldEJvZnpNRmV1Y21xNWVHUFpVN0JxeVNqSFVZSURVQjF1VFBhZHA0aEw5atIB2gFBVV95cUxNOWlJY0ZCZlVSa0JKdThBcVNiTE5Ja2JPemRjcEM0aFBldkptVFVYV3Q5RjBQSU5EaENHRW5Bel9HUnNDTDY1UWRQUzgtOTk4TmlFUW53S0d4SFgtbkx2Y3NGa051YW5DcHN1eTN2VVJJYXhzY1NaVjVMRTloS0N3N1dRTjJRTEdzNDllYV9VcnF1YUpKdENidTgwY3pDTnFfbm5LSGsyZWZJemxmbnBqdVE2MFlKN2tYUDdwSlhjNHhwRmJLR0xSY3VMX0NaMVRCUDJOam1VM3hjZw?oc=5,,,extraction_failed(page_fetch_failed after resolved_via_decode)
Seven killed in 20 days as tiger attacks spike in Uttarakhand - The New Indian Express,2026-01-20,Uttarakhand,,Tiger,Human Death,0,0,7,There has been a spike in tiger attacks leading to seven deaths in Uttarakhand.,0.98,aggregate_period_total,,The New Indian Express,https://news.google.com/rss/articles/CBMisgFBVV95cUxOSktYSm5OM0pGWHRPdXV1YUNEYzQ0ME9aMWtJcXY5VS04dUZqWDV1VVl3bExfNklza1FNaGxlM1RMQTZsYVBMQ0Z0QVNTV1pyc0EzcDJJRzFFSU5jLUlHMTdjWkMtVUNGUFpfenBZZDhuQ2tRSTlsUHBHd0VPV2l6bnlfQWNiRnB3TmZwWXdEQjBtQ3Y1THVyQXpWY2QxZFlhY3RRNm1Wd2hWWXd3VEZSOXRR0gG_AUFVX3lxTE1BdnREYnFHU1l4ZW1qNUQtaldFOFhZNDc0eVAybGlfVy1VTlRYSENsTWNCeHRQLWZ2MGFoczZJc1NGYU5vYXF2SExrbndscmJURG9taEtHeHN2TnFyRHZIRmJzUjNGaldxVmZwME01cTB1X1R2ZTJZTXhWWEg1dnQ0UjZFWHpaaE9vOXZPVk9UOXdUNC1wazhZUkh4NkYtQ1p4SjRUaHg5aE52UlhmcUZjdnhoZlhfRXZUZ3U1NzVj?oc=5,,"DEHRADUN: The escalating crisis of human wildlife conflict in Uttarakhand has taken a grim turn, with a sharp spike in fatal tiger attacks eclipsing earlier concerns over bear encounters.
The state has recorded seven human deaths due to wildlife encounters in January alone, four of which are directly attributed to tigers.
The surge signals a worrying trend following a year marked by heavy losses. In 2025, the state reported 68 deaths from human wildlife interactions, with an alarming 488 people sustaining injuries, along with extensive losses to livestock and crops.
While bear attacks had dominated concern over the past six months, officials are now grappling with increased aggression from big cats.
According to sources in the Forest Department, the anticipated decline in bear attacks owing to lower temperatures and hibernation has not fully materialised, but attention has now shifted decisively to tigers.
In just the first 20 days of this month, four people were killed in tiger attacks across sensitive areas, including the Kalagarh Tiger Reserve, Ramnagar and the Terai East Forest Division. Leopard attacks have claimed two more lives a woman in the Nainital Forest Division and another person in Bada Gaon in Pauri.
A comparison with last year underlines the gravity of the current situation. In 2023, tiger attacks resulted in 12 deaths and five injuries. Leopard attacks were even deadlier, causing 19 deaths and injuring 102 people over the year.
Principal Chief Conservator of Forests (PCCF) Ranjan Mishra acknowledged the heightened risk and issued an urgent advisory to residents living along forest fringes.
“This period coincides with the tiger’s breeding season, making them potentially more territorial and aggressive,” Mishra said. “We strongly advise residents to avoid entering forests unless absolutely necessary.”
He outlined basic precautions for essential travel: “If you must venture out, ensure you move in groups, make noise to alert wildlife to your presence, and take every possible safety measure.”
The Forest Department said intensified awareness drives and protective measures are being rolled out across vulnerable districts to prevent further loss of life.","success(trafilatura, resolved_via_decode, 2202 chars)"
Leopard kills 13-year-old girl in Uttarakhand's New Tehri - Deccan Herald,2024-10-19,Uttarakhand,New Tehri,Leopard,Human Death,0,0,1,A 13-year-old girl was killed by a leopard in New Tehri.,0.98,single_incident,,Deccan Herald,https://news.google.com/rss/articles/CBMisAFBVV95cUxOcS1VcUdnUXJFWE9DbmFDWUpFOFFZeU5CT0xrN21hekZVLVBjSHJuSk1KSlVNSUNGSFBkck9BYzNidGVJNkhtcmJCX3BHR05tSUd5eHFwcXY0cGNlb2lNdG5LU2FseENQTEVxR1dnY2hxbHJIcllXSi0xQ2VWT0xWV3dpRGZVanR6aVk5akRYbDlfLXc2cTFoZlBZb3owa29GNDVEek9tR0JQMEl0dUJodw?oc=5,,"Leopard kills 13-year-old girl in Uttarakhand's New Tehri
In view of the incidents, the forest department has deployed two shooters in the area to kill the leopard, and eight cameras have been installed to track its activities. Cages have also been set up in the hopes of catching the leopard.","success(trafilatura, resolved_via_decode, 293 chars)"
"Woman killed in leopard attack in Nainital, third incident in two weeks - Rediff",2026-01-11,Uttarakhand,,Leopard,Human Death,0,0,1,Woman killed in leopard attack.,0.98,single_incident,,Rediff,https://news.google.com/rss/articles/CBMi6gFBVV95cUxPNzg4bFRUUkJMQ0cxMEZMN3ZET2J6blJZbzVJUU1JbS1xM1lyNEc0dlp1eE1qZFZzdU93V1RiRm1ySzJYNndUenRxeFBEMHlWeVBCQjg3VlptUE1jMHV1U3NreUowTFd6aEhVOFEzU0tKNTlpdlZIRVhETFJxdUU0U3FhRExaUHVmM283NHRBUE8zOUlCYnVJX0dkc182ZS13U0F2TjN3bElnYnIyNE54UWlra0ZySXp2ZVJtakJPOUlRZTE2aklqbmtkd1FXZWVJUEkyZ1owd3JXT0VEdEhIaVJBS1YtSDlka1E?oc=5,,"A woman was mauled to death by a leopard attack in Dhari block of Uttarakhand's Nainital district on Sunday, officials said. 
This is the third incident such incident in the district in a fortnight. 	 The officials said the incident occurred around noon in Dhanachuli area of Khutiyakhal when Ganga Devi (35) had gone into the forest to collect fodder for her cattle. 
Devi's body was recovered two kilometers inside the forest. 
A forest department team reached the spot after being informed of the incident. 
The death of the woman in the leopard attack has caused tension and anger among the local people. 
The locals alleged that despite repeated sightings of a leopard in the area for the past few days, the forest department had not taken any precautionary measures for the safety of the people. 
Earlier, two similar incidents of leopard attacks had occurred on December 26 last year in Dhari block and on December 30 in Okhalakanda block, in which two women were killed. -- PTI","success(trafilatura, resolved_via_decode, 985 chars)"
Leopard Attack in Uttarakhand: Woman Mauled to Death by Big Cat While Cutting Grass in Uttarkashi - LatestLY,2023-05-14,Uttarakhand,,Leopard,Human Death,0,0,1,Woman mauled to death by leopard.,0.98,single_incident,,LatestLY,https://news.google.com/rss/articles/CBMipgFBVV95cUxPLTdXNTN3QXNQa2ZLeTVQUmE2dXVzV0VsMU5PS21wbWNhNDNRQTNBeEVBLW1KVFVld1FLbzN3RUN3anJQei1Hakd5ZUR1dENMdEJVd05ONWt2Q1FKMUhOMjNPTW9lNUpfd2luamloQkMwV3lrdVRSTHUxQU9ENXhKRXN2R05nNFBMdFoyV21NM2x4LU1HLUVEWjVZRE0xNnE2eW5laktB0gGrAUFVX3lxTE13OUNONG0zS045VU1vMmRjSy1BTlJRVy1Tb25KaVY3MHBMQ2xzbkg0TWNKRDZNZEpCM1JFOUd0a3hhSjJVOVg2cFZoVGU5Y1A5N3FFTnd6dkUxWmxRVjlpY2pCU3V6UFhsYTJTX3hsb3I1Ym9aM3l6VkMyclFiWWpiWVZIWlhrWFB6UjZTLUpMT0xJV29kNVlidXQ5cU1kY0pUUkVOYUYxSnRraw?oc=5,,"Leopard Attack in Uttarakhand: Woman Mauled to Death by Big Cat While Cutting Grass in Uttarkashi
Sunita Devi (32) was cutting grass when the leopard attacked her around 7 pm, Uttarkashi District Magistrate Abhishek Ruhela said. The incident happened around 2 kilometres from Badi Mani village in Chinyalisaud block, he said.
Uttarkashi, May 13: A woman was mauled to death by a leopard here on Saturday evening, officials said.
Sunita Devi (32) was cutting grass when the leopard attacked her around 7 pm, Uttarkashi District Magistrate Abhishek Ruhela said. Leopard Attack in Uttar Pradesh: Farmer Critically Injured After Big Cat Attacks Him in His Field in Pilibhit.
The incident happened around 2 kilometres from Badi Mani village in Chinyalisaud block, he said. Leopard Attack in Gujarat: Big Cat Kills 3-Year-Old Girl in Mervadar Village of Rajkot (Watch Video).
The woman was a resident of Badi Mani village, which is around 70 kms from the district headquarters, Ruhela said.
(The above story is verified and authored by Press Trust of India (PTI) staff. PTI, India’s premier news agency, employs more than 400 journalists and 500 stringers to cover almost every district and small town in India.. The views appearing in the above post do not reflect the opinions of LatestLY)","success(trafilatura, resolved_via_decode, 1285 chars)"
Man Killed in Leopard Attack in Indian Village; Authorities Order Capture - Rediff,2026-03-11,,,Leopard,Human Death,0,0,1,Man killed in leopard attack.,0.98,single_incident,,Rediff,https://news.google.com/rss/articles/CBMikgFBVV95cUxNY2h2dlY2MXBSNC00YmJ1OUd3MHZKcHMta2lZRTlBYVRPUC1Dc3p5Z0x5Z1paUDRDVVlWRE9MUEtTa2FWOVZJakE0Sm1PU1ZwUnVveXphWDYwcnBtVmxCcWVjNjFYQXhGU0hiZHUwMS1OVGkzZnNkUW94WUUxOXNPYndUVTM5RGUtdVVmamZkOHVuZ9IBlAFBVV95cUxPTHZINGZPY05Zbm9EdEd2S2s1cGs4VDNqVy1TeGR4eGw5c3YtZGl5elZIVWwyMVJWbmRzdmktVmhTWE1wejBZMFRsSU11NTBEOGZqTUxSc1FnRXRaUkJDNEQ1VVVZLTJOWEVfWE5OM0hkZ3ZiQ2xyTmZZTW05TDl3LVBYT2RsNFQ5NVFMcnlvNmF6VXF1?oc=5,,"A fatal leopard attack in Pauri, India, has led to orders for the animal's capture and sparked concerns about human-wildlife conflict in the region.
Key Points
- A 48-year-old man was killed in a leopard attack near Jamla village in Pauri, Uttarakhand.
- Angry villagers protested, demanding the capture of the leopard responsible for the deadly attack.
- Forest officials have been ordered to capture the leopard, using tranquilisation if possible, or lethal force if necessary.
- Authorities are installing cages and cameras in the area to aid in capturing the leopard and prevent further attacks.
- Compensation proceedings are underway for the victim's family following the fatal leopard encounter.
A man was mauled to death by a leopard in a village here, following which orders were issued to capture the animal, officials said on Tuesday.
The leopard attack happened late Monday evening near Jamla village, 10 km from the district headquarters, where the leopard ambushed 48-year-old Prakash Lal.
When the body was recovered on Tuesday morning, forest officials reached the village where angry residents encircled them and only allowed them to leave when senior officers assured them that the leopard would be captured.
Prakash Lal, a mason from the nearby Chivalu village, was returning to his village after finishing work in another village. The leopard is supposed to have dragged him 50 meters into the bushes.
Villagers learned of the incident on Tuesday morning and after a search, found his body among some bushed off the road. Traces of him being dragged were found on the road, officials said.
Proceedings are underway to provide compensation to the victim's family, officials said.
Efforts to Capture the Leopard
Divisional Forest Officer of Garhwal Forest Division, Mahatim Yadav, said that he has received orders to capture and tranquilise, or failing that, to kill the leopard.
Yadav said a cage had been installed in the area and cameras had also been put in place. He said a team would soon be deployed to capture the leopard.","success(trafilatura, resolved_via_decode, 2048 chars)"
Woman mauled to death in tiger attack in Champawat - The Times of India,2025-03-29,Uttarakhand,,Tiger,Human Death,0,0,1,Woman mauled to death by tiger.,0.98,single_incident,,The Times of India,https://news.google.com/rss/articles/CBMixAFBVV95cUxQX0Jsbjlka0NJTC14cHlmSHRzVFlhSTU1QXVrcTlBcUU1b3BwWWxxUkVPQXE3WnFvMlRJUDhnUVl4MlYzV2F0aU9Yd2JEM1ZGdERBZ3lfOWlxSEpHanZFTDhRRUlqZnhEVVNMN1RiYjBNR05sT0JzZjRoZnJOcHlfZXViMEw3Q3pfSHR5WV9hV0dYZ0lPQ1FqajVnTDBVd0pKNkM5aHhSczRyd1ZGZS1EYVNLRnJudDdNbkFsbm1BbU95TjVS0gHKAUFVX3lxTFBXbGpvZ0dPa054YnY5V1NWWXg2dWNZS2dTTk9rdFJDdThyZ3o2RHYzZUZtbnplR1Z1dXhJMDRlZVo1alBVTlFVcjVPM05aUkVqVXNsUEllLVRCb3k1OUlaQzY4bm9Ra2w1dmxSMjJndHNpbFJFZTdsdzF6cldLTFYzclRhWmFBNkJBcGVyVzQ2Tm9pYkNPOUVPTEMtenhvbVdYLUtEOUxqelVZOU8wN2JERUsyUFRNZ196dUVZMTN6OFJGNkYtaHcyRmc?oc=5,,"Rudrapur: A 45-year-old woman was mauled to death by a tiger near Devipura-Majhgaon village in Champawat district on Wednesday. The attack occurred in the Khatima range forest, about 2km from the village, while she was collecting firewood with five other women. 
The tiger attacked Virma Devi from behind and dragged her deep into the forest. A search operation was launched by a forest department team after the women accompanying Devi rushed back to inform villagers. Devi's mutilated body was found in the bushes three hours later, about 500m from where she was attacked. After a post-mortem exam at Tanakpur hospital in Champawat, her body was handed over to her family, said Surendra Singh Koranga, SHO of Banbasa police station. 
Khatima sub-divisional forest officer Sachita Verma said evidence from the site confirmed a tiger attack. She added that necessary measures were being taken to ensure public safety. 
Residents in the area said they were afraid to step out of their homes, especially in the evenings, as this is the second tiger-related death in the region in two months. In Feb, a 35-year-old man was killed while grazing cattle near Tukdi village in Nanakmatta area of Udham Singh Nagar district. ""We demand immediate action to capture the tiger before another tragedy occurs,"" said Deepak Chandra Rajwar, head administrator of Devipura. The forest department has intensified patrolling in the area and plans to install a cage to trap the tiger. 
Since its formation in 2000, Uttarakhand has recorded a high number of fatalities due to tiger attacks. From Jan 2000 to Dec 2023, 551 people were killed and over 1,833 injured in leopard and tiger attacks combined. 
The number of tiger-related deaths has fluctuated in recent years. In 2022, 11 people were killed, which doubled to 22 in 2023. Seven such deaths were reported in 2024. With Uttarakhand's tiger population increasing from 442 in 2018 to 560, human-wildlife conflict has risen, driving the need for urgent and effective strategies to ensure the safety of both humans and wildlife.","success(trafilatura, resolved_via_decode, 2062 chars)"
Bear attacks renew Tral concern - PressReader,2026-09-04,,,Bear,Human Injury,0,0,0,Bear attacks raise concern in Tral.,0.5,single_incident,,PressReader,https://news.google.com/rss/articles/CBMigAFBVV95cUxNam9OZzNNeVQ1UkdPc2IyMHphRjRxaHc2RmJGQm5DZEZSNzdSYmNqZEVnUU5IS19paG1GWE9WalhlSlBLWnA3eUJmSEhIUWtzbWItNmFrVDJDaTdHbEw5UHIzYkhDVGZHUFlsdlJjcEx4ckNpUUFTQkt1QWl2Y2w3NA?oc=5,,,extraction_failed(after resolved_via_decode)
Bear Mauls Man To Death In J&K’s Doda - Kashmir Observer,2023-10-06,Jammu & Kashmir,,Asiatic Black Bear,Human Death,0,0,1,Man mauled to death by bear.,0.98,single_incident,,Kashmir Observer,https://news.google.com/rss/articles/CBMigAFBVV95cUxOV0JJTUJPYTlvZFA1eFhXcnRFNHdVYS1HSFVtLURoMWczdTQ3aGNlVFg2WnNFYmNiSURldi1mcHNCUXd4S25aeUlfRVNmaVBZaFY0bTNjdXcxTHVEOVFreHppMzlqZWhkeFhPSktVSXpvQ2xMbDVWZG9xSWxDcjR6UA?oc=5,,"Srinagar- A man was killed on Friday in an attack by a black bear in Doda district of Jammu and Kashmir.
Mushtaq Ahmed of Kathawa Khanpura village was attacked and injured by a black bear near Bhendoga Nullah on Friday morning, reports said. Ahmed, who sustained serious injuries in the surprise beast attack, was removed to a nearby hospital for treatment.
However, before the doctors could start his treatment, Ahmed succumbed to grave injuries.
Meanwhile, the locals have appealed to the authorities to capture the wild bear so that no more human lives are lost due to such attacks by beasts.","success(trafilatura, resolved_via_decode, 595 chars)"
2 injured in separate bear attacks in Tral - Greater Kashmir,2026-09-04,,,Bear,Human Injury,0,2,0,Two people injured in separate bear attacks.,0.98,single_incident,,Greater Kashmir,https://news.google.com/rss/articles/CBMilAFBVV95cUxNeTMzejFvczlGeHRoRzBFZ3AwV2hhU1F1Q2VWOGhsR0JsODhqQ01FTXJkV1dycXFFcjU3dXRaQ0R6YVhvcXVGcEtSMDhQUmM0dC1OVWNuX2tvaFZkczhubTZLd2JKbkFBUG9VWEt3Z29hbXBpUHdtcXhRQl83bF8zbkZOVUsxZXVNYWVsRkFCMHlWTXV10gGaAUFVX3lxTE02cndwRTQ4aDRTQ2Exb0FVdXNON2hWWS00MWRCWHFBUVB0c3VuSDJKS05WeEZEUmJMMHBsSGE5U2ltM0xpMjBNaFdzSDhzQWpidkNTeHVLYlNIOUdSNTlueW5jV1BTU3c3LTZTbUdkcjJxRU9nVkxDVEstMnlHTExSVjFrZjFuTm5aNEtRaE05cmVIRmpVUVd0bnc?oc=5,,"Pulwama, Sep 3: Two people, including a woman, were injured in separate bear attacks in Tral areas of South Kashmir's Pulwama district on Thursday. In view of the increasing frequency of such attacks, the Wildlife Department plans to use radio/GPS collars to track animals trapped in populated areas and released back into their natural habitats.
Ghulam Nabi Bhat, son of Abdul Rahim Bhat and a resident of Syed Abad Pastuna, was injured when a bear attacked him in Pastuna village. In a separate incident at Tral Bala, a woman identified as Shareef Begum, wife of Riyaz Ahmad Bhat, was also injured in a bear attack.
Shareef Begum was initially taken to Sub-District Hospital Tral and was later shifted to SMHS Hospital Srinagar for further treatment, according to news agency KNT.
The incidents have brought renewed attention to a question that has remained difficult to answer in Kashmir's recurring human-bear encounters: what happens after a bear is trapped and released away from a populated area?
Wildlife Range Officer Khangund, Tral Range, Muhammad Younis told the news agency that the department has trapped dozens of bears from different areas and released them in their habitats. He said the proposed use of collar-based tracking would help determine whether animals released after capture subsequently return towards residential areas.
""Our team traps the wild animals wherever they appear,"" Younis said, adding that tracking the animals after release would provide a clearer picture of their movement and behaviour.
The proposed approach is not without precedent. Kashmir has already been part of radio-collaring research involving bears. A Wildlife SOS and J&K Wildlife Protection Department project launched in 2023 fitted six Himalayan brown bears with GPS-enabled radio collars to study their movements, habitat use and interaction with human settlements.
Earlier Wildlife Institute of India research in the Dachigam landscape also used radio-collaring to study Asiatic black bears, including their movement and use of different habitats. Such tracking can show whether a captured animal remains within its release habitat, moves towards human settlements or repeatedly follows particular routes.
The significance of such monitoring is growing as bear encounters continue to occur around villages, orchards and other areas of human activity in Kashmir. A recent study of human-black bear conflict in South Kashmir has linked the problem to factors including habitat degradation and reduced natural resources, while researchers have also examined how bears use landscapes containing both forest and human habitation.
J&K recorded 15,661 human-wildlife conflict incidents over two years, with 32 deaths and 350 injuries, according to figures presented by the government in February 2026. The figures underline the scale of the challenge facing communities as well as wildlife managers.
For Tral, Thursday's two attacks again bring the issue into sharp focus. If collar-based monitoring is introduced, the resulting movement data could help establish whether repeated appearances of bears in residential areas are linked to the same animals being relocated, their habitual movement routes, availability of food near settlements, or broader changes in habitat use.","success(trafilatura, resolved_via_decode, 3278 chars)"
"Woman killed, another injured in bear attack in Chamba’s Kalwara forest - Himtimes",2024-09-13,Himachal Pradesh,,Asiatic Black Bear,Human Death,0,1,1,Woman killed and another injured in bear attack.,0.98,single_incident,,Himtimes,https://news.google.com/rss/articles/CBMilgFBVV95cUxOdk5kZkRsQ2tjYWVRZWpCMENwLW53ZjcwQS05OXZZZ2F4WDJHOWVEQi1JcWNoVkROQm85UmxwSUJYY3dzNVc1VjE0NkVMb1JCbFdTalJFN0dYdmZHeDVMZHpYc0J4V20xelhXMGF4QVc0T2Ytb1dkNmk1dHczMGNiTENUU1JXQkk2TnFqSGQ1RUdRMmZraWc?oc=5,,"A woman was mauled to death and another seriously injured after being attacked by bears in the Dhimla panchayat in Chamba on Friday. The victims, Pinki Devi (44) and her sister-in-law Thanthi Devi (56), were collecting fodder for their cattle in the Kalwara forest near their village when the bears attacked them.
Pinki Devi succumbed to her injuries, while Thanthi Devi, who sustained serious injuries, has been admitted to Pandit Jawaharlal Nehru Government Medical College, where her condition is stated to be stable. According to Pawan Kumar, the deceased’s nephew, the incident occurred around 10 am. Villagers rushed to the scene after hearing their screams and managed to scare the bears away. They then rushed the victims to a nearby health facility, where Pinki Devi was pronounced dead on arrival.
A team of forest department officials arrived at the scene and are taking measures to drive the bears back into the forest, including bursting firecrackers and making loud noises with drums. Chamba Chief Conservator of Forests Abhilash Damodran said an immediate relief of Rs 10,000 has been provided to the family of the deceased woman and Rs 5,000 to the family of the injured. Further compensation will be provided to the family of the deceased once the case is processed.
The forests in Chamba district are home to several wild animal species, including Himalayan Black Bear and Himalayan Brown Bear. Bear sightings and encounters are common in Chamba, with black bears often venturing into habitations in search of food, resulting in encounters with humans. Several bear attacks have been reported across the district this year, highlighting the ongoing human-wildlife conflict in the region. Recently, a bear had ventured into a sweet shop in Jot village, and in another incident, a female bear and her cub were electrocuted to death after climbing an electric transformer in Dalhousie town.","success(trafilatura, resolved_via_decode, 1905 chars)"
Bear mauls man in Tral’s Gulshanpora; locals flag wildlife threat - Free Press Kashmir,2026-08-24,Jammu & Kashmir,,Asiatic Black Bear,Human Injury,0,1,0,"A bear mauled a man in Tral, highlighting local wildlife threats.",0.98,single_incident,,Free Press Kashmir,https://news.google.com/rss/articles/CBMiqAFBVV95cUxQWG1wdUJsZlQ2M1VnczA0azBWMVdRTkFqRUFsOEhVNGtPa1h4LXdObWs0ck1lYW84aGdxNVFrd0tfM1FsSkFrcDNHUE5xX2FIdzl2N0M2eVFwNURndW1xa1RjaF90T2JUNE1FV1U5eGVCOGoxRXJFSnhlb1E2WnBHV2dsZVBtV1M0MGdsaG1mTktMSUc2Q1YxcDNUQ3R1ZkpIaHhWZjlwennSAa4BQVVfeXFMTXY3NVMtVFBrSHEtdkxGbWI3alk3S3ctM3FuQWF1RXh5OGNQME9mT1Z6c1kyTlVfMXV0NFN4THRhTWFfUHVTaERKczJuc1dlaVRYSWNUcFJsdUtRNnNhSm9DTVpIMzI1eW5rZlhUSWZ5NEhBVk8yZG5RSW52NlhrY3oxZlpIS3p4VThXVmlCQ3h1R2tmSW5IdFRXYjU2aUtTWEJCOTZ6YWhmVXBrYmt3?oc=5,,"Pulwama: A man was injured after being mauled by a bear in the Gulshanpora area of Tral in South Kashmir’s Pulwama district on Monday.
The injured has been identified as Muhammad Anwar, a resident of Gulshanpora.
Following the attack, Anwar was shifted for medical treatment and was subsequently referred to the Sub-District Hospital (SDH) Tral.
Locals have alleged that despite apprising the Wildlife Department about the movement of wild animals in the area, nothing is being done to save the humans and cattle. [KNT]","success(trafilatura, resolved_via_decode, 519 chars)"
Bear Attack Leaves 3 Injured In South Kashmir’s Pulwama - Kashmir Observer,2025-09-16,Jammu & Kashmir,,Asiatic Black Bear,Human Injury,0,3,0,Three people were injured in bear attacks in Pulwama.,0.98,single_incident,,Kashmir Observer,https://news.google.com/rss/articles/CBMimgFBVV95cUxQckZPLWVvNTRtMWZGVE5QVTdGUTYyZlE2QzhXZ2ZlMC0yRVhCVVBURDdqa19RazNqU1FVMXZxRDh0ZjFueTJrVDhIS2tYY2psTkxqcU5GNHd5VE9JNVVXcW9wUkhVaGgzUzNiQnB3NXZuYzNlQUdvcGg2NHpEb1czbGtyTGFWWVhCRWh0OWcya1hDbDVuMnBQV19R?oc=5,,"Srinagar- A wild bear attack in Zantrag village of Khrew area in Pulwama district of South Kashmir on Tuesday left three people injured, triggering panic among residents.
Officials said the incident occurred when the wild animal strayed into the village and attacked locals. The injured have been identified as 35-year-old Afroza Bano, wife of Ghulam Hassan Lone of Bathen; 30-year-old Maimoona Bano, wife of Mushtaq Ahmed Bhat of Zantrag; and 35-year-old Mukhtar Ahmed Mir, son of Ghulam Mohammed of Zantrag.
The trio sustained injuries during the attack and was immediately shifted to SMHS Hospital Srinagar for advanced medical treatment. Hospital sources confirmed that all three are undergoing treatment and their condition is being closely monitored.
The sudden appearance of the bear sparked fear in the area, with villagers urging the Wildlife Department to intensify surveillance and take measures to prevent recurrence. Locals say wild animal incursions into residential areas have increased in recent past due to shrinking forest cover and human encroachment near habitats. (KNT)","success(trafilatura, resolved_via_decode, 1090 chars)"
Two Injured in Separate Bear Attacks in South Kashmir - Kashmir Life,2026-09-11,Jammu & Kashmir,,Asiatic Black Bear,Human Injury,0,2,0,Two individuals sustained injuries in separate bear attacks in South Kashmir.,0.98,single_incident,,Kashmir Life,https://news.google.com/rss/articles/CBMijgFBVV95cUxPemJUbVU2V2lnVDQ5OVp2VDd5VWttYlBqWGV6NWtpR2JCbk5oOFo5NHN1Nko5Y2pZeUluTS1hTlU2QUFjVHdOSWVFX09MUmFWQzY4OGFDcnNJR3ZoZ0ZLN2owNmxOeUU0YndfMVMtLVA0cFByMmEtY3pvcVpDVGdrdFBsRVJxeDBKSV93ZHdn?oc=5,,"SRINAGAR: Two people were injured in separate bear attacks in south Kashmir’s Pulwama and Shopian districts on Friday, officials said.
A woman was attacked by a bear in the Handoora area of Tral in Pulwama district. She was identified as Hajra Begum, wife of Ghulam Ahmad Khan and a resident of Handoora.
Begum was taken to Sub-District Hospital (SDH) Tral for treatment following the attack.
In a separate incident, a 40-year-old man was injured after being attacked by a bear in an apple orchard at Sedow in Shopian district.
The injured man was identified as Sadiq Ahmad Thokar, son of Abdul Rahman and a resident of Sedow. He was shifted to Sub-District Hospital (SDH) Shopian for medical treatment.
The incidents have raised concern among residents, with locals in Handoora urging the Wildlife Department to take immediate preventive measures in view of increased bear movement in the area.
Authorities have taken cognisance of both incidents.","success(trafilatura, resolved_via_decode, 948 chars)"
Bear mauls man in Shopian’s apple orchard - Greater Kashmir,2026-09-11,Jammu & Kashmir,,Asiatic Black Bear,Human Injury,0,1,0,A man was mauled by a bear in an apple orchard in Shopian.,0.98,single_incident,,Greater Kashmir,https://news.google.com/rss/articles/CBMikgFBVV95cUxQd1h3NGQzNUVjMHk3TmhWTkdncjROWTM1M3UzXzd5a1FxYXc3dEpSOUlPV2plTE43U09PSEFWa3k5VFpEY29UMzNSSi1NR2RQT3ZLSGlEQW1sZTVhSzFscDlzTU5vMVJKUnI1RGpvVlNKbFJmZC0ySDhWWlVLRzhBV3oxMVZBLUU0YmxEZXVHb3FMQdIBlwFBVV95cUxOQlZPYzFNcnZ4blU3YzlEYVZkV1ROMDdlTUxXc2ZVS0ZSdDJZLU5jbHdfT0ZVMFJVaVpTaXFJM2pFOWhHbXluTk1lMEVHNDEtTWo5bXZwY2xBcUJ3N1d2M09fWDVFNml1S0lnX3JCZmhSUDRJV2F4NUVKM2U0QzZTc3BENm9zc213RThvWHoxNm52Y1NmeWgw?oc=5,,"Srinagar, Sep 11: A 40-year-old man was injured after being attacked by a wild bear in an apple orchard in the Sedow area of Shopian district on Friday.
An official said that the man was attacked by the wild animal in the apple orchard at Sedow, Shopian.
He said the man was shifted to Sub-District Hospital (SDH) Shopian for treatment. He was identified as Sadiq Ahmad Thokar (40), son of Abdul Rahman, a resident of Sedow.
Meanwhile, cognisance of the incident has been taken.—(KNO)","success(trafilatura, resolved_via_decode, 484 chars)"
Three women seriously injured in bear attacks in J&K's Poonch - Greater Kashmir,2026-06-18,Jammu & Kashmir,,Asiatic Black Bear,Human Injury,0,3,0,Three women were seriously injured in bear attacks in Poonch.,0.98,single_incident,,Greater Kashmir,https://news.google.com/rss/articles/CBMirwFBVV95cUxNLUF2VmlncWxhWHdGdnc1eXA5dFFaVVNCdnhOSGQ2aVRqMjUxUEtNVWkwNnMzZEViNEhZRThON3NGcW1jaFlJNHZSYm1VQUlUbFFwV2VjQVBpQWMwRUJ1US04QUVTZG1HNldoaDd5RXZWX0RnRUJaSDhwX3JOX1h4TnpMVGZCVnhLSHAycmpNMG5CVEh4SURyN3RQZkZZVER0OS1YQ3daenVOVHRwdV9V0gG0AUFVX3lxTE1CWEs2RlFCSk1KTGdTYThzM0xzVFVOc3JyMEV4ZFRya2hSWDRXVWN1cUpCUHVTdFlsSVFmQXRXR256MlREcjhFNE9rQ2Zvb0g2NmFXejgtUy1pUUNHeDk5aVV5Q2FVWlhsRnhhRmVIUGtZd3dPUlBXSmtyalNNNWdrZ1l4ajUxNXpVbWZUZHFLVHFpRThVN3dDTjJQRFFuUUVCQkZsbWtLWGtfUVhlYmUxZ3MwRg?oc=5,,"Three women seriously injured in bear attacks in J&K's Poonch
According to local residents, the bear attacked the women in the Biddar and Chhamber areas while they were engaged in their routine daily work. The sudden attacks left all three women with serious injuries.
Three women were seriously injured after being attacked by a bear in two separate areas of Mandi tehsil in Jammu and Kashmir's Poonch district on Thursday.
According to local residents, the bear attacked the women in the Biddar and Chhamber areas while they were engaged in their routine daily work. The sudden attacks left all three women with serious injuries.
With the help of local residents and police personnel, the injured women were rushed to the Sub-District Hospital, Mandi, for treatment. Due to the severity of their injuries, two of the women were referred to District Hospital Poonch after receiving initial medical care.
The injured women have been identified as Najma Akhtar, daughter of Abdul Karim and a resident of Chhamber; Shaheen Akhtar, wife of Mohammad Parvez and a resident of Biddar; and Gulnaz Akhtar, wife of Jalal Din and a resident of Biddar.
Doctors said that two of the women sustained critical injuries and are undergoing treatment at District Hospital Poonch, while the third woman, who suffered comparatively minor injuries, is being treated at Sub-District Hospital Mandi.
The incident has created panic among residents of the area, who have urged the authorities to take immediate measures to prevent further attacks by wild animals.","success(trafilatura, resolved_via_decode, 1539 chars)"
45-year-old man critically injured in bear attack in Anantnag - Free Press Kashmir,2025-09-21,Jammu & Kashmir,,Asiatic Black Bear,Human Injury,0,1,0,A 45-year-old man was critically injured in a bear attack in Anantnag.,0.98,single_incident,,Free Press Kashmir,https://news.google.com/rss/articles/CBMipgFBVV95cUxPYVItM0FYaF9VeGVtc2dmSnVxazNBa2p2XzZiZk5jWEtpNW5rR2IxZUFSOURlVUdwaGlnRzRTZlZGVnQtY1JJdGhhUkJ1UU1BbGhRaUxibzRTRm5TRzl1Sk8zamxWeENicDNuSVhzcVNpN0xXZnpwNE1kUWY4YTM0WkhaMXpvM2pCekNHLWw3c1RNS0NiSHg2OU1rcm1nQlhwSldQVUV30gGrAUFVX3lxTFBCRlFiUGlHT3pQMmlBYm9GUWpKc2RreExlV0QtQ0pvNXJJVndoYW5tUWtfN1g5VVJzMUlUR2FNNnpzdUVkQjB2U0NBNGkxQVVBVERsMmdlc1cwNlBOdkE4cWVXSzB4Z1hOY0NYaHJQenZYLVl6alU5eEx1R2ZHaEpkU3ZiTmxGa0kxQjZlZm1IUmVZOUtqdzRabEZubW1jT25kMkRnOEFtXzFZUQ?oc=5,,"Anantnag: A 45-year-old man was critically injured after being attacked by a bear in Ainoo Brai Aishmuqam area of Anantnag district in South Kashmir on Sunday.
According to officials, the victim was attacked by a bear this morning while he was working in his paddy field, leaving him critically injured. He was immediately taken to PHC Aishmuqam, from where he was referred to GMC Anantnag for further treatment.
He has been identified as Manzoor Ahmad, son of Abdul Ahad Mir, a resident of Ainoo Brai.
Meanwhile, police have taken cognisance of the incident.","success(trafilatura, resolved_via_decode, 559 chars)"
Man in Azad Kashmir killed in bear attack - Aaj English TV,2023-10-07,Azad Kashmir,,Asiatic Black Bear,Human Death,0,0,1,A man was killed in a bear attack in Azad Kashmir.,0.98,single_incident,,Aaj English TV,https://news.google.com/rss/articles/CBMihAFBVV95cUxPdmpRT2dENHhJbWNyYUVETzRjejR4Vkppckh5MGRaWFJCY3RKVkVnNUd6MXp4amtjWmdlODBXQVFJYmthaGFoNTItMVdCaVo0cnJfdXFibHN3VExrWF84ZXZFTmpiaE40VFV2cGNMNjRjZUd4eUVwLXAwclYxcGpYdk16bG0?oc=5,,,extraction_failed(page_fetch_failed after resolved_via_decode)
Bear kills 60-year-old man in Poonch - Greater Kashmir,2019-05-11,Jammu & Kashmir,Poonch,Asiatic Black Bear,Human Death,0,0,1,Bear killed a 60-year-old man in Poonch.,0.98,single_incident,,Greater Kashmir,https://news.google.com/rss/articles/CBMif0FVX3lxTE5IelVWTWxnRlppak50b2VEVDVxU1NfNkdKaXBMUEFoVGk4OGM2UThkNzdHMzNJSWpWU1ZROEFOa1JHSVFCbDVkajVXeGFrdzA3cTRUQW95RkhjaDR0Z0RULVA5cXdjdkJSVTRtUWdOWkxDRDdGTDZjaHdYUnNtUlXSAYMBQVVfeXFMTjAyaVBGMFhaaFBnd2lTU3EtOVZHajdsS2tLcGFseGY1eFFWQU5aMGtvTWRDRHFVRGhTUzFmdzFtYkVTWTRqM24wU1Y4VmJvMWk3dHA4eTlNRHZBZWI4UG5XcWQ1aHJGSFpIcVpiWkZwQlVPXzhtLVFrZnB0SVNXVFhtbGs?oc=5,,"A 60-year-old man was killed in an attack by a bear in Poonch district Friday night, officials said.
Fayaz Ahmed Chouhan was attacked by the wild animal in GaliKalaban village which came out of a nearby forest, they said.His body was recovered from the spot later,officials said.","success(trafilatura, resolved_via_decode, 279 chars)"
Leopard Kills Boy In Uri - Kashmir Reader,2024-06-06,Jammu & Kashmir,Uri,Leopard,Human Death,0,0,1,Leopard killed a boy in Uri.,0.98,single_incident,,Kashmir Reader,https://news.google.com/rss/articles/CBMib0FVX3lxTE9kQmlmMUZzbGdKVGF4QkRadnZkeWtqY0JfY3JhcXJKNUI5UkpmWnd0N0VMcDViWm5Eam5TNkdvSUF4MnZLQlhRRklRNURDZmVnUHJ2aHhXcnNoQllLaFJKZWdtQmhsWTJWUWRsVGlqVQ?oc=5,,"Srinagar: A 5-year-old boy fell victim to a leopard attack in Uri Baramulla on Wednesday afternoon.
Locals told GNS that one Junaid Hussain, son of Zambeer Hussain of Zamboor Pattan Uri was pounced upon and dragged away by the leopard to nearby forests, while he was outside his home.
The family and locals chased the leopard, however before they reached, the wild animal had left the minor boy in a pool of blood.
The minor boy was declared dead by doctors at SDH Uri. (GNS)","success(trafilatura, resolved_via_decode, 475 chars)"
"Bear Attack in Uttarakhand: Farmer Mauled to Death by Wild Animal, Body Found in Cave in Uttarkashi (Watch Video) - lokmattimes.com",2024-05-30,Uttarakhand,Uttarkashi,Asiatic Black Bear,Human Death,0,0,1,Farmer mauled to death by bear in Uttarkashi.,0.98,single_incident,,lokmattimes.com,https://news.google.com/rss/articles/CBMi5wFBVV95cUxQMUtmTWI2bm81eG9Nd0t0SWlEMTlCUFJnY0RIMmxLNHBCcGVfVUx4cWdnaE1zR0c4UGhTekFMX25nQTRfR2VWaEpGRDBKVHZnZGd5LVN0YUVmU3JzeWlvVUd0QXgtUldzN1lteVFTWXNQdFBoaC1pU3dCb2hja2lweFFSQkd6Ty1iU0VGSFpUdGNUZmJDN21sWWROSktjbDJ1TEk1TEFreS1rX2h5Ym9pMllTYURiQWVEWk5MdDktRTZxQmR3c0I1ZDNUeUFycUVSQnpSd2hGMUpqQnRwbEJsLWNydll3NGs?oc=5,,"Bear Attack in Uttarakhand: Farmer Mauled to Death by Wild Animal, Body Found in Cave in Uttarkashi (Watch Video)
By Lokmat English Desk | Updated: May 30, 2024 17:29 IST2024-05-30T17:26:40+5:302024-05-30T17:29:42+5:30
A dead body of a farmer was found dead on Thursday, May 30, in a cave with marks of ...
A dead body of a farmer was found dead on Thursday, May 30, in a cave with marks of bear's claws on the chest and other parts of the body. According to the reports, a man from Raithal village of Bhatwadi block of Uttarkashi went to graze goats in the forest.
Also Read | Kolhapur: 7-Year-Old Boy Dies in Monkey Attack in Gadhinglaj
The body was recovered from the cave by the forest department team on Thursday and sent to the district hospital for the postmortem. Deceased, Ajay Rana of Raithal Village had gone to graze goats in the forest on Wednesday, when he did not return home till late evening, his family members registered a missing complaint after which forest department and police team conducted search operation in the area. After searching for hours on Thursday, they found a body from a nearby cave.
Visuals From the Cave Were Forest Officials Retrive Body of Farmer
यह हृदयविदारक था, उसके शव पर भालू के पंजों की दरिंदगी के निशान थे। भालू उठाकर एक गुफा में ले गया और उत्तरकाशी के भटवाड़ी ब्लॉक के रैथल गांव के युवक की मौत हो गई। यह युवक बकरी चराने जंगल गया था और भालू ने हमला कर दिया। वन विभाग ने खोजबीन की तो शव गुफा में मिला।
दुःखद pic.twitter.com/6JK5F8PB0e
Forest officer Taknaur Rupmohan Nautiyal said that goat herder Ajay Rana died in a bear attack. There are bear paw mark on Ajay Rana's body at various places. The body has been sent to the district hospital for postmortem. The forest department will provide compensation to the victim's family as per rules.
Open in app","success(trafilatura, resolved_via_decode, 1803 chars)"
Fear grips Mussoorie residents as leopard attacks hotel worker on street - The Times of India,2016-11-18,Uttarakhand,,Leopard,Human Injury,0,1,0,Leopard attacked a hotel worker on the street in Mussoorie.,0.98,single_incident,,The Times of India,https://news.google.com/rss/articles/CBMi4AFBVV95cUxQcjl2QUQwek5oVVZzRnQ5UDVXNk1HNmRHaVl4NXpYZnJXSFZwQktYMktndWYxb1RwLUwtMkNLR0Q1VFlWRU1KUDF3N0IwdnZaRWRTalhlRFNlY3dhei1MUUVlTTZVR3FaTnVXM0tPUFdvWXRyeVpwVFJLX1JKUjZ3Tm14YXl6dzJKcHVENm1paHNNRVRjcWlXbEpWZ1ZtdXE2NEVvTno5dEVfQm04ZUxlb1EtZmdHX2Voa1NQTTBzaHBERXlYc2tXeXRjcGdhXy1ScUZidE1xUm5GTW50YlY1ctIB5gFBVV95cUxORjB5cnRLcDROX3N2Tjl5bk5xYXQ0SUpHa1ZGdVppNWhFYi1IQnZ4Z0hadXFfSUw1RmJEcWo4NDI5N01ZT0llZlBxczhTREV1dmlfbjhKNW9pbU91VnVkbTN3UTI3LXRxZzhSbHM4amlvSkRRMFNma2NFNnFuLUlSRU5IYkVuTXB0UEZ5Wm9KS1RXNnMzcU9JVDhBcThvV2hxTXlBT2hLcHNnOHlTT1RzdnhnbTZJcUgwRzRYUGZiWFdTdm5Sb1lSalNtTmthN21DMnpST0lST181TnIyeU9wSHJLOHhtZw?oc=5,,"MUSSOORIE: Fear has gripped the residents of Mussoorie after a 34-year-old man was attacked by a leopard on the busy Gandhi Chowk. Monu Thakur, who works at a local hotel, was returning home after work when the big cat pounced on him on Wednesday night. Thakur told TOI that he fought off the animal with his bare hands and is glad that he lived to tell the tale.
âI had seen the leopard near my employerâs residence in Gandhi Chowk earlier in the evening. We had used crackers and sticks to scare it away. But the leopard sprang up on me later that night when I was walking past that route. If it wasnât for my jacket, the animalâs claws would have dug deep into my skin. I held the front paws of the animal to save myself. At the same time, I took the support of the railing I was leaning on and pushed the leopard. It fell back and I ran for my life.â
 Captain Kamaljit Singh, the owner of the hotel and near whose residence the attack took place, said that he had sighted a leopard cub in the evening. âIâve seen leopards in forests but to see it on a busy location like Library Chowk was surprising,â he said. Residents said that this was the fifth leopard sighting since the last week of October. A female leopard was spotted on the Woodstock School road in October and days later, a giant leopard was caught on three CCTV cameras on Camelâs Back Road. There were two more sightings on Spring Road.
 Meanwhile, officials from the forest department have instructed people not to step out alone at night and have also promised increased vigil. âThis was a rare incident. The cub had lost its way from the jungle and come to the town. The mother came looking for the cub and was aggressive for the same reason,â said forest officer Hoshiyar Singh Pundir.
 Local residents said that the sightings seem to have increased over the years. Khushpal Singh Chandok, a local resident said, âMany of us have seen leopards in quieter parts of the hill town in peak winter. This time of the year is a little too early for them to be around.â","success(trafilatura, resolved_via_decode, 2033 chars)"
Fourth human kill by Corbett tiger in 2 months - The Times of India,2023-12-08,Uttarakhand,,Tiger,Human Death,0,0,1,The fourth human killed by a tiger in Corbett in two months.,0.98,single_incident,,The Times of India,https://news.google.com/rss/articles/CBMivAFBVV95cUxPUnVIZlRETjlSNDFlektUTGJpRUZhOUtJdXlFenN5aUxKNjlxcnRaOXRXUGNpNHVId1BiNXg2TGFXQzZab3NyanVhR3JIYzlGaWhNVklNODFjeHZUZ3p1S0dsNUYxcjJDa1NVbU1ieVZxYnlEWEpxVm13NGVBSVV6SXZFdG9ENGxCLWNLSEI3MlAzdFN1elBxZ2V3YjB0TlJiZjY2TW91ZHlyR2VJamd4Wm53b3NDdU1fbDJlStIBwgFBVV95cUxPeDNEQTBETkI4cDhVclp2QmRhQ285dmtpMldDRi1RZEFLSkxHVDRIY3ZKdnZmLTJwejJ1bWJUcWRPRk1hMXJISVMyQUJrZmFPam42QW1JYVVLRlFrcS1mMWVNV0taXzg2b2hqRG1wa2U4UGlwSGkydUdUdVBlWWY3Z2ZxT3UxSk55T0xnVzRlTjlYbWxDa3BGMi1BWEhWbG0tYzFsT3gwczlhUmZ4cXhxS21RSVVYWmNoVFdyV3hGLS1fUQ?oc=5,,"NAINITAL: A 32-year-old woman of Patrani Kargil village near Nainital was mauled to death by a tiger in Corbett Tiger Reserve (CTR) on Wednesday, marking the fourth human fatality since October 18 in the reserve. Earlier, three workers in the reserve were killed by prowling cats in Bijrani and Paterpani areas in November and October respectively.
This year, Uttarakhand has had at least 9 human lives lost to tiger attacks, with four occurring in CTR alone. While four people were left brutally injured in the attacks in Corbett, nine tigers have also died this year in the reserve owing to multiple reasons ranging from agerelated ailments to territorial fights. âIn the past six months, our staff has con- ducted workshops sensitising around 2000 people in and around Corbett about the increasing tiger population. Despite this, villagers often neglect the importance of taking precautions.
In the recent incident, the woman had ventured almost a kilometer inside the forests to collect wood,â said Dheeraj Pandey, director of CTR. He added that âa drone team and camera traps have been deployed to identify the tiger.â
According to officials, the victim of the recent attack, Anita Devi (32) had gone into the forest with two other wo- men to collect wood when a prowling tiger attacked Anita. Frightened, the other two women ran away and informed forest officials about the entire episode. After combing the area, they found Anitaâs body around 1 km inside the forest.
According to wildlife conservationists, the rising cases of human-wildlife conflict are mainly due to rising wildlife population, fragmentation of habitat, encroached wildlife corridors and urbanisation of fringe forests area.","success(trafilatura, resolved_via_decode, 1701 chars)"
CRPF jawan injured in leopard attack at camp in Kashmir - Telangana Today,2025-12-24,Kashmir,,Leopard,Human Injury,0,1,0,CRPF jawan injured in a leopard attack.,0.98,single_incident,,Telangana Today,https://news.google.com/rss/articles/CBMiigFBVV95cUxPNWFqZGdnbDVydmRkcC1SOGh6MFV2MWpSbW9IcG9vUzV5X1ZaTmZHNzQxaHgtVm1UUmFQV045cExsSUlTZGZWVnVmQ2ZiMl9keWRZR0tocXk3N0xNZUJqTW54OXkyN2NDcEhrV0dRR1hnQlcweU05bU15VFRWR2dBWUpxanJIWkcxYUE?oc=5,,"Home |India |Crpf Jawan Injured In Leopard Attack At Camp In Kashmir
CRPF jawan injured in leopard attack at camp in Kashmir
In Anantnag, Jammu and Kashmir, a CRPF jawan was injured when a leopard entered a camp in Kapran during breakfast. The animal attacked him before fleeing into the forest. The jawan is receiving treatment at a nearby hospital
Srinagar: A CRPF jawan was injured after a leopard attacked him at a camp of the paramilitary force in Jammu and Kashmir’s Anantnag district on Wednesday, officials said.
The leopard strayed into the CRPF camp in Kapran area of Verinag in south Kashmir while personnel were having breakfast in the mess, they said.
The animal attacked one jawan before fleeing into the nearby forest, the officials said.
The injured jawan was rushed to a nearby hospital, where he is undergoing treatment, they added.","success(trafilatura, resolved_via_decode, 850 chars)"
Six Sheep Killed in Leopard Attack in Boniyar - Kashmir Life,2026-09-05,Kashmir,,Leopard,Livestock Attack,6,0,0,Six sheep were killed in a leopard attack.,0.98,single_incident,,Kashmir Life,https://news.google.com/rss/articles/CBMigwFBVV95cUxNUVpNd0dzZUtmbUpfY20yNDZVbUEtazVqTnhOWENlQkpXMVNtVEpZaXZzTFI1Q19QdnhVSDVSVXVHSkdONkRNM1B6MmRabUtMNU8xWnU4cGVrT1NIVFNOUnhCWERPZ2hGOU1nS3NlQVFvWm13QmxvdlhUVTlSd0EwSVY0Zw?oc=5,,"SRINAGAR: At least Six sheep were killed after a leopard entered a livestock enclosure at Barnate in Boniyar during the night, triggering concern among local residents.
According to reports, the leopard entered the enclosure and attacked the livestock, killing six sheep.
Following the incident, officials from the Wildlife Department visited the site and assessed the situation.
Residents have expressed concern over the leopard’s presence, particularly as a school with more than 300 students and a residential area are located only a few metres from the attack site.
“We are worried about the safety of our children and families,” residents said, urging the Wildlife Department to take immediate measures to capture and cage the leopard to prevent any further untoward incident.","success(trafilatura, resolved_via_decode, 781 chars)"
4 injured in leopard attack in Ganderbal - Greater Kashmir,2024-04-04,Kashmir,,Leopard,Human Injury,0,4,0,Four people were injured in a leopard attack.,0.98,single_incident,,Greater Kashmir,https://news.google.com/rss/articles/CBMihwFBVV95cUxQVFRXYndreWJjTGFsaFUwdXRQMDROMTRzblh0RXc0cFQweFZvVzlQQmp5aGxDbHFXZlBweXhkTXBOR0JNbzVrb3VCSDhtSkFDQnNlNWowbkJxSkVHNWJDLUhZTGpmbTVHOEhuYnBRdTVycXZrVng2bzRNWEdZNkZVRnA3Z01iY03SAYsBQVVfeXFMUHRGcUdVWG5LS2YwMUptdENKTTU5N0JZaVBGT3hDTDhqUVJkblFqaEpwbDNzSHpVZVkxeVpJZk1VYzZCcGFlOG41WDN6cUFfZWpJMGdBdktyMHhWX0NUajFMaU0zVUV2al85VHJVdVNBd1JkZHJ5d2lxSGxOWWphQzROWHp0RzZTY256RQ?oc=5,,"Ganderbal, Apr 3: Two officials of the Wildlife Department and two women were among four persons injured in a leopard attack in the Fatehpora area of Ganderbal district on Wednesday.
Locals said that a leopard was seen roaming in the area on Wednesday morning, causing panic among the residents.
They said that they informed the Wildlife Department officials at the earliest.
Locals said that the leopard attacked the two Wildlife Department officials as they were laying a trap to capture the wild cat.
Two women were also injured in the leopard attack.
All four injured were shifted to District Hospital Ganderbal for medical aid.
After strenuous efforts, the animal was captured alive by the rescue teams of the Wildlife Department, Police, and Forest Protection Force.
The Wildlife authorities have advised people to take precautions while venturing out during the evening and inform the Wildlife Department about the presence of any wild animals.","success(trafilatura, resolved_via_decode, 951 chars)"
Body of Missing Child Found After Leopard Attack in Kulgam - Asian Mail,2024-10-23,Kashmir,,Leopard,Human Death,0,0,1,A missing child was found dead following a leopard attack.,0.98,single_incident,,Asian Mail,https://news.google.com/rss/articles/CBMilgFBVV95cUxPMk0yM0FaSnF0dmpWLWlfNXdLTmNvSDc2YjFUa3dwOFREallLRnhUUnhFS2p0NzNhVlFQdTE1cnd2X25CVUh4TFBVUHBFbjU3cEVyYkpCeTMwZC1rdnc3SDBUX1lFSDdkTUNVMkdVbUUyRlpEXzVXX2ZfOWFYYkdEcm5FSklKdzdYSzAtWlBGU213MUJDWWc?oc=5,,"Kulgam: The body of a child, missing since a suspected leopard attack in Brinal Lummer village of Kulgam district, has been recovered by search teams.
Officials told NVI stated that Saharan Yousuf, son of Mohammad Yousuf, went missing late Wednesday night, leading locals and family members to suspect a leopard attack.
Following the incident, a search operation was initiated, during which the child’s body was recovered.","success(trafilatura, resolved_via_decode, 422 chars)"
Rudraprayag: Leopard mauls elderly man to death - The Times of India,2019-11-07,Uttarakhand,,Leopard,Human Death,0,0,1,An elderly man was mauled to death by a leopard.,0.98,single_incident,,The Times of India,https://news.google.com/rss/articles/CBMivgFBVV95cUxNNWE2aldsSm53TGdGWUFMMUJlRG4zZFl3UjNjWklZZ000ODFxb2haV1ZsWDloWnVZMUU3NzlYVEZuWDFhMXVVNURYMzNTdDZOZ2kyU0hVZzQyWlE4Q1hQMEFmdTNNZEQ5YjFEUmpMeTVTY29CT1FQOFpNSURIejhBSDhKQ202YUJGSDE3cXNpRkw5NENjWTltR1JUNGYzbDVxWnNid2o0dWNONjkwM2pCYlpiZnF2XzJxVlh5eTN30gHDAUFVX3lxTFBDa1V1dnlzdElxbjM4TWZpVzFGV2JReEZST0NFYm5IMXBjUFpxdHlRdU1RdmtqR3ZQYUh6SkhrZEVBYUVvX0EyNnY0WjFXekJLM09lV1NETmxtRGlnQ2lUR0QzYUhpemtrWUJ2WUlJUTBUdXMzNGN3N2dFVm15TkxGelBRbnN3VWw3S0RwaUNfYjMtWlJWRk95RTI4WVh3am5saHhtS1B2RGsyWDFiclZOM3lMSEczTS1iY2EzUFdLV2FDdw?oc=5,,"DEHRADUN: A 50-year-old man was mauled to death by a leopard in Jakholi area of Rudraprayag district on Wednesday. The victim was going to collect fodder for animals when the leopard attacked him at around 12 noon. 
The victim, Madan Singh Bisht (50) was a resident of Satni village in Rudraprayagâs Jakhola block. His body was discovered by his family members after a long search.
Sources said that the villagers started a protest against the forest department officials as they didnât reach the spot even after several hours of killing. However, Mahipal Singh Sirohi, Assistant Conservator of Forest (ACF), Rudraprayag, denied the allegation saying that a forest ranger reached the spot soon after getting information of the killing.
âWe were informed of a leopard attack at 2:45 pm and our ranger immediately reached the spot. We have completed the formalities and the body was handed over to the family,â said Sirohi who claimed that Rudraprayag has witnessed an incident of leopard attack after five years. âIn the three years of my posting here, I never heard of a leopard attack. This is the first such attack in this region in years. However, it cannot be denied that the number of big cats is rising in Uttarakhand and we must find out ways to ensure that man-animal conflict incidents do not take place,â said the official.
Notably, this is the fourth case of leopard attack in Uttarakhand in just over a monthâs time. Earlier on October 2, a 10-year-old girl Meenakshi was killed in a leopard attack in Kulmori village of Pabo block. In another case, a 62-year-old man was killed by a leopard in Udal village of Bhaisiachhana block in Almora on October 8. And in yet another case, a 40-year-old woman was killed by a leopard in Pauriâs Khandah village on October 23.","success(trafilatura, resolved_via_decode, 1777 chars)"
Himachal youth survives leopard attack after daring 12-minute struggle in Solan village - The Tribune,2026-03-12,Himachal Pradesh,,Leopard,Human Injury,0,1,0,A youth survived a leopard attack after a 12-minute struggle.,0.98,single_incident,,The Tribune,https://news.google.com/rss/articles/CBMiywFBVV95cUxQZTJ2cXhFakgzSlZ4Z0JVbEZvdUM0NmtwSEZxVXdaRFhCYzdmS3B2VVJDa0lNNWdfaWNyRkY4cnFXOW9md1pQaWRrVTVRajB0bXVvbGdXY29mVnpJcVc5SzA1eXBGQkhxaFdzVzJYR1FRa3B3bGZHd0J2YkVuVkxWbUxTTnBZZXVReG9COW1XWnBibmFPRy1wTURpcEw1ZDdTSEtWZjdkalZNeDBWa3d0WG5sUUhTMTI5RFhmc3JHRDZQeGxFNzNhRFd5UdIBzwFBVV95cUxQcUhOM0wtcXNpNHZ2NzZ4MTI4bFh3WnBJd3N1aWZaS1VXY0Q2ektqZXVvRjBMcVRqbjdVbEd1Q0xiVVlkbE5iQTJBMDJTWnJvN1pNY0tXeGVTVmM3ZUdrMzZoTnd2Y0dJZ0lhLXAxRzZQTXdfeWFnZDdFLTdBOWEyRzJKN0wxOXpZRWdPZy11UEV3SWVlWGxFOWpRSFU2TEZYRGhydnlWdnRtbnpjNnJYVXlCQWU5SWJhdi0teS16THU5QjNTemhjZTE2QWY5UTg?oc=5,,"Himachal youth survives leopard attack after daring 12-minute struggle in Solan village
ITI student overpowers animal that attacked him in fields near Arki; suffers minor injuries
Leopards are rarely killed by humans and such incidents usually occur during man-animal conflict when the big cats are attacked in retaliation for targeting livestock or humans. In a rare incident, a youth in Sarli village of Arki subdivision in Solan district fought off a leopard that attacked him and killed the animal after a prolonged struggle on Monday morning.
The incident occurred around 7 am when Pravesh Sharma was crossing his fields to fetch milk. A leopard, which was lurking in the fields, suddenly attacked him.
Despite the sudden assault, Pravesh did not lose his presence of mind and grappled with the animal for nearly 10 to 12 minutes. During the fierce struggle, he managed to grab the leopard by its jaws and eventually overpowered the animal, killing it by smashing its neck. The leopard was reportedly a year-old female.
Pravesh, a student of the Industrial Training Institute (ITI) in Arki, sustained multiple scratches on his body during the struggle but did not suffer any serious injuries.
His uncle, Shyam Lal, said leopard movement had been reported in the area earlier on March 6 and villagers had informed the Forest Department about it. Residents had also requested the authorities to install a cage to capture the animal. Locals further claimed that the leopard had attempted to attack a scooter rider around 7.30 am on Monday, forcing him to abandon his vehicle and flee.
Forest Divisional Officer Rajkumar Sharma visited the spot and provided immediate relief of Rs 5,000 to the injured youth. Rajkumar said increasing human intrusion and shrinking natural habitats were forcing wild animals to stray into human settlements.
“Leopards generally attack people and livestock at night. This incident occurred early in the morning, reflecting the desperation of the young animal,” he said. He added that forest officials were working to create awareness among villagers so that wild animals could be safely driven back into forest areas. Capturing a leopard by installing cages, he said, is a technically complex task that requires trained experts.
As news of Pravesh’s bravery spread in the area, residents praised the youth for his courage. Teachers and students of his alma mater, ITI Arki, also enquired about his wellbeing after learning about the incident.","success(trafilatura, resolved_via_decode, 2474 chars)"
"Himachal: Leopard kills 16 sheep in Chamba village, six missing - The Tribune",2026-06-10,Himachal Pradesh,,Leopard,Livestock Attack,16,0,0,A leopard killed 16 sheep in Chamba village.,0.98,single_incident,,The Tribune,https://news.google.com/rss/articles/CBMiqAFBVV95cUxPV2pheW4zY3VYSmpNM1NMY0Uwdlh2djFQYV9qOVYyMERGR0s0Mlh4QTd6dXpFbEIyZ2VwVGtWd1M5NHVfRzk0TE1zRXB2NkgzcDY4NDZiRWs2akhVVEdRTlFnUGx2Y0M4Y3JyQnJBeHg2ZE9IZU55UTZVd1kwVm9EeTNUTFFtNUVNNlp0c2laWmhmWmhHYXVvZ3M2QndpSVJFaFZTUXZMWTLSAawBQVVfeXFMTk9lazRjaEd0U1pldkFzRGNzZDlXN3RqVTU1eDVtY3dYakNrYnlMY2VwM0h2cFlIZzRIaFk1UjdSVlFvajMycjJ1SU5sRE85UUx0aVZya2xUaXhzdmoySlloUEYxVFlxNW9fc1g3Y2VMUTZSTmlrMzVuRVJaTVNKUmV0TDVFUkJGRHNaUEtGT29PS0ZoUlJEU05zZ3lFTC1xOVZSR1JGcWJjVldCQw?oc=5,,"A leopard attacked a herd of sheep camping at night in the Garhnallah area of Chamba district's Pulan gram panchayat, killing 16 sheep while six more remain missing, a local social worker said on Tuesday.
Shepherd Chaman Singh, who was in the higher reaches for grazing, was present at the camp when a the leopard attack on Monday night caused frightened sheep to run helter-skelter.
In the morning, 16 sheep were found dead, and six were missing, Deep Thakur, the social worker said.
The incident has caused panic in the region, and the locals have urged the local administration to take necessary steps for the safety of shepherds and their animals. Thakur also urged the administration to give adequate compensation to Singh.
It is a usual practice for shepherds here to move to alpine pasture during the summer for grazing herds with abundant, high-quality grass and stay there till the onset of winters.","success(trafilatura, resolved_via_decode, 908 chars)"
"Leopard kills youth in Mandi, injures eight - The Tribune",2025-12-25,Himachal Pradesh,,Leopard,Human Injury,0,8,1,Leopard killed a youth and injured eight others in Mandi.,1.0,single_incident,,The Tribune,https://news.google.com/rss/articles/CBMijwFBVV95cUxPSFFGRjd1V3dEV0JDdV85Tll2Z3hPeGJFQlBMYW9fUV9FM0pDRmt4M3ctQTB5cUM3SkxTYktNbjRDd2QtVU1welRhWVpnS21HOFBXbl9zdDZmcndMdFpLc1NiMzAxd2lJSGZiNjgxZ3A1aVFEMzJ2d3JyT3JUdmduR0lfT0MwdXBnMENHcDJVUdIBkwFBVV95cUxQcllQRDBVa3NKMUluMC15WGRJN2VlN3hhaHA5VnpSaS1NbjRaaC0xbUlDWS1peTE1NWJjal85czNfYWFtdFpHbzJPcFp0c2JLNVNxb2hDaVpfajlFenNFSlE1WDNjWmdfNmRCUG5rR3NnVjlyTmpfelhWa0dxNWJuV2hqa3dseFMtN0QxRW5uNVN6RVk?oc=5,,"Panic gripped the Balh valley in Mandi district on Wednesday morning after a leopard attacked residents of three villages, killing one person and injuring eight others.
The reign of terror ended when alert villagers united and killed the leopard. The leopard first attacked residents in Chandyal village during the early hours, creating chaos and fear. It then moved to Bhadyal village, where it again attacked people indiscriminately. Four persons sustained serious injuries in these two villages. The leopard later reached Malwana village, where it fatally attacked a youth.
According to eyewitnesses, the youth was reportedly living in Mandi city and had come to the Balh valley to visit relatives. The deceased, identified as Balbir Singh, a native of Bheuli, died on the spot.
The injured include Sahib Singh, Deenanath, Champa Devi, Janit and Rekha Devi. The injured were rushed to Shri Lal Bahadur Shastri Medical College, Nerchowk, where they are undergoing treatment.
Following the attack, panic spread across the Balh valley. Residents came out of their homes carrying sticks and other improvised weapons to protect themselves. When the leopard attempted another attack, the villagers killed the animal. The leopard’s body has been sent for a post-mortem examination.
Teams from the administration, police and the Forest Department rushed to the spot to take stock of the situation.
Balh SDM Smritika Negi confirmed the incident and said immediate relief was being provided to the deceased’s family, while all possible assistance was being extended to the injured. All victims are out of danger. After an autopsy, the body of the deceased was handed over to his relatives for the last rites.
Mandi Divisional Forest Officer Vasu Doegar said a forest team immediately visited the spot and found the male leopard dead. It seemed the animal lost its territory and entered human habitation, he said.","success(trafilatura, resolved_via_decode, 1905 chars)"
"Two injured in bear attacks in Himachal in Chamba, Solan - The Times of India",2016-11-04,Himachal Pradesh,,Asiatic Black Bear,Human Injury,0,2,0,Two people were injured in bear attacks in Chamba and Solan.,1.0,single_incident,,The Times of India,https://news.google.com/rss/articles/CBMizAFBVV95cUxOM0Z4UFNjWEpCTm5WNkFnRDlBWUpEdmd5b0pCRDVqeTZ1YmUtQmtvQWZDLVhjUWhwekpmMVdIMURia0s2cF9iUEZxbjNVTHV5N1JfM1hkNkNVc2lieU9DWEd3RUFuazVGTUpZaFAzaXczS3N4RHR5ZU5mZGxGcXBmQVpwME52dW9CRjVDVWxQZE5NVHpGeWlMQzN2ekhUMlFrNEQwX3luc0FNdkpLcmlFWkc3VmdjZXpOWnI2Mkg2R1dwS1VUUkJXWmc1eFfSAdIBQVVfeXFMUG9vY2hjYmRqdkNFTENFRXB6Z0pzTjVvb0t6ZkxtdGszVGNaUVRPclZxejhtLWUyOERIeXNnd0lEYlZNeDNsN3Y5bTEwbWlmLXRsaTc3cC1rOXQtVEEtdzNrRnphWGNsMVpEX2dseERmZ2RvUWlITVV3QXBoZGRsUE1nRHdqVllnYndTSS1GRTlfSTE4OUtsMHlDRnpSV0ZNMFZXdGItdjdSX2hlSW5WeVRBQ0tydkg1Zkc4dWJQQmtUNTJQY2Q0Y0d1eDVCX25wYVRB?oc=5,,"Shimla: Two people were injured in separate bear attacks in Chamba and Solan districts of Himachal Pradesh on Tuesday. While a youth was injured seriously after he came face to face with a bear in Deola panchayat in Chamba district, a woman received severe injured when she was attacked by a bear in a forested area of Devthal, Solan district, in the morning.
In Chamba, Deola village native Chaman Lal was returning home in the evening when a bear came in front of him.
Before Chaman could realize the lurking danger, the bear pounced on him and mauled his head, face and other body parts.
On hearing Chaman cry for help, passersby rushed towards him. Seeing the people approaching him, the bear fled. Chaman was taken to a primary health centre at the nearby Tissa village, where he was given first aid and then referred to Chamba hospital.
In Solan, Dilman native Seeta was returning home from her brotherâs house in Mohar village along with her two children when a bear attacked her in a forested area. As Seeta fought back, her children cried for help. Hearing them, passersby rushed to the spot and the bear fled. tnn However, by the time Seeta was rescued, she had received serious injuries. The bear had pulled the skin from her scalp and also hurt her arms.
Sources said on seeing her serious condition, people took her to Solan hospital in an ambulance where doctors provided her treatment. Her condition is said to be out of danger.
In Himachal Pradesh, attacks by wild animals, especially bear and leopard, rise during winter. Most recently, a man was mauled to death by a bear in a village in Kullu district on October 27. 
Reportedly, a bear had attacked three villagers who were out for irrigation work at one of the âkuhls.â While two managed to escape despite injuries, the third succumbed to deep injuries inflicted on his neck and genitals.","success(trafilatura, resolved_via_decode, 1859 chars)"
"Leopard kills Uttarakhand boy, state’s 9th animal conflict death this year - The Times of India",2024-02-27,Uttarakhand,,Leopard,Human Death,0,0,1,A boy was killed by a leopard in Uttarakhand.,1.0,single_incident,,The Times of India,https://news.google.com/rss/articles/CBMi2AFBVV95cUxOWVd1SUpLZmJfVzRHSExDdXd2akM0Wm9Bb3JHdnA3Um9BZi1lWDNrZzRpOW9nMU9tUFVXYkFid3gwX05Pamo4THdOMEpqaFFJZTNWR0o0czdqSUMwYjNLLWoxT0h6REl3YnA2V1dwbHhqLVJOZjVVaDZVbWlTRkg4SDBjclRSdzl3VGQ5OVYyNi1xeWNFNUs0WXFVaVprX2U3Y1VUUFNKTENCOHpPOXlIaGNkdXJmOHp1czFkcEM2OTdYQlNWbW1DdGFualFXeUx1X0Q1SGIzb3HSAd4BQVVfeXFMTllpeFRYRU40TERfMHVteWVlSWRxeFRoV2VLelZwSWRITGN1bUhxSTR0TS1uZFk2cWY1YnlwMmtUR29LS2gzMG54TWNGel9sZDJURG5MWXVTaE1iRFhCTUwwSEk2cFdnUzF0RlhTQkVqWDFtUEVwekkzanA4NHFsOGVFMjhCSFNoMHpXQVFBTnlycTJqeEs5MTNiZjNlcXIybUdSWm01MXVhTDdNRzg4X0tFc25qYmxQNjRqMnZxd0pYVE9CemdiRUFuNUIzdkVQYzJxOWw3VmdQRV81RmNn?oc=5,,"DEHRADUN: A leopard attack claimed the life of yet another child in Dehradun marking the ninth human fatality in less than two months in human-wildlife conflict across the state. Riasat Ali, 9, was attacked by the animal while he was outside his home in the Madari Van Gujjar Basti area at Kimadi on the Mussoorie-Dehradun road.
Witnesses said Riasat had stepped out of his hutment to relieve himself when the leopard ambushed him.
Despite frantic efforts from family members and friends to rescue him, the boy succumbed to his injuries. The incident reignited fears among the city residents, especially those living on the outskirts of Dehradun who have been advised to exercise caution and follow appropriate wildlife coexistence measures.
Shamli Kumari, a 52-year-old resident of Sahastradhara area, expressed grave concern about the situation. ""We are refraining from venturing out after sunset, but with the change in season, many people have no choice but to go out for morning and evening walks for good health. Leopard scare shouldn't confine residents indoors. There has to be a solution for this.""
Dehradun district forest officer (DFO) Nitish Mani Tripathi said that measures were being taken to address the situation. ""The Madari Chuk area is surrounded by forests. We have installed five cages and 30 camera traps, along with deploying teams for trapping the leopard,"" he said. ""In case of adverse situation, permission from the chief wildlife warden has been sought to eliminate the leopard if it is not possible to capture the animal.""
This incident is the latest in a series of attacks in the region this year (see graphic). The incidents have also raised concerns about the safety of children, with forest authorities taking additional steps to safeguard vulnerable groups. In areas like Rudraprayag and Nainital districts, which have seen a number of wildlife attacks, frontline forest department staff have been deployed to protect students en route to schools.
Tthe leopard scare has gripped children immensely, in most recent incidents, in Rudraprayag's Mahargaon Kartik Singh (15) was attacked by a leopard on Feb 20.","success(trafilatura, resolved_via_decode, 2139 chars)"
17-year-old mauled by leopard in Uttarakhand's Tehri - The Times of India,2024-07-19,Uttarakhand,,Leopard,Human Injury,0,1,0,A 17-year-old was mauled by a leopard in Tehri.,1.0,single_incident,,The Times of India,https://news.google.com/rss/articles/CBMixgFBVV95cUxQUERacWhRVmFQY2VHczdfYWlia3o4c0V5bDBHVjdWbUdGVmkwSkp1TkxURGdDZU00TktYcDhpRHhodkRYUVhWSUpIVUd3QjlzQjFjSGgwWno2R3lyNjI4MG5rTVBZTnhCeTNsbGVvRHRrQ19iLV94T0ExTVpoTlNtMTBGbGMwMDFLYjJYRDk4dy1zclhweU9RcGRSYmRadzVjT2FnYzktMTJNSzdNN1VxdnVEQUJmRWJuOUQzVTRNZXdEQWVKQVHSAcsBQVVfeXFMTXRLekZKMGpGbjJXeDFCRW9Ha1YwM0ZNeTlvdEFMUkFxblVGNnFLYWJOU3BFblRJelE4NjR0QUJqUWNtTS1zRWRqNk50UE1HMjNySVB4NWNybGZMRnR0b21uQzJaWDZrbTI2bnQ4Tk9rdlZRZ2MxY3ZOZ0h6M2ZmVGxoSldCV1EyRXd0Rlp1bk84OEF4VGZLeDVxa2Z4RE5DRF9TeDJrT2w3eXpoQXJPeWdvN0gwMnFCbDJfemVaVjdLSUJvUmN3cU9IY1k?oc=5,,"NEW TEHRI: A 17-year-old boy has been mauled by a leopard in Uttarakhand's Tehri district, officials said on Friday. The incident took place in Devprayag on Thursday night when Anurag, a class 12 student, was returning home after playing cricket and was attacked by the leopard, Kirtinagar sub-divisional magistrate Sonia Pant said. 
Despite some local people raising an alarm, the leopard did not leave the boy, the officials said. 
According to the officials, police and forest department personnel reached the spot after receiving the information of the incident. 
The victim's mutilated body was recovered late Thursday night, Pant said. 
BJP MLA from Devprayag Vinod Kandari, who reached the spot on Friday, directed the forest department to capture the leopard immediately. 
By 6 am, a team of the forest department successfully trapped the leopard in a cage, the officials said. 
However, the angry locals created a ruckus, demanding that the leopard be shot on the spot, they said. 
The forest department officials told them that the captured leopard would be taken only to the office in the tehsil, to which they agreed. 
Upon reaching the tehsil, when the local people discovered that the leopard was being transported to Dehradun via Hindolakhal, they threw out the employees of the ranger office and staged a sit-in, locking the place, the officials said. 
Divisional forest officer Jeevan Dagade calmed the people down and appealed to them to not let their children go out of homes alone in the evening.","success(trafilatura, resolved_via_decode, 1516 chars)"
"36 dead in wildlife attacks till June this yr, leopards top killers - The Times of India",2026-07-02,,,Leopard,Human Death,0,0,36,"Cumulative total of 36 deaths from wildlife attacks this year, with leopards being the top killers.",0.95,aggregate_period_total,,The Times of India,https://news.google.com/rss/articles/CBMi2gFBVV95cUxOckxKVmRFLWlrWnU3MFpVOTJqZ1lXcmZVeTVkRDJDcG1EWlJiYURNdkFPRk0yYUJmeGt0Y2l0RkNKVklMVTZGY1ZuaUkxUTdmNW1rVHhydU1KZmVLb3dSYjZvTUpFaHc0R1NmS3VuVTdTUkgtdTdJQ3dQOVBjTk9WTU5yakJBUF8zck5KVXZldXpRaEJSYkZQcGEtbko0SDF0ZGw0V18wOGJGWnJ2M1MtYTZUQXZBMGw5UUR6NjJSbWNvOGVZWUVtTnFaa2FULURreWhTRkZ0WlBUd9IB3wFBVV95cUxPVlFuNjVjWjVnS0lZRVA1OGR0dmwxTVJ4Q19aTG5OaVBXWC1rSEZTVWo5eWlXeUNKc1BRSHRxSkdnTE5kVEkzSW83YWRTYXBQUVdPNWxISDA0Qzh2SFAxQV9oMlVLNHgtR2Jha1kwYUZtNzYtXzNPRHlsYVU2dWlBd1Nmc244N0N6NWZVUm1hUlUwcnVQNmJlYmNMZ3RqQkJZRGZ1c0FBRDNTNzFxZXQ5XzRxWEdETkVWV2wyTFZOcTNkVlF2WXVSV3FCWXRuaFFFckN6eF9WSXVteHRNVlZn?oc=5,,"Dehradun:
 Uttarakhand has recorded 36 human deaths in wildlife attacks during the first six months of 2026âaveraging six fatalities per monthâwith big cats accounting for the vast majority of the toll, according to recent forest department data.
Leopards were responsible for the highest number of fatalities at 15, followed closely by tigers at 11. The remaining deaths were attributed to elephants (5), crocodiles (3), and a bear and snake (1 each). With these latest casualties, the total number of human lives lost to human-wildlife conflict in Uttarakhand since its formation has reached 1,325.
Leopards also caused significant non-fatal injuries, with at least 46 people attacked by the animal in the same six-month period. For comparison, leopards claimed 18 lives and tigers claimed 12 in 2025, while 15 people were killed by leopards and 12 by tigers in 2024. Overall, 68 human lives were lost to wildlife attacks in 2025, down from 84 in 2024.
Given that tiger deaths (11) and leopard deaths (15) in just the first half of this year are already nearing previous annual figures, experts warn that total fatalities for 2026 may match or exceed last yearâs annual totals.
Wildlife experts attribute the sustained pressure from tiger attacks to habitat saturation in and around the Corbett Tiger Reserve, which is pushing younger tigers into buffer zones and village fringes in search of territory.
Meanwhile, the high number of leopard cases reflects the predatorâs extensive distribution across human-settled landscapes.
Joy Hukil, a veteran private wildlife shooter deployed during recent big cat tranquilising and elimination exercises, shared insights from his decade-long field experience. âThe overpopulation of leopards and tigers is the key reason behind these escalating cases. Conservation efforts must extend beyond policy discussions and be backed by effective, science-based management on the ground,â Hukil said.
âWe need accurate assessments of predator and prey populations, along with the availability of water, habitat and food resources across every landscape in the state. A balanced ecosystem and informed wildlife management can significantly reduce human-wildlife conflict,â Hukil said.
In response to the prevailing situation, the forest department has intensified operations in conflict hotspots. Measures currently being deployed include lemongrass plantations to deter wildlife, AI-based virtual walls, and the deployment of additional Quick Response Teams (QRTs) among others. The state has also announced the opening of rescue centers across all 13 districts, apart from special incentives to boost community awareness and engage locals in promoting human-wildlife coexistence.","success(trafilatura, resolved_via_decode, 2714 chars)"
Locals in fear as leopard mauls over 3 dozen animals in Himachal's Hamirpur - Deccan Herald,2024-09-09,Himachal Pradesh,,Leopard,Livestock Attack,36,0,0,A leopard mauled over three dozen animals in Hamirpur.,0.98,single_incident,,Deccan Herald,https://news.google.com/rss/articles/CBMizwFBVV95cUxOQkF3Zlc0SkQyTzhzVU16SXZOQjg3OXRMWko4RzVPLThHZjhFTk1yYVpuN2RMRUZaMEwtVElSY2FPRVZDdmZQOHNsdXlfc2VwQm96czVUUmJxWXUyMkhILS1xbGxSTkdRSzdwNU51Y2lQb2dUa3I2MExMclliTTlOWTV3YU5sWEs5MnRVQXlPbERlVHlwRWhoNjkwcWR4b0YySTBaZlFnZ1Bwa29hb25Ody16OXl4ZVVJc1NqaDNYTHRRQTM2Sm9KeEdFaTE5cDg?oc=5,,"Locals in fear as leopard mauls over 3 dozen animals in Himachal's Hamirpur
Reports reaching here said that the leopard was spotted in Sujanpur, Bhoranj and Nadaun areas, prompting locals to approach the Forest Department to capture the wild animal.","success(trafilatura, resolved_via_decode, 249 chars)"
Villagers in Uttarakhand hold forest officials hostage after series of leopard attacks on livestock - The New Indian Express,2026-01-02,Uttarakhand,,Leopard,Retaliation Against Wildlife,0,0,0,Villagers in Uttarakhand held forest officials hostage following multiple leopard attacks on livestock.,1.0,aggregate_period_total,,The New Indian Express,https://news.google.com/rss/articles/CBMi5AFBVV95cUxQWDgwZnVKWmZCa0VaU1BkbEV2RUlfTUt3MU5zUTFudnV5WE5zWDUtLWFENWgxNV9wc3NuRzc4aFhhN1I4RDVxcXVJVnBjcXRsaVJRUTYzNy1tT19EOWMxNkNaWnA2RzJJQncteFpRS2VCRkxVaU9TQzVkemhhbUo2MkpPYnBDTmtRbEZUS0lONGpOQ0RXNGVhNHk4UExqYlZKMkp6VHZ3Sk5GbFE0TkdpSUoyZmsteWdjNUJHNDhxODNLQm5YVFBmU1JBUHY4d2t2MEl1Q3NCN2wyVm9xaENBNnZtQjDSAfIBQVVfeXFMTTE2dkJhUS1vc08wanlHWER0am5DVXNHSkxNbTNhSFhGcm5jVXc0ZjQxR0MxcFRWMjB5QzdWMmFwTjZRUkVITTJURllKNlpLcmM2eWQtUTFpRWFhblZ6cUo1YjhkY00zMlgxWmtCV1I0RllKTWs2ZEllU3JhTGRhWkpzWVlURVpKTDVLSXNCOTN4SW1ET1lDT29JdzNZT0RtemFjS2lzUHZuYVkzcmpXaFJ5Z1JmM2ljaGRNcm9XVkd0NGl2bGxGbnR6SVZDbjEyZVh1b2g1Zy0zeUZaMlVTVzItYllTNkhncjM1SmxiWUNxdVE?oc=5,,"DEHRADUN: In a dramatic turn of events, villagers in Mehalchouri and Kunigad areas of Gairsain in Chamoli district, Uttarakhand, took forest officials hostage for over two hours on Thursday night.
The villagers' patience snapped after a leopard killed a cow and its calf in the Ujetiya village, bringing the total number of livestock killed in the past one month to several. The villagers had been demanding the installation of a cage to capture the leopard, which has been on a rampage, attacking livestock in the area.
The latest incident sparked outrage among the villagers, who detained forest officials, demanding immediate action to capture the big cat. The villagers released the officials after a two-hour standoff, but not before warning of further agitation if their demands are not met.
""We have reached our breaking point,"" said a resident, requesting anonymity. ""If the leopard is targeting our cattle so openly, how long before it turns its attention to our children and the elderly?""
The affected zone lies near the sensitive border between the Garhwal and Kumaon regions. This single leopard, or possibly more, has caused widespread tension in the areas.
In Bhandarikod (Garhwal side), the predator reportedly killed three cows belonging to Krishna Nand Thapliyal. Earlier the same day, an attack was reported on Mohan Singh’s pet dog in Ujetiya, leaving it injured.
The carnage extends across the administrative boundary into Almora district (Kumaon side). Villagers in Pasara Gaon, Purana-lohba, and Nawan have reported five more cattle kills attributed to the leopard.
Driven by desperation, the enraged villagers of Ujetiya detained the on-site forest staff to demand immediate action. The standoff was resolved only after District Panchayat Member Suresh Bisht arrived and assured the community that traps would be installed immediately. Following the release of the officials, the villagers proceeded to bury the remains of the slain animals after post-mortem formalities.
Bisht, expressing grave concern, suggested the leopard might be turning man-eater due to the severity and frequency of the attacks. ""I have been in discussions with the DFO at the district headquarters,"" Bisht confirmed. ""Following talks with the Conservator, permission has now been granted to set up cages in the affected area.""
Local leaders, including Gram Pradhan Deepa Devi of Silanga and Block Panchayat Member Virendra Negi, demanded swift action, citing rapid success in Almora where traps were placed just two days after incidents there.
Divisional Forest Officer Pradeep Gaur confirmed the installation of cages and an increase in forest patrol frequency. ""We have deployed the necessary equipment and increased vigilance,"" Gaur stated, appealing to the public to remain cautious.
Meanwhile, sources within the Forest Department revealed that Uttarakhand lost 12 people to leopard attacks and seven to tiger attacks in 2024.","success(trafilatura, resolved_via_decode, 2930 chars)"
"Woman, 55, Mauled To Death By Leopard In Uttarakhand, Wild Cat Shot Dead - NDTV",2026-06-09,Uttarakhand,,Leopard,Human Death,0,0,1,Woman mauled to death by leopard in Uttarakhand.,0.98,single_incident,,NDTV,https://news.google.com/rss/articles/CBMirwFBVV95cUxNUGNHejliVVFtSWZScXJ6NGV1U3dJbUNBSWtYMUFfN2hJRnZnNUVFTTZXWXREelhqY215b1IwYUN5UVFBLUdhbVdpV0hva1NrbktvVDhrbFR5aGRfbDFobFNrbi1BYTZzUTltT2RVbF9qZk4tYzVCV0tiR1RuN1VUM05NdzB5UUo3WUVKZk9qd3p3OEJyU3hJUXJaaFVCTE1NSkR4TDRDTHJxeS1UeXhj0gG3AUFVX3lxTE9GTERVamRQeldaM1lVeGNwOFp1Rk5fTlZEbUxEWTZVcFpkQlpES1BOdTZiMEtnYzltbWdOOFZTQWZRZTJkeUUyLUpsbG1iXzBZSTJOUEpVQnlFd2huWTZDTXNmeElxZE5hdDhOT2pmMGZZN0luWlRRSzVOSjh2SUQ5LXR2MllHZ3M4d1VnY2dleFh3T0NXSlMtS2xpNlZhMG5QWVNLZTh4YXBOS2o5VGJPU3Nrd180VQ?oc=5,,,extraction_failed(page_fetch_failed after resolved_via_decode)
48-Year-Old Man Mauled To Death By Leopard In Uttarakhand - NDTV,2026-03-11,Uttarakhand,,Leopard,Human Death,0,0,1,A man was mauled to death by a leopard in Uttarakhand.,0.98,single_incident,,NDTV,https://news.google.com/rss/articles/CBMinwFBVV95cUxOZ1JsYmlsT2NvTjY4TzlOMi1RQ3ZRU1BSMVU2VHpESEFfeEZ3OFZ5N29pUTRnU1R3MGFCRzM0bkpZeE9TVzB3VUN6ZUV6c0xzRmRBLVJiMWRHdUVQSUhXTUQ3OU0wWFJuZG9waldKSFBsci1Fell4U0FLOGlabDRncTlsaWNUM3Rrck1TZXpUd3RzeDVqcnJ1UTlSa25JZWPSAacBQVVfeXFMTW5HVlFzM3RrNk5CV29FcUJicVdHSmVaYjFsTlJhNHR6eklnLV92Qk9NZEZvYktERGNnOVZ2T2JObGR1TWlncnJIMGxSQ0VlT0psX2xpVHlyZWJRYVZlYlRDMUNlQ0p3MTlTVWRZQVdVVzMtMzZBbUI1aXNaUU1pN3Z2Z2VfTWlJVXFGOWxuR1V0bFFMSk1seFRseWo2dWhvdFRXcVZuMmc?oc=5,,,extraction_failed(page_fetch_failed after resolved_via_decode)
"Man Killed In Leopard Attack In Uttarakhand, Nearby Schools Shut For 2 Days - NDTV",2025-12-04,Uttarakhand,,Leopard,Human Death,0,0,1,A man was killed in a leopard attack in Uttarakhand.,0.98,single_incident,,NDTV,https://news.google.com/rss/articles/CBMitAFBVV95cUxQV3NIbVkxb3JqWTdMVUc5RXZ0dE5VWDFqc1A4V1VaSzVURWIzTk9tVGlvbVNSRHhoSkxYYS04bXgxX2JCSC1CSWEtdXhrOFZtT05KeXNYVVRyVUhQMFRlVVFEOFB6a25la1Zpay10OUJyZ1RXbjRCaElXU0VVMUxwME9DcUV5Smo0YUdNQURhcDJyaGdkVDdKZmctVWRaZ0dsLWpqZEdUZnZtaFJVVHBUWXI0SVjSAbwBQVVfeXFMT3dQaXJBMUZvc29kLUFzdE1HWElPMFFrQkJ6bUtZRjF4cXhWeXhjT05oNXJjdVlFYWVZQ1ZFaklTU3NtQUZtOHl6M0hYRmZZSjRGaVFxNTdsZi1sWFZOc2dTeU5zNlJ5WHhXTHpBQ3JSWlM1THptdTljU0czd0Q5RWlqV0NhQmdObFFsVGRRTDJZeE9ucmdlNW10bFZuVGt4NEdzM0I0X244MW9VV2NVelBnUkJaZDY1R3JHTjI?oc=5,,,extraction_failed(page_fetch_failed after resolved_via_decode)
Schools closed in Uttarakhand's New Tehri after leopard kills girl - Deccan Herald,2024-10-21,Uttarakhand,,Leopard,Human Death,0,0,1,A girl was killed by a leopard in Uttarakhand.,0.98,single_incident,,Deccan Herald,https://news.google.com/rss/articles/CBMivAFBVV95cUxOcENMT0V1SkhiNE5Nci1sejEzbnBQVTVNdXBab1E1UkdDSDktZ0JIa3l1Z3JWX3REV2g2ZUdINGZ5cDlFUlJqZ3FHVHFkeXFsTVdtaDJxRXhDMW5GZnluUGtDbE9UNTBKQ2VURkpyOGo2aTNCZGtFcktwaEJMZlEtdEpPYm9OR1BMVkZrVVgySVFWWVUwcVdWc2ZoUHVhc2tqX3hYV1VucnZHZnpzandFb0JCbkt6Z3JEaXRDVA?oc=5,,"Schools closed in Uttarakhand's New Tehri after leopard kills girl
Officials said that the forest department team is camping in the area in search of the leopard, but it has not been caught by the 'shooters' yet.","success(trafilatura, resolved_via_decode, 212 chars)"
Uttarakhand: Leopard kills elderly in Almora village - The Times of India,2019-10-10,Uttarakhand,,Leopard,Human Death,0,0,1,"An elderly person was killed by a leopard in Almora, Uttarakhand.",0.98,single_incident,,The Times of India,https://news.google.com/rss/articles/CBMitAFBVV95cUxPLUxteUFhcVJUMkpMcmUwREdOeUVrcTNTRUVPaG54M0hEckpsNXprY3VLei1XQ1A3OUdvZksxYjVUTVkwdzdTTVAxVjBORXEtWkJLX2I4T1lYM0RQaEpIOTdDRWdMSlhIZ0lEd2RVWTBaYmotOTAyV0VITWZXaGYxS1RSc3Y5anpZTGlyOURTQ1d0V2EyOWcxejJIRzBjNU1zUHRPUzEzbXNqMEhiSWl0bmphTnTSAboBQVVfeXFMTXdLWVJEd2poeFFXcU9YY0pObkNlaXZkekRqV3ZqMndBNjY1T1ZxN1hYRnBGV3FhYzFXdVZjZzVHV3NDWGYzRVBMQ2kwTkRhUnd5Rk1aMW1NT1REWW0yanYzNEgxR29jNmZMSmwybWFkYXRkYlRtaGFEYVl3VmIzdHdoZi1kZEo1Z3RqbjlJMDNsYWIyMk51TTFlNXNWelZuVXVvdGVRZ09NOXRiT0R4VW5XT0Fia1piNTZn?oc=5,,"ALMORA: A 62-year-old man was killed by a leopard on Tuesday night in Udal village of Bhaisiachhana block in Almora. The man was identified as Ramesh Ram. The leopard attacked him when he was returning home from Petsal market, situated some distance away from his village. 
Forest department officials confirmed the killing by big cat and have informed that they recovered the mutilated body of the deceased.
""When the deceased did not return home, his family members began to search for him. In the morning, his mutilated body was found in a nearby forest. We have sent the body for postmortem examination,"" Sanchita Verma, Almora (Badechina division) range officer, told TOI. The official added that the victimâs kin have been given an immediate aid of Rs 50,000. âThe remaining amount of compensation will be given to them after the autopsy report comes in,"" she added. 
Following the killing, residents demanded the forest department to declare the leopard a man-eater. Verma said that the department has written to chief wildlife warden regarding the killing and has asked for permission to set up cages to catch the leopard. She said that after the postmortem report comes, senior officials of the department will decide whether or not to declare the leopard a man-eater.","success(trafilatura, resolved_via_decode, 1277 chars)"
"Leopard attacks trigger fear, anger in Uttarakhand’s Pauri Garhwal; forest officials intensify Ops - The Shillong Times",2026-05-02,Uttarakhand,,Leopard,Human Injury,0,0,0,"Leopard attacks are causing fear and anger, leading to intensified operations.",0.5,single_incident,,The Shillong Times,https://news.google.com/rss/articles/CBMi0gFBVV95cUxNYUI4b3o1bzFMcUtGeU5kN3otQThFSDRtdUloS1hvb3dyWXFsaVJLdUZLaG9JcEZHVkRRUy1OdlVjc3ZLMnRReGZ4ZVBpd21pT1RTVGQwNHFqOGpFY1BYdFhVVS1xakVKb29RNmJIdEdDSE9qRUdTaXg3Nk5fVWhOZ3lsdHNZQVI4R2VSTWVEemoydVFiSUcxRUpLTmhIU0pYb01zUVlLMjJLZi10bF9FazJURUlvTEJLRnI1SG54a09MV3c1V2hwRnpWTFhGSVBFWUE?oc=5,,"Pauri Garhwal, May 2: An atmosphere of fear and anger continues to grip parts of Uttarakhand’s Pauri Garhwal district as repeated incidents of leopard attacks have left residents deeply distressed, prompting the Forest Department to intensify measures aimed at curbing human-animal conflict. The situation worsened after a fatal attack on April 24, when a 62-year-old woman, Sita Khanduri, was killed in Bamthi village under the Pauri block.
The incident marked the fifth death caused by a leopard in the area and has led to growing resentment among villagers. Officials said this is the 23rd death resulting from wildlife attacks reported in the state so far this year. According to accounts from the day of the incident, the victim was carrying out routine household work near her home when a leopard, reportedly lying in wait, suddenly attacked and killed her.
Since then, fear has spread across the village, with residents hesitant to step out of their homes. In response, the Forest Department has stepped up its operations. Providing an update, Garhwal Divisional Forest Officer Mahitam Yadav said teams are actively patrolling the affected areas around the clock.
“Surveillance has been significantly intensified during the evening hours to closely monitor the leopard’s movements. Five cages have been deployed in the affected zone; additionally, trap cameras and solar-powered cameras have been installed to track the leopard’s exact location,” Yadav told IANS.
He added that clear instructions have been issued by higher authorities regarding handling the situation. The primary aim is to capture the leopard at the earliest, followed by efforts to control it if needed, while elimination has been kept as a last resort. Mahitam Yadav said the entire Forest Department team is working continuously and making all possible efforts to capture the animal as soon as possible.
Residents in the area have also been advised to remain alert, while the department has assured all necessary support to the local population. However, villagers have alleged that despite repeated incidents in the past, adequate preventive action was not taken in time, allowing the situation to escalate. They have demanded immediate steps to capture the leopard and restore a sense of safety in the region.
The incident is part of a wider pattern of human-wildlife conflict in Uttarakhand. On April 22, a woman was killed in a similar leopard attack in Nainital. Earlier, on April 11, villagers in Balmara in Pauri Garhwal district locked over 15 officials from the block administration and Forest Department inside a panchayat office during a meeting convened to address the threat posed by a man-eating leopard that had already claimed two lives within a week.
The most recent victim at that time was 45-year-old Prakash Lal, who was attacked and killed while returning home from work. The agitated villagers later released the officials after they were assured that the leopard would be captured or eliminated within a few days. Government data indicates that wild animals, including leopards and bears, have killed more than 100 people in the state over the past five years.
However, locals claim the actual number is much higher, attributing the rise in attacks to increased human intrusion into forest areas due to road expansion and development activities. Acknowledging the seriousness of the situation, Chief Minister Pushkar Singh Dhami earlier this month announced an increase in compensation for families of victims killed in wildlife attacks, raising it from Rs 6 lakh to Rs 10 lakh.
He also set aside Rs 5 crore for a dedicated programme aimed at rescuing wild animals that stray into human settlements, along with an additional allocation of Rs 131 crore to develop a comprehensive mechanism to address and reduce incidents of human-animal conflict in the state.
IANS","success(trafilatura, resolved_via_decode, 3866 chars)"
Leopard attacks force closure of eight schools in Uttarakhand’s Rudraprayag district - Telegraph India,2026-02-05,Uttarakhand,Rudraprayag,Leopard,Human Injury,0,0,0,Leopard attacks caused the closure of schools in Uttarakhand.,0.5,single_incident,,Telegraph India,https://news.google.com/rss/articles/CBMizAFBVV95cUxNb3o0REZlZ25YMGJMeWNOZ293ck5DRlUzdl9RTEtKYjdrcV9PcWVRZldzYUtZUHFNb2VzaFZoU2kwTXZCSnVHSkhKYUdmZG9yMXBQbHpYNGZSTVc5UU9MNlgzWDRaRjlMalQydl9SdVFPVy05Y0ptenBLR1p2S2gzbDhRQU1zVkRscjR2SVEzRHBLYXhfR00yXzZJTVA4a2tJRFh2a2hwYnBpaHlvNUxVLXR6azdLMXd5YWN6dXhlc3NuV1kzWWF4c0hHMUHSAdIBQVVfeXFMTWJRck0wbC1HV0ktelF0Y3ZMN0gwbEt2MUVlaVB0UXY3SE5qODhKMXJ0ZndIdkR5WENuLTJob2VjNXo2VTdZcHJtOHYxbjRkS25BdVhsZmxvaE1KcUROVmhqNzQ2dVRCMWtjUFp6ZDVFTUhSMkJta0tUSjJYNmlPd1hJaGN3cGc4MmsyLW5IOFlodWxzZno3QkI5dkJUUUNVV2F4bkZIRXRaR3UxTjQ3b3hwWm94a3RWN2ZEUGtyUVNQbm05RW5zSmd5TTJ0cjdfMUdB?oc=5,,,extraction_failed(page_fetch_failed after resolved_via_decode)
"Woman killed, another injured in bear attack in Chamba’s Kalwara forest - The Tribune",2024-09-13,Himachal Pradesh,,Asiatic Black Bear,Human Death,0,1,1,A woman was killed and another injured in a bear attack in Chamba.,0.98,single_incident,,The Tribune,https://news.google.com/rss/articles/CBMiswFBVV95cUxPT3N4anlxN3ZLT2pZcWNZZFhMOXZYbnRndU5pZW9WRmNCWlVwWXdZd3pyTTlra2pHUXVXMlh6el9vMnRoRTB0RnRsT1BjX3pmVDB1dEpFaWlCTFFrOF9WMjJLMk1HOUJsVG5BZk1pR1ZYcVdrX3VqZGdPTnFGZWN6aFBKYjkwdVZvc2pHSTM1UDM1cnV1bzQ4RVNmQTlVVnRBQ3FLQUxuMk50RXFzZkticWFyRdIBtwFBVV95cUxQR0xCUU8tRXczYmxqNmRBZ09MWkhlSkxHSV9VSEliQ08xd1ZfMWlESzdYNmwwTmhPblNEeFZhRWdIeXR3dWplSVltbU9fb2FIR0cxUEwtVGNXTEpVQjRDRzA5N3FfRzVTd2d2b0xnRl9ZR0pVeHFTX2xfakNqV0l1OXF2WlFPUnN1bEFnTHV6WHpUZUVxdmM3Nno0THJjU0ptODNlTUNqM1IxX0p0Si1HT3FMSWQ4RW8?oc=5,,"Woman killed, another injured in bear attack in Chamba’s Kalwara forest
The victims were collecting fodder for their cattle in the Kalwara forest near their village when the bears attacked them
A woman was mauled to death and another seriously injured after being attacked by bears in the Dhimla panchayat in Chamba on Friday. The victims, Pinki Devi (44) and her sister-in-law Thanthi Devi (56), were collecting fodder for their cattle in the Kalwara forest near their village when the bears attacked them.
Pinki Devi succumbed to her injuries, while Thanthi Devi, who sustained serious injuries, has been admitted to Pandit Jawaharlal Nehru Government Medical College, where her condition is stated to be stable. According to Pawan Kumar, the deceased’s nephew, the incident occurred around 10 am. Villagers rushed to the scene after hearing their screams and managed to scare the bears away. They then rushed the victims to a nearby health facility, where Pinki Devi was pronounced dead on arrival.
A team of forest department officials arrived at the scene and are taking measures to drive the bears back into the forest, including bursting firecrackers and making loud noises with drums. Chamba Chief Conservator of Forests Abhilash Damodran said an immediate relief of Rs 10,000 has been provided to the family of the deceased woman and Rs 5,000 to the family of the injured. Further compensation will be provided to the family of the deceased once the case is processed.
The forests in Chamba district are home to several wild animal species, including Himalayan Black Bear and Himalayan Brown Bear. Bear sightings and encounters are common in Chamba, with black bears often venturing into habitations in search of food, resulting in encounters with humans. Several bear attacks have been reported across the district this year, highlighting the ongoing human-wildlife conflict in the region. Recently, a bear had ventured into a sweet shop in Jot village, and in another incident, a female bear and her cub were electrocuted to death after climbing an electric transformer in Dalhousie town.","success(trafilatura, resolved_via_decode, 2099 chars)"
Black bears kill woman in Chhota Bhangal - The Tribune,2024-11-19,Himachal Pradesh,,Black Bear,Human Death,0,0,1,A woman was killed by black bears in Chhota Bhangal.,0.98,single_incident,,The Tribune,https://news.google.com/rss/articles/CBMijAFBVV95cUxNYXhFeHAzdkNQb0VhVUpDNTF3Wm5rcGJJM1BoUzAxODRzaTlWWlVSMUQ4azFBbkltcVNhOHNXR0ZUSllMSmhtR1JPSVc4ZzhxN1A4d1NZVUdJNEJQRmFSbUZSMDlwSFR0WU1nUWdmeTI0YmJqOXhsVDZGOV9zTTk2MGpQcEV5c2hBUHlmcdIBkAFBVV95cUxOV000TGRBcDhJLVo2T2RjaVlLRXZQRzVVR1RpUDEybUlwRnRQeGhrT2t2VE9jUDNnUVFZeVREbjIwOU1LZGJqNTlnbG5aTkdGd3lHd0V4UEVxZ2JmMWFXNEQxSjlhU2ZoTWlRTWd0dHJKdGpkQTBFOXV3Um1ZSzBDNjNhSnpEYzFLY1V5UTk2V0E?oc=5,,"Black bears kill woman in Chhota Bhangal
Immediate relief of Rs 10,000 provided to the deceased’s family
Black bears killed a woman in Multhan panchayat of Chhota Bhangal in Baijnath tehsil of Kangra district last evening. The victim was collecting fodder for her cattle in a forest near her village when bears pounced on her. She was identified as Raji Devi, 60. However, her sister managed to save her life by running away from the forest.
Villagers said on hearing the victim’s screams, they rushed to the spot and scared the bears away. A team of Forest Department officials arrived there after the villagers informed it about the bears back.
Later, a team from Multhan police post reached there and shifted the victim to the local Civil Dispensary where she was declared brought dead.
A Forest Department official said that an immediate relief of Rs 10,000 had been provided to the deceased’s family. Further compensation would be provided to Raji Devi’s family once the case was processed, he added. Forests of Chhota Bhangal are home to several wild animal species, including the Himalayan black bear and Himalayan brown bear. Bear sightings and encounters are common in Chhota Bhangal.","success(trafilatura, resolved_via_decode, 1193 chars)"
Man Mauled To Death By Wild Bear In J&K’s Kishtwar - Kashmir Observer,2024-07-30,Jammu & Kashmir,,Himalayan Brown Bear,Human Death,0,0,1,A man was mauled to death by a wild bear in Kishtwar.,0.98,single_incident,,Kashmir Observer,https://news.google.com/rss/articles/CBMikgFBVV95cUxONFRHczhtbVBTTU0zcXYyaTVlXzhEU1o4djBXVUVGcFlxdWxhQU5mX2FmSEQ1R29vczhhRFRwVlhtSm5ndExxaUM2Ul9NcWtWY29qbHJBRF96WHpFVWR4NllqMlgyRzFYLW5LVVFKa1pwa2xKenBYcE56bWlaR2RlODNzM191djBBRTBnQ2FYT1JNUQ?oc=5,,"Jammu- A 27-year-old man was killed in an attack by a black bear in a forest in the Kishtwar district of Jammu and Kashmir on Tuesday, officials said.
Mohd Cheriya, a resident of Saroor, was attacked by the beast at Halander around 8 am when he was grazing his cattle in the forest area, the officials said.
They said the bear escaped deep into the forest after being chased by some people who rushed to the spot on hearing the cries of the victim.
Cheriya died before being taken to hospital, the officials said.","success(trafilatura, resolved_via_decode, 513 chars)"
UP: Villagers kill sixth and final wolf ending months-long havoc by predator in Bahraich - Organiser,2024-10-06,,,Wolf,Retaliation Against Wildlife,0,0,0,Villagers killed a wolf after months of attacks.,0.5,single_incident,,Organiser,https://news.google.com/rss/articles/CBMi0AFBVV95cUxOZlBEWlZHWS1xSUJPaHQxZW4xeDBjUjU1OUlWN0lhRF9kVGNudGUyQkJ6aGlILXU2M0UydmJMWGRrNGpOcmdKNTBESWdWYVU2ZDl3cVlIWWhBLXE2bkNiTHMtN3NLRndhUWp1SDhReTFMMzBSVU5SYWtkVDNlaC10Xzg5ejZlQWhXQXZLN1BmQzk5UG5NNUZkdlprMlNsSUx1YllaUXBhOTFfYUVDd3I0UGdRM2VxX21EUnR6N21aeXZ2eXRiNUtMMGhIR2lUUGpo0gHWAUFVX3lxTFBFQVRmOTV3TGJ3dEd6U0tqQ3Z3c2RxdHJ3bXhuY25SaWVMYUMxSjJUMVhtbkh0eGxlcFI3OU1LenNiSHdKTUg1UkJyOWV6WEJoWm1XM2JTZkdGYW41WVJaMWtYSENRYnFRV25DOGNUVlA5UWVxWEx5MDZwdWJWQ0J4QTYxX3BaV21nSVJCNFJpMTRLajRVNmhYcHRIc2dzcWE5ZWtYVmQtb0xEVWRoWmFOclIybXFnZk44akh2MWtpMmRwemYzLWlxZEQ4UGpqSVZBOHlkcUE?oc=5,,"After months of terror, the six-member wolf pack responsible for wreaking havoc in the Mahsi region of Bahraich has finally been eradicated. The last wolf was beaten to death by villagers in Tamachpur village on Saturday while attempting to hunt a goat.
Following this, the forest department came to the village and recovered the body of the wolf. Further action will be taken after the postmortem of the wolf’s body.
“For many days the department’s teams were trying to catch this last wolf. When we got information that there was an animal body lying in a village. We immediately went there with our team and saw that a dead wolf was lying there since there were marks of wounds on his body. It is possible that these villagers or some other people killed it. We will investigate this. Only after investigation will we be able to say anything further,” Bahraich District Forest Officer Ajit Singh said.
For the past few months, this pack of six wolves had wreaked havoc across many villages in the Mahsi tehsil in the Bahraich district of Uttar Pradesh.
Earlier, the Uttar Pradesh Forest Department had initiated “Operation Bhediya” to apprehend the pack of wolves responsible for recent attacks in 25-30 villages under Mahsi tehsil in the Bahraich range of Bahraich Forest Division.
The Forest Department had captured the fifth ‘killer’ wolf on September 10.
In order to capture the sixth wolf, the Forest Department in Bahraich had installed snap cameras at most of the probable habitats of wolves in the area to monitor any movement.
Three snap-cameras were installed in Sikandarpur village around six caves, which local villagers claim to be the habitat of the wolves.
Nine people were killed and more than 40 people have been injured until now due to the attacks by the man-eater wolves in various villages of Bahraich.
(With inputs from ANI)","success(trafilatura, resolved_via_decode, 1849 chars)"
Wolf attacks in UP: Man-eater wolf attacks 5-year-old girl in Bahraich - PTC News,2024-09-03,Uttar Pradesh,Bahraich,Wolf,Human Injury,0,1,0,A 5-year-old girl was injured in an attack by a man-eater wolf in Bahraich.,0.98,single_incident,,PTC News,https://news.google.com/rss/articles/CBMiqwFBVV95cUxQam4xYTBqRWsxNG15QjRHX0FrRTJsS1R5ZzkyODdSRXo2MUFiNzZxdFZNTjFGbGwxWkNEUW9TM0J3SnZpTGs2cTdJQVhxS0wteE9HeDA0XzAyWm4yRmx1MVAxQ1FJcDVxMXlIT19jTFpWRTBCWVJoV2FVTGtITTRlSS0xdFRPbTVvVzJrY1Y4WkdhdWx4WlpyTUtBMFI2cVlNVUxLMGxaeVZybzTSAbABQVVfeXFMTzBibmM3ZVYwNjBWRnpTeUpoRTJYaFJoYW1rOTZlRG5GZm4xUVNvd0FWNTlveGhWUFNxZWdPT2dRcXRzX2dUR2E0a0FTaGN1Yk9TV09TZjdWaDVOZGFxeTRCTWVlY0w3a3VvWU9xZ2x0SWx1UXVwSGZKejkwdmotaFZvd1hzTFlUNkMzdlFEZ055WE11NHhJY19KU0otTzY4WklPWmhxb1Q0cWg2ZUFOUVY?oc=5,,"Wolf attacks in UP: Man-eater wolf attacks 5-year-old girl in Bahraich
Wolf attacks in UP: In a fresh attack by a man-eater wolf in Uttar Pradesh's Bahraich, a five-year-old girl was injured last night in the Mahasi Tehsil area. The girl was sleeping next to her grandmother at home when a wolf attacked her; however, swift action by her family and neighbours saved her life.
The injured girl was taken to a nearby community health centre for treatment.
Meanwhile, the Uttar Pradesh Police and Forest Department are conducting 'Operation Bhediya' in the Bahraich area to locate two killer wolves. The forest department has so far caught 4 wolves. The pack of wolves is claimed to be responsible for multiple attacks on residents in the area.
Wolf attacks in Bahraich have killed ten people and injured over 30 others, causing panic in the district's Mahasi Tehsil area. In the last two days, four people, including two children, have been attacked and injured, and one girl child has died.
Unidentified animal attacks have also been reported in the nearby Sitapur district. Three women were reportedly injured in what locals described as wolf attacks. A divisional forest official stated that the agency collected samples and ruled out a tiger or wolf attack.
- With inputs from agencies","success(trafilatura, resolved_via_decode, 1287 chars)"
28-year-old woman injured in attack by man-eater wolf in UP's Bahraich - India Today,2024-09-13,Uttar Pradesh,Bahraich,Wolf,Human Injury,0,1,0,A 28-year-old woman was injured in an attack by a man-eater wolf in Bahraich.,0.98,single_incident,,India Today,https://news.google.com/rss/articles/CBMiwAFBVV95cUxPcFBrVDBGR3FvRUVSNDB1REFqMHlsOGt2UmdEa1E0dVhXX0RFS011SHdySmd4Zi1oVzlXc0xlRURFRWR3SjE3VndSUW92MThzaWdsVUIyaUpJeVgyZklJRDNEYTBWNDNDUmRKNnFBXzZ4a29rWFUzQm04Y0pXVXRLc25LQjAyMHhzalhPc3hJVmgwZHZkd05TdldKV08xM2VjaGNCS0JkSVhtc1FUMEQtczlvNkhsYzMwUlZOQzNFYks?oc=5,,"28-year-old woman injured in attack by man-eater wolf in UP's Bahraich
The animal attacked a villager for a fourth consecutive day in Bahraich since the fifth of the six wolves on the loose in the region was caught by the authorities.
A 28-year-old woman was attacked by a wolf and sustained injuries to her neck and chest in Uttar Pradesh's Bahraich, officials said on Friday.
The latest attack took place in Singiya Nasirpur village in Bahraich, which has been affected by wolf attacks for some time now.
The animal attacked a villager for a fourth consecutive day in the area since the fifth of the six wolves on the loose in the region was caught by the authorities.
Wolf attacks continue unabated as people are living in fear as the man-eater animals are on the loose in the area. The escalating threat of wild animal attacks has sparked concern among locals.Â
Meanwhile, the authorities are trying their best to catch the wolf, but hardly any strategy seems to be working as continuous heavy rain in Bahraich is hampering search operations in the affected area.Â
The Singiya Nasirpur incident came a day after two separate jackal attacks left several villagers injured, including a 10-year-old boy. A jackal was also caught on camera moving through a field, prompting the Forest Department to be on high alert.
These recent incidents come amid an ongoing crisis in Bahraich, where wolves have claimed the lives of over 10 people and injured dozens more. Authorities have intensified their efforts to capture the predators, successfully apprehending five wolves. However, a sixth wolf remains at large, continuing to instil fear among the local population.","success(trafilatura, resolved_via_decode, 1661 chars)"
12 injured in jackal attack in UP's Pilibhit amid wolf terror in Bahraich - India Today,2024-09-08,Uttar Pradesh,Pilibhit,Jackal,Human Injury,0,12,0,"12 individuals were injured in a jackal attack in Pilibhit, Uttar Pradesh.",0.98,single_incident,,India Today,https://news.google.com/rss/articles/CBMixgFBVV95cUxNSGN3QjJ2cEV1bHNyT1IzT3ZZTFFQbDF4ZTNBVXByYzNQRTRVOFliTFRYOFY1YWxkdnlHZ0NlOFRTOUlUNkxRSXoxZ1hGOHRiMTRTeTVtZTQyc29IV2NDeUFzOGY5Q0tPZE1rTEdpcUJMU2xpRU5JQTgxeDJvQVhiWGVJQ3d5Tmppb0E2SHozOFpiUzZfeEN4LTlZWXRDa1AyUjhYVmREZGJOWmVnSXQtNmhzUm9Ma01EMnhYOXZIMFRSQl9MRXfSAcsBQVVfeXFMUFNwSC11U0VzTXltTk4zS1dDNVBsM21ZN1FwNG1rOXljd01aQXJwZnlUQXFnV2NXa1B1V3FoLTJTTEEwQ2MwVzZBR1lBT1dvNmE2UHBnTU1oS205cEV2aFhLX0Vock1mVGhKYTV6c3hSWGthcjF3ZHpkV2VDa2Fma2dzVXNENTZjRXczdmxuU2xQS1g5dmo2aEtyckhscmpRMnp5bHZzcm1jT1RjTnVBYWw5Nml4YmExMDQ1NTUwR2N6TV9TSjc4NjkxRDQ?oc=5,,"12 injured in jackal attack in UP's Pilibhit amid wolf terror in Bahraich
A pack of jackals attacked people in two villages in Uttar Pradesh's Pilibhit district in which at least 12 people, including seven children, were injured.
At least 12 people, including five children, were injured after being attacked by a pack of jackals in two villages in Uttar Pradesh's Pilibhit district.
According to the locals, the jackals first attacked children in Suswar and Pansoli villages in Jahanabad area when they were playing outside their homes. When some elderly people rushed to protect the children, the wild animal also attacked them.
After the attack, all 12 people were admitted to Jahanabad's Community Health Centre (CHC), where they were receiving necessary treatment.
Enraged by the attack from the jackals, the locals then kill one of them.
Upon receiving an alert about the jackal attacks, a team from the local administration and forest department rushed to the spot and started an investigation into the incident.
The attack by jackals in Pilibhit came at a time when wolf attacks in neighbouring Bahraich district have killed a total of 10 people, including several children.
About 36 people, including women, children and the elderly have also been injured in wolf attacks in Bahraich.
Speaking about the attacks by a pack of jackals, Pilibhit's District Forest Officer (DFO) Manish Singh said some villagers earlier claimed that the attack was done by a pack of wolves but it was later confirmed that a jackal was behind it.
""We are monitoring the situation. These jackals have become aggressive because the rains have flooded their hiding places, forcing them out. Also, it is their mating period, during which they tend to be more aggressive. We are keeping a close watch on them.""
Meanwhile, Pilibhit's MP Jitin Prasada also spoke to the locals about the incident over the phone.","success(trafilatura, resolved_via_decode, 1891 chars)"
"Wild boar attacks wreak havoc in Hajin, injure woman, damage rice nursery beds - Kashmir Reader",2024-05-08,Jammu & Kashmir,,Wild Boar,Crop Raiding,0,1,0,Wild boar attacks in Hajin resulted in injuries to a woman and damage to rice nursery beds.,0.98,single_incident,,Kashmir Reader,https://news.google.com/rss/articles/CBMitAFBVV95cUxPLXVyODlGOG1jZGkwaHNDS182TzUyaXFZc1VXVWVXQ1pSUVVaMXRUZVhvbzYzNzZidzA0OVFZTzNxdHBzaDJSdVBQeWFraTA5bFVFUWZsQU5OMFhqMTRRX2VsUXBaMFQwZFVqTTd6OTFWVExLTEhVYVJBUkp2d2lWWVVndnR6ZnZmWXBwTzYxM2JUVEJjVHVILXl0ZW9hTmg3T2tWVXM0b3VQdzk5UzhlUE5GajA?oc=5,,"Farmers demand immediate steps to tackle menace
BANDIPORA: A wave of fear and distress has gripped the town of Hajin in north Kashmir’s Bandipora district as wild boars continue to wreak havoc, leaving residents and farmers in a state of shock.
On Tuesday, a 65-year-old woman, Sarwa Begum, wife of Hajin resident Ghulam Hassan Wani, became the latest victim of a wild boar attack.
Eyewitnesses recounted how the boar emerged in the orchard fields and aggressively targeted the woman, leaving her injured. After receiving initial treatment at CHC Hajin, she was referred to JVC for further medical attention.
This incident comes just days after a 56-year-old man was also injured in a similar attack, underscoring the escalating threat posed by wild boars in the area.
Meanwhile, the wild boars have unleashed chaos in the Hajin, leaving residents reeling in shock.
Their latest rampage has targeted rice nursery beds, dealing a severe blow to the agricultural community in the area.
The locals said that the increasing population of wild boars in Hajin is creating problems for the farmers in the area. They said the animals destroy the crops in the fields causing heavy losses.
Farmers, who depend on these nursery beds to plant paddy crops, are facing an unprecedented challenge this year as many rice nursery beds were damaged in the area.
They said the relentless onslaught of the wild boars may render it impossible for farmers to carry out their usual agricultural practices this year due to extensive damage to the nursery beds. The damage inflicted by the boars cuts deep through the heart of the town’s agricultural sector, they said.
Sajad Ahmad, a farmer, said the wild boars are damaging crops including paddy and vegetables, besides vegetables. He said if immediate steps are not taken immediately, the losses would be very high in future.
Expressing their dismay and frustration, farmers have called upon the wildlife department and administration to intervene swiftly and effectively to address this pressing issue before further damage is done to livelihoods in the area.
They warned that failure to do so could lead to irreparable damage to the town’s agricultural sector and livelihoods of its residents.","success(trafilatura, resolved_via_decode, 2223 chars)"
Hoshiarpur: Wild boar attack on crop leaves farmers worried - The Tribune,2024-06-21,Punjab,Hoshiarpur,Wild Boar,Crop Raiding,0,0,0,Wild boar attacks have left farmers in Hoshiarpur worried about crop damage.,0.98,single_incident,,The Tribune,https://news.google.com/rss/articles/CBMioAFBVV95cUxPTzhpUUFlNk83YUtHNkV1eUNDTnhwX3RjZkExejB6dDdTc1FsVWdzQUJqLTVkbldocC10bk9XMUtQVUpsSDZDVnFCelVWaktKVjhHNy1FR0gxQVRMV2oxcmJrSE5YZXBEYzVLTkFWNWZCcnVqRHpLSXlJU2E2WldoM2RrNmhvblVTd0xSY1A2V3B4NzVGM1NmUm5sN2lNTldG0gGkAUFVX3lxTE1nc3VHUko0OU0ya1BvVHUwUUJ0MVpZVUZVaTE5TjBfTHVaUlZ3ZXQ4VDJ3R0xndmg4SmtXWmxtRGNEN3hieDZHOVV2ajhQUUlOd2xHS0QyYXV1NW82cUNCTWJhOUlZY0h3NGE3dXJHMTdxeEpHMUxPTW9JOTM0Q2Z0MFBxTWlkNm9SQVZiQmo4QWY1T0k2MHBUcEctMTAzTVBHS3ZH?oc=5,,"Aakanksha N Bhardwaj
Jalandhar, June 20
In a week, paddy transplantation will start and Parminder Singh, a farmer from Dadiana Kalan from Hoshiarpur, is ready with crackers, phenyl, iron wires and a battery to keep wild boars away.
Assurance to farmers
The wild boar issue is troubling farmers a lot. Yes, the area under maize has reduced. We will definitely adopt measures so that the cultivation of maize increases. Kewal Singh, CAO
Apart from worrying about the input cost, growth of paddy and income, another major worry that has engrossed his mind is how to tackle the attack of wild boars on the crop. He is not alone, the farmers living near Kandi and Bet areas in Hoshiarpur have this fear. They burst crackers and spread phenyl clothes outside their fields so that the smell keeps off the boars.
Farmers have also installed an iron wire along the fields with a battery that creates current in the wire. “Last year, I had sown maize on 1.5 acres but wild boars ravaged my entire field and I was just left with 10 corncobs (challis). I had suffered a heavy loss. There was an input cost of Rs 40,000 in preparing the crop on 1.5 acres,” Parminder said.
The gravity of the problem is such that the farmers have started reducing area under other crops like maize, paddy, groundnuts and have switched to agroforestry.
As per the information received from the Agriculture Department, the decrease of 7,000 hectares and 5,000 hectares of area has been witnessed in the case of maize and paddy crop over the years.
Another farmer Jaswinder Singh from Lambra village said, “Whenever a boar try to enter the field and touches iron wires, it gets shocked. But, it is very costly. Not only this, we also make rounds of our fields at night with torch. I used to grow maize, paddy along with sugarcane on eight acres of fields, but now I have switched to growing of trees.”
The area under poplar and eucalyptus has increased from 15,000 hectares in 2019 to more than 25,000 hectares this time. With the mushrooming of plywood factories in the area, the switch to poplar and eucalyptus has become a great source of earning for farmers.
They have been demanding subsidy on electric fence which can be a suitable alternative to shoo away wild boars. Senior officials from the administration say that the subsidy on electric fencing, which was stopped years ago, should be restored as it will be of a great help to the farmers. “The wild boars attack on the crops is affecting farmers’ income. The permits to shoot wild boars are also issued by the SDMs after checking every detail properly,” Komal Mittal, Hoshiarpur DC.","success(trafilatura, resolved_via_decode, 2612 chars)"
"Wild boars attack UP farmer, chew his genital - The Times of India",2018-05-18,Uttar Pradesh,,Wild Boar,Human Injury,0,1,0,A farmer in Uttar Pradesh suffered injury due to an attack by wild boars.,0.98,single_incident,,The Times of India,https://news.google.com/rss/articles/CBMivwFBVV95cUxPMDVJM3RMRG5acHZzQVJLb2owb0p2eVpGU2VaSEFZeXN1ckswajJ4NjEwaUNXTHdyYWlDZXJKdXNwTHYwQVhUT0VuMjhCaXVmZkVyWTVHWEJKNlJ2Y3hnanVWYTQ3ZmdYR0pWTlc1cFl6RExFWEFKeXlxTjU2bWNCcElxX1ZyMlpaV09TdHN5WG51Ykw3U1JVRDVTeHZRUmR4amFTdXhuNUZpTHJWeXRNZTNWMEdtU3RhRkY3ZDQ5MNIBxAFBVV95cUxNLWV3Ylo2Y3A3Z2RiSnc5YUlaXzB4c3VSZkU2aHR3QXVZN3NybzJZLUt5TVlRT2gtNTVBM1VvQ01RRkJiUUV4Z3ZUSW1ObXpRWnFQQWdrZzNCanRUdTBJV3JMQXh5NzUzYUNKbm8tb0VvOEVzMF9kOVQwbEU5RlcyZElhNkQ2QVRsR2gyQkhIdUl0OUtDaEJ5ak5JMU9IbDNzcVZWdGprNm9pOWowRkQzdEsxcWhvWFZvc295MkJhWThYMkxz?oc=5,,"SHAHJAHANPUR: In a bizarre incident, a group of wild boars attacked a couple of farmers in Shahjahanpurâs Lalpur area on Wednesday night and chewed the private parts of one of them while injuring the other.
 The victim, Ram Manohar, 55, had gone to answer natureâs call in a sugarcane field when a fully-grown adult wild boar suddenly emerged from bushes and attacked him.
 Local residents rushed to him after hearing his shrieks and rescued him as they drove the animal away with sticks. 
 Manohar, parts of whose thigh and private parts were chewed by the boar, was taken to the local community health centre from where he was referred to the district hospital.
 In the meanwhile, the group of wild boars rushed out of the cane field and injured another villager, identified as Ram Sahay, who was sitting outside his house.
 Panic gripped the area where villagers kept vigil throughout the night with stick and torches.
 Dr 
Sandeep Verma
, superintendent of health centre, said, âThe injuries on the victimâs private parts were serious. Hence, we referred him to the district hospital.â
 Balhar Singh, a local farmer, told TOI, âWild boars are a huge menace for us as they are fond of sugarcane and often destroy our entire crop. It is extremely difficult to take them out of the field if they come in a herd. There are no carnivores in the adjacent forest area and this is why their population is increasing day by day.â
 Divisional forest officer Manoj Khare said, âIt is an unfortunate incident, but there is nothing much we can do to control wild boars and nilgais. We can provide permission to shoot wild boars if someone asks for it; however, there is no provision of providing any compensation to the victim by forest department.â
 Boar attacks on humans have been documented since the Stone Age, with one of the oldest depictions being a cave painting in Bhimbetaka in Madhya Pradesh. 
 A 2012 study compiling recorded attacks from 1825â2012 found accounts of 665 human victims of both wild boars and feral pigs, with the majority (19%) of attacks in the animalâs native range occurring in India. Attacks on humans are rare, but can be serious, resulting in multiple penetrating injuries to the lower part of the body. The animal typically attacks by charging and pointing its tusks towards the intended victim, with most injuries occurring on the thigh region.
Read this story in Marathi","success(trafilatura, resolved_via_decode, 2399 chars)"
"Tiger kills woman in Champawat district, body recovered - The Times of India",2017-04-26,Uttarakhand,Champawat,Tiger,Human Death,0,0,1,Tiger killed a woman in Champawat district.,0.98,single_incident,,The Times of India,https://news.google.com/rss/articles/CBMiyAFBVV95cUxNNlllSmo2OHdTb1Y4Wk5ZZGotcWVMakFQMklyUHI0RHBCS1h0V0hIN21uZHZFREREUlNEZVdCazkzVHdya0Nnak9JTEhHa1ZSaktOTmktc01xdFA5YVE1cE9WcE9BR2tMZWM4NUhfX2pPZThnN3RlTjlxeDRRX2N5bTJTaXRCRXBOOUd0MHFfaFJsY3duUktWOEptaFRkd1NJN2lBdmVIVVdsRHNPWTRya3VzZWVFOUY2Q3Z2Zmh0TDZfenBOMHNwNdIBzgFBVV95cUxPZHA3ei1BTEt4NW8zU3QwdS1zV0g0M2kzRlgyZkhJQVJGeUtJMVFsOWlrNUJXckdNbXhLc0lJMUkzR0tPc3N3S3RVc0lYdzZEU05WRzNnYWR5cEExQ1ptVHA5NGZhMzdzcVoyM3VVTWo5STF1WUF3aWJ2eXk3V3VHZTRrT1RtNGstcXBPMmcyLXBueFhkSHRCbmdaZVVZY0lKS1J5OTFRa19zbVNLRW9uM3JJbExiWkI4UkJqdnZvOEFkYkZhREFqRmtuWDBQZw?oc=5,,"NAINITAL: In yet another incident of human-wildlife conflict, a woman was killed by a tiger in Tanakpur of Champawat district on Monday. 
The half-eaten body of the victim was found in the forest close to populated area. Parag Madhukar Dhakate, conservator of western circle, Kumaon, said, ""We have placed two capture cages and deployed more than 25 staff on patrolling in the area.
An advisory has also been issued to the residents to avoid visiting forest areas."" 
 When Radha Devi (45), who had gone to collect fodder for cattle near Diyura forest in Aambagh area in Tanakpur, did not returned home at her usual time, her kin and villagers started searching for her, only to find the half-eaten body of the woman. 
Last month, Bhagwati (33), a resident of Kadirabad village in Bailpadav forest range, had gone to collect fodder in the forest in the vicinity of Dabka bridge near Corbett Tiger Reserve, when a tiger attacked her. Her companions ran for their lives and within 30 minutes locals reached the spot with canes, rods and drums to scare the animal away to give woman a chance for survival.
The move backfired as the tiger attacked Lakhpat (52), a relative of the woman, and dragged him into the forest.
 In October 2016, bringing to end a search operation that cost nearly Rs 1 crore and lasted for almost 40 days, an elusive man eating tigress was shot dead by a forest department shooter in Gorakhpur village.
 A helicopter, drones and a team of 150 personnel, including five shooters and more than 100 camera traps, were deployed to track the tigress, which evaded the trap using a vast expanse of sugarcane and other standing crops.
 Later, named as 'Sugarcane Tigress', the animal had become a nightmare for people of the region, leaving the department on tenterhooks. The tigress had killed at least two people and left four injured.","success(trafilatura, resolved_via_decode, 1851 chars)"
"Caught On Cam: Bear Attacks Man At Kashmir Golf Course, Official Says 'Playing Dead Saved Him' - ETV Bharat",2026-06-27,Jammu & Kashmir,,Asiatic Black Bear,Human Injury,0,1,0,A bear attacked a man at a golf course in Kashmir.,0.98,single_incident,,ETV Bharat,https://news.google.com/rss/articles/CBMi1wFBVV95cUxQTHdXajFmQ1FJek1sZnRqak9kSFk2Z0Z4dEJtX1BMRU82SkFfRU1fcHZfZ2twZS02dEZuX2Y4Z1VCREdDeTVIZC1jZnY0QmVLenBvb2dXdWd0ZHF0XzlKTnRPckUyRWd6UmZtb0tINU1UNl9tQkZBY1F2SmlJaVRLdkNCR01aMHJYY203Nmc4dlVCajRFMGpxR1RCMTRqOHZvSmVFS0ZyUGpjX1Q3NUtfc215cUkyd2g5V1RfaGpRMGl5RGdKRzdSWVczUWoxS2h3UGlBUnBhMNIB3AFBVV95cUxQOWQwbVMwR0d2MTZjMDlfdnpRY0xzZGNTSm9jdTdmN1l6M3RBenhxQUFDLVcxOWt6N1lRUEU3U09qUWF0NTJ2eGNjQkd2MGdIQmxLdDFzZUVtWTlzazJILUxHSkFRd3lpMjZ1eTdSQkluNFF5SDdRUGVVeUJpalVIZDZaZFJqN3ctMDF4R0VSeUNVcndZODJoNTFPVUh4ZEdkZnV6WjlweER6bzhVMHdBS3BVN2lWekFYZWRCZGhrQ3ItN0RicWpFSDBSVC1kQ0o4RHBQdE5aQmJ2cDEt?oc=5,,"Caught On Cam: Bear Attacks Man At Kashmir Golf Course, Official Says 'Playing Dead Saved Him'
CCTV footage shows a massive black bear attacking a man, who retreats in fear and shock.
Srinagar: A casual labourer was injured after being attacked by a black bear while on night duty at the Royal Springs Golf Course in Srinagar, prompting the Wildlife Department to intensify efforts to capture the animal.
The incident took place during the intervening night of June 24 and 25 when Ajaz Ahmad, a resident of Tral in south Kashmir's Pulwama district, was at the main gate of the golf course.
According to officials at the Royal Springs Golf Course (RSGC), the bear suddenly emerged and attacked Ahmad, leaving him with minor injuries.
""Ajaz Ahmad was performing his night duty at the gate when the bear attacked him. Realising the danger, he immediately lay flat on his stomach. Some passersby heard his cries for help and rushed to the spot. The commotion and the presence of people forced the bear to retreat into the nearby forest,"" a golf course official said, adding, ""Playing dead saved him from fatal injuries.""
Ahmad was shifted to a hospital for treatment soon after the attack. Doctors treated his injuries and later discharged him as they were not serious.
CCTV footage of the attack shows the bear lunging at Ajaz, who retreats in fear and shock, while dropping the stick he has in his hand. The bear then tries to maul him but luckily backs off and runs away after a few seconds.
The attack has triggered a search operation by the Wildlife Department. Officials said a rescue team has been stationed at the golf course for the last three days and multiple cage traps have been installed to rescue the bear. However, the animal has remained elusive.
Wildlife officials said trapping a bear is often a time-consuming exercise, particularly in areas that have natural forest cover and abundant food sources.
They said the golf course lies along the foothills of the Zabarwan range and shares a boundary with the forest landscape connected to Dachigam National Park, making the movement of wild animals into the area a recurring phenomenon.
The Wildlife Department has advised staff and visitors to remain alert, especially during the early morning and late evening hours when bears are most active.
Bear sightings at the RSGC have become increasingly common over the years.
In September 2024, a video showing two bear cubs calmly walking across one of the course's fairways went viral on social media. The footage also showed golfers continuing their game without panic as the cubs wandered through the sprawling course overlooking Dal Lake.
The latest attack has also revived memories of another prolonged wildlife operation in Srinagar.
In December last year, a black bear kept residents on edge for nearly 11 days after repeatedly appearing in some of the city's busiest localities, including the National Institute of Technology Srinagar, Kashmir University, SKIMS Soura and several residential neighbourhoods.
The animal was finally captured near Nigeen Lake after wildlife teams, assisted by Srinagar Police, carried out continuous surveillance and installed specially designed cage traps.
The Golf Course itself has long been associated with debates over wildlife conservation.
The 18-hole course was developed on land that once formed part of the Salim Ali National Park, also known as the City Forest National Park. Situated on the foothills of the Zabarwan mountains, the forest supported a rich variety of wildlife, including the critically endangered hangul, Himalayan black bears, leopards and dozens of bird species.
In 1998, the then Jammu and Kashmir government decided to convert the protected area into an international-standard golf course. Large numbers of trees were felled, slopes were levelled and renowned American golf course architect Robert Trent Jones Jr. was brought in to design the facility.
The Royal Springs Golf Course was commissioned in 2001. Conservationists had then expressed concern that the project would fragment wildlife habitat and displace animals that had traditionally occupied the area.
Wildlife experts say occasional movement of bears through the golf course reflects the close proximity of human activity to natural wildlife corridors around the Zabarwan hills and Dachigam landscape.
Officials said rescue operations will continue until the bear is safely rescued and relocated. They have appealed to the public to avoid venturing into isolated areas around the golf course after dark.
Read More:","success(trafilatura, resolved_via_decode, 4556 chars)"
"Leopard Attacks, Kills Minor Girl in South Kashmir - Kashmir Life",2025-12-17,Jammu & Kashmir,,Leopard,Human Death,0,0,1,Leopard killed a minor girl in South Kashmir.,0.98,single_incident,,Kashmir Life,https://news.google.com/rss/articles/CBMiiAFBVV95cUxPMTBJN2RYMXZnWmdqQXVndndpZlNzdElLWGZaeWh4RkF3ZDdQcGdCQXBwd3hVLTlKZUhpNGRmeUZiM1VvajF5RldTeExwbzBTdE9ORUJmeWczdl9hdWF0bjlfOFd1VG1DYzlVN1p4V2c2MGo3WU83di1NZ2NfTzVOQ0RTODlGZWlV?oc=5,,"SRINAGAR: A leopard attacked and killed a minor girl in the Khiram Sirigufwara area of south Kashmir’s Anantnag district on Wednesday evening, officials said.
According to reports, the wild animal attacked the girl in the locality, killing her on the spot. She was identified as the daughter of Riyaz Ahmad Paswal, a resident of Khiram Gujjar Basti Galan in the Sirigufwara area.
The incident has triggered panic and fear among local residents. Soon after the attack, locals alerted the authorities, following which teams from the Wildlife Department rushed to the spot to assess the situation.
Further details are awaited. (KNC)","success(trafilatura, resolved_via_decode, 629 chars)"
Uttarakhand: Leopard kills 2 young girls in Chamoli district | India News - Hindustan Times,2015-07-02,Uttarakhand,Chamoli,Leopard,Human Death,0,0,2,Leopard killed two young girls in Chamoli district.,0.98,single_incident,,Hindustan Times,https://news.google.com/rss/articles/CBMiygFBVV95cUxNVlpUOXE2c1ZDWklUcm96Y3o0dFAxRkhWOWNNSnV6QmhadGpJVHJkdW50MjZobHk1U0t0dGFIOHp2SlRJN2tFRVB2WGEyTklIOHJ4M3J5MFFUMHg2d3VWVk1DOGwyVGx2VlpHNEJIYXY2c0k0dkV0d3pYdVUxc0h0YUh4QzBNdjlneW9VVkdSeXhxaDdfZVdPR2tpWW4zcE1pNU4wcm5ZTmZxSFR4X01vdGlraXhMVFVjTmswYXVoUVM2NjJWYUpRWXln0gHPAUFVX3lxTFB1Q3A3eUU1TnZoWUJIdmFySVFfTTlUNFdDejlpNVpFSHZkQmdnV2dlQ3RSZGdWbzVMWWdheUVtRXBwRmpJWE1jbm1jLTM5cjkzb0VYUUZoU0N0WGtXNlpZbkFaRmRLM0I3WGZHU19pSlVVelhJcWJZZG9ZMHM3ZHRfWC03NV9LdS01cVNGY2ZfamZOalhoTTBOZjB0THVDX3BUNVFETXNTaFNnSzNTcDdXbDBzNHpDbE9PWjJaMy1ZVURUb0ZQSUtYZTVzckwyWQ?oc=5,,"Uttarakhand: Leopard kills 2 young girls in Chamoli district
A leopard killed two young girls late on Wednesday in Uttarakhand’s Chamoli district, sending shockwaves among terrified local villagers amid increasing man-animal conflict in the hill state due to breakneck industrialisation and burgeoning population pressure.
Laxmi, 14, was found dead by her mother inside a cowshed around 2 kilometres from her village of Partha while the body of her sister, nine-year-old Kavita, was discovered in a nearby jungle, just outside the shed where they had gone to feed domestic animals.
When they didn’t come back till 7pm, the mother went in search of the girls and heard the leopard roar.
""She ran towards the cowshed and was horrified to see the dead body of her elder daughter lying in the cowshed,” said Narendra Singh, a relative.
Since its creation in 2000, Uttarakhand has lost 257 people to leopard attacks with a shrinking prey base and human encroachment on its habitat triggering a spike in man-animal conflict, most of which are reported from areas on the edges of forest reserves.
The state has one of the highest leopard populations in the country at 2,335 and the big cats have already killed at least 10 people this year.
But the latest attack has officials worried since this part of the district hadn’t seen such an attack in the past five years, causing panic among residents who are dependent on the local forests for their daily chores and livelihood.
""A cage has already been installed at the strategic point and a team of experts has also been dispatched,"" said NN Pandey, district forest officer of the Badrinath forest division. Officials could only reach the area early on Thursday due to heavy rain in the area.
Residents in three well-populated villages nearby are now scared for their lives as the area is covered in thick forests.
""The village Sagwara is very close to the cowshed where the leopard killed the two sisters,"" state Congress committee secretary Sushil Rawat told HT.
""Now that two precious lives are lost, the beast should be declared a man eater and either be caught or killed to relieve the people of the panic,"" Babita Bisht, Sagwara village chief said. Since 2000, 141 leopards have been declared man-eaters, out of which 32 have been killed.
The attack comes barely a week after a man-eating leopard was shot dead in Pauri district after it killed two people.","success(trafilatura, resolved_via_decode, 2404 chars)"
South Kashmir: 8-Year-Old Boy Injured in Leopard Attack - Kashmir Life,2025-09-29,Jammu & Kashmir,,Leopard,Human Injury,0,1,0,An 8-year-old boy was injured in a leopard attack.,0.98,single_incident,,Kashmir Life,https://news.google.com/rss/articles/CBMijwFBVV95cUxQS3B3SGROWTBxeklKOE1CeldIcXNETnJwMkRRVTY4WWNBaUo1eXBRRjBKVE5tNy1SY0V3ZjZEU2JRUHNhWkdGcjQ5ZFJGQ0sydURnR0tlWndmdEtnZlV6VG8zWEtZdjRXZW1pdU5PQXhTV3FZQnd1SVdxU0NTOXVzQjBpMzZCSUt3TkpnM045QQ?oc=5,,"SRINAGAR: An eight-year-old boy sustained injuries on Monday evening after being attacked by a leopard in Chetragam area of south Kashmir’s Shopian district, officials and locals said.
The victim, identified as Rehan Suhail of Kashwa locality in Chetragam, was reportedly riding his bicycle around 7 p.m. when the wild animal pounced on him. Alert villagers rushed to his aid and managed to drive the leopard away, rescuing the boy from further harm.
“He was suddenly attacked, and it was a terrifying moment. We rushed immediately, making noise and throwing stones to scare the animal off. Thankfully, the boy was pulled to safety,” a local resident said.
Rehan was rushed to the Sub-District Hospital Zainapora, where doctors provided first aid before referring him to Government Medical College (GMC) Anantnag for specialised treatment. His condition was reported to be stable, though he sustained multiple injuries.
A Wildlife official said the attack reflects an increasing number of leopard sightings in parts of Shopian, particularly in areas close to forests and orchards. “We urge people to remain vigilant, especially during evenings. Parents should ensure children are not left unattended in vulnerable areas,” he said.
Locals in Chetragam said leopards have been spotted in their orchards and fields several times in recent weeks, creating fear among villagers. “These incidents are becoming more frequent. Authorities must intensify patrols and take measures to trap or relocate the animals,” a villager remarked. [KNT]","success(trafilatura, resolved_via_decode, 1532 chars)"
"Leopard Enters CRPF Camp in South Kashmir, Jawan Injured - Kashmir Life",2025-12-24,Jammu & Kashmir,,Leopard,Human Injury,0,1,0,A CRPF jawan was injured when a leopard entered the camp.,0.98,single_incident,,Kashmir Life,https://news.google.com/rss/articles/CBMikAFBVV95cUxPNFVrNnNNamNBcGpiR0ZjRDBiT1QyN0xYd01BdTNOajN0TGd5X0xJenpGWFIyQ3phOWYzVlllV3BqLWt0UWltRkc2ZHUxNmZwRk5wMFFMSDAwLVdjTlFDSjdUdzhZWlpVaDJyQTlmdFdJRnpIdUI4Qlk4RGRCUUZBUXhOTS1ydEctVF96NWxnNno?oc=5,,"SRINAGAR: Panic gripped in a CRPF camp in Kapran area Anantnag in South Kashmir on Wednesday morning after a leopard entered the premises and attacked personnel during breakfast hours, leaving one jawan injured.
Official said that the incident occurred in the morning hours at the Kapran camp, when jawans were assembled in the mess for breakfast. Suddenly, a leopard strayed into the camp and attacked the personnel.
During the incident, one jawan identified as HC Kamlesh Kumar sustained injuries. He was immediately rushed to a nearby Primary Health Centre (PHC), where he was provided prompt medical treatment.
They said the condition of the injured jawan is stable. (KNC)","success(trafilatura, resolved_via_decode, 676 chars)"
"16 sheep killed, 17 injured in leopard attack in Budgam - thekashmirimages.com",2026-09-10,Jammu & Kashmir,Budgam,Leopard,Livestock Attack,16,0,0,Leopard attacked and killed 16 sheep and injured 17.,0.98,single_incident,,thekashmirimages.com,https://news.google.com/rss/articles/CBMimwFBVV95cUxObDNjUGY5VG5OSnVBQUY1TWkwZ21sU1d1WHJ1T1JnTGhqQmtscFhoSTRmaXRQajNfM0hFd3dRTmU2amltS1RGaF9ON0lmR2t3QVZCME13ZHlGTGZlQ3NJdmpoSVQ0MjROakFHM0R5MDhtczlVTTEzcE92YjQxaWtSZXZSUnk1RHkweG5QeEo0bHNMaDRYcDNleTlhTQ?oc=5,,"Budgam: Sixteen sheep were killed and 17 others injured after a leopard attacked a flock in the Chadoora area of Budgam district during the intervening night of Wednesday and Thursday.
Imtiyaz Ahmad Chopan, owner of the flock, told the news agency—Kashmir News Observer (KNO) that he believed a leopard had attacked his sheep, though the animal’s identity is yet to be confirmed.
He said the animal entered the livestock enclosure in Badipora village of Chadoora during the night and attacked the flock. “We depend on livestock for our livelihood, and the incident has caused significant financial losses for us,” he said.
Chopan appealed to the government and concerned departments to provide immediate assistance and compensation for the loss of livestock.
Meanwhile, locals also urged the Wildlife Department to inspect the site and take necessary measures to prevent further attacks in the area.—(KNO)","success(trafilatura, resolved_via_decode, 905 chars)"
19 sheep killed in snow leopard attack in Mustang - Nepalnews.com,2025-12-12,,,Snow Leopard,Livestock Attack,19,0,0,Snow leopard killed 19 sheep in Mustang.,0.98,single_incident,,Nepalnews.com,https://news.google.com/rss/articles/CBMikwFBVV95cUxNVFVMSmZOOHlpdXJBNGVvVjZEUjZMeGpzcGhDcEYzanRSSV91XzB4MjkxR1JlTmsxT08wUWJmb1RkUjZ2R2MtU19FZlk5XzJYYnRqcUVUeXlqallqeFlXZTBxeS1CWXYyenpoRmttYmdGQ3ozb3VBQk13enMzZEZPYS1yS21QTmppcU9jNVZMYkNNY1E?oc=5,,"MUSTANG: Sixteen sheep and three mountain goats were killed in a snow leopard attack nearby Temperate Horticulture Development Centre at Gharpajong-2, Marfa last night.
The Annapurna Conservation Area Project Jomsom has reported that a snow leopard entered the sheep pen of Santosh Pariyar, a local, and killed the sheep.
There were 45 sheep in his farm. 19 sheep among them were killed in the attack by the leopard, informed Rajesh Gupta, head of the ACAP Jomsom office.
The preliminary estimate indicates a loss amounting to Rs 600,000. He shared that representatives from the Annapurna Conservation Area Project Jomsom, and a team from the District Police Office are heading to the incident site.
As reported, conflicts between humans and snow leopards have been increasing visible in the area lately.
During winter, snow leopards search for prey species and come closer to human settlements in lack of grass in grazing areas.
Snow leopards, following their prey, also approach settlements and cause damage to local herders’ livestock.
In the recent times, establishing coexistence between humans and snow leopards has become tricky due to climate change effects.
Citing these reasons, some farmers have started abandoning livestock rearing business in the district.","success(trafilatura, resolved_via_decode, 1269 chars)"
"Leopard Kills Man, Injures Five Others In Himachal Pradesh; Succumbs After Being Attacked By Villagers - ETV Bharat",2025-12-24,Himachal Pradesh,,Leopard,Human Death,0,5,1,Leopard killed a man and injured five others in Himachal Pradesh.,0.98,single_incident,,ETV Bharat,https://news.google.com/rss/articles/CBMi5AFBVV95cUxOZXVGMkJ6Nkdrd1hCeXRKbXo3dmxZOFpkVVZpcjhzNmlEOVR4cW5jQ29vQ0JDSVJ3S1Ztc0hYYl9UWWJRLURzbGVYVHZ3U3ZhbDlPVEpOZHdSb3JrN3dJTF9tUmw3U21TZXFZVGhhR0ZJSXZ0QkRadFd5dkZJNTRxOGhoZU1yNktwUHdXcHV5R0EtY3J1VnYzTlRvYnlBZFFrdk15elNYWkpYNWFvTmY0Z2hSNjdISmJjdGh5T09ncjFKYkROSFR3YVRRVFFFYUtkdXRZbS1NRHpvNmRPOU53amZhNy3SAeoBQVVfeXFMTUdBYWFLQzk2d1JwSkVEWVZadW9ib3JKS09Jb1J0ZVdFQjR5Z25nN1l0YTByNkY5ME1sd1VyMjVXNkVuSWQ0ekFSbG43S2tYYk9lTUNoTFRHbzJicWNPV3kxbU9SYy0yTzZNdXFIQlE1T1VoX1M0d2VOdC1TZ1NGMTZ2dm5IUzkwaElRUVdTMUg4TVRBX3REcXNOOHNaZUlhbUt6TjhWREF1TFdWMHlkZTcxbTl6R3F1aWF6dnU5RFhRU01CUGpzaVcxamZVdDh6VVpFTVN4aFRrX1Y2MlY4bXl6aVJXdmdweWtB?oc=5,,"Leopard Kills Man, Injures Five Others In Himachal Pradesh; Succumbs After Being Attacked By Villagers
Balveer Singh (40), who came to visit his relative in Malwana village, had gone outdoors to relieve himself when he was killed in leopard attack.
Mandi: A villager was killed and five others, including two women, were injured after a leopard attacked them in Himachal Pradesh's Mandi district on Wednesday, an official said. Armed with sticks and sickles, panic-stricken villagers later attacked the leopard, which succumbed to injuries.
According to forest officials, an atmosphere of fear had been created in three villages, Chandiyal, Bhandiyal, and Malwana, in Balh valley of the district as the leopard was attacking whoever it encountered. The villagers were terrorised and in order to defend themselves, they came out of their houses and together attacked the leopard with sticks, sickles, and sharp-edged weapons. The attack resulted in the leopard's death.
Forest officials have identified the victim as Balveer Singh (40), a resident of Bhuili, who had come to his relative's house in Malwana village. Officials said Balveer had gone outdoors to relieve himself when he encountered the leopard, which attacked him, and he sustained severe injuries on his neck. Balveer died on the spot, they added.
The injured have been identified as Sahib Singh, a native of Bihar, and Dinanath, Champa Devi, Janit, and Rekha Devi, who were all residents of Bhandiyal and Malwana villages. The injured were taken to Medical College Nerchowk, where they are currently undergoing treatment.
Following the incident, police and forest department teams reached the spot and sent the body for post-mortem. The forest team will also send the leopard carcass for post-mortem.
Balh Sub-Divisional Magistrate Smritika Negi said one person died and five others were injured in leopard attack. The administration is providing immediate relief to the family of the deceased and the injured. Forest department and police teams reached the spot immediately after receiving the information, and an investigation into the entire incident is underway.
Balh MLA Inder Singh Gandhi visited the hospital and inquired about the condition of the injured. He expressed deep sorrow and assured all possible assistance to the affected families.
Also Read","success(trafilatura, resolved_via_decode, 2326 chars)"
Chaos in Himachal's Una as leopard attacks villagers. Rescue video goes viral - India Today,2025-10-21,Himachal Pradesh,,Leopard,Human Injury,0,0,0,"Leopard attacked villagers, causing chaos in Himachal's Una.",0.8,single_incident,,India Today,https://news.google.com/rss/articles/CBMiygFBVV95cUxPcDZMZGVtYU5tOTZZajd5LVlVbFNDbUx6Q2x4WEdjcE1qZDBpMkdwR1VIcTBZNXVUWXAtSW5CcUc0WElVeUVFRTluSThjaF9lcEpNdGx5UTY5UXoteWxhY0x5MHVsVGhPYVRKaFFhOW5iaUh2OGFTdmc2U3EzWnZWb0FzS1JXMDFXVlprX0w4cFlsbmRSUWxqY24zaVd0enZhOURXdnpNMVJKeDJpQ1ZPQjE5dHVVamJsM3puWFRrdGdkaFZOVkxzaTZR0gHPAUFVX3lxTE5DZmNCc0dPYS1rT1MtYzlfT28xdk4yZVg3OTB2MmRYbjZ0cnVwTkFBd2tIMDNwSTBtNEJCcWVvZzVsZ2s1XzJvcURqM1dCY2pMRUxWUmU1ajJMNFBhUWFhTHBCZ3dtYWdtYmZiMnhaWWw2TUI5QnNpWW9yN0RsWFk5MnhSY3ZKUGhmcnFKTmJaY3dqWUpYd3ZXalM3QW1kb0xtZHYzTWV6dVdXUmcxUjdNUFB6ZmVrVUVFVFRGYzVScWd6TFVYaUNGTnk4ZHYxUQ?oc=5,,"Chaos in Himachal's Una as leopard attacks villagers. Rescue video goes viral
Several videos from Himachal Pradesh's Una district showed a leopard attacking villagers in Palakwah before it was safely tranquilised and rescued by the forest department.
A series of shocking videos from Himachal Pradesh’s Una district showed a leopard attacking villagers in Palakwah before being safely tranquilised and rescued by the forest department team.
Panic spread across Palakwah village in Una on Monday when a leopard attacked people working in the fields. According to reports, the animal injured two villagers — one on the ear and another on the leg — before fleeing towards a nearby house.
In an attempt to defend themselves, locals used sticks to chase the leopard away. The wild cat later hid behind a bicycle and an iron ladder in the veranda of a house, as seen in a now-viral video.
The footage also showed officials from the forest department arriving at the spot and handling the tense situation with caution. The team entered the house from another route and lured the leopard near a window. Once in position, they used a tranquiliser injection to subdue the animal safely.
After the leopard fell unconscious, it was carefully placed inside a cage and transported to the forest department’s wildlife treatment centre for medical examination.
Relieved villagers were seen gathering outside as the forest team loaded the caged leopard into a vehicle. Many locals later expressed gratitude towards the officials for their swift action that prevented any major injuries or casualties.","success(trafilatura, resolved_via_decode, 1583 chars)"
"Leopard attacks forest officials, villager’s bravery saves lives - The Times of India",2025-07-08,Himachal Pradesh,,Leopard,Human Injury,0,0,0,"Leopard attacked forest officials, but a villager's bravery saved lives.",0.8,single_incident,,The Times of India,https://news.google.com/rss/articles/CBMi0gFBVV95cUxPNXNkWU9VaHdBZlY4cVRMcTZXZTc1UjZKOE9iMXZEazYwQ0VKWWVHVXFORF9tRGRBQnVuMWVOZXVEU2N3akNKOGZPc1FDbG1pUzJwbWhyMk1ZYVREN0NKZUNOZE9XZ1NhendocmN2cWdfTWhJSUVrZDZtQWlYbFU2Smk1M3Q5U3NhdmVYdlBVY2V5cUJHQlk2c3hQUnJzLTcwTE16R2VPZmJzNG9oVDVBc1BsM1FNTU40WGZHMHl4amtnNlA1bEVEZjgyTHJYUWRGcEHSAdcBQVVfeXFMT0tyenZtN3kxY3dfM0hTcEVZb0E0cEhJOVFhM2l4WmU2ZGExUXlPUW13WEhyaWlHdXRXa01SQUVMSkhTTDY5R1UzN0R0eHB5SUNIcjJqQUt2TTBXNDhsd3hqRkFTb1Z0ZUZDLTFYZjlka3paWmh0cmxzRm85Y2ExdzRURWtnQkl5SmZIR29Udi1XMTFWWTRnWGVMajFOWm1KbXk4M0RBbXNtSHQ1NTh3ZU1tQXhEQUIwWlhzMUt6WWM1QzdHWk8wUVFRbFF3ZXB1aVUtaFFneU0?oc=5,,"Indore: A tense situation gripped Kundwat village in Alirajpur district after a leopard attacked two forest department employees on Monday evening. The leopard reportedly preyed on a goat on Sunday night. Following reports from villagers, a forest department team arrived at the scene to conduct a search operation. It was during this search that the leopard launched its attack on the forest personnel.
According to Bardali Sarpanch Bhikhla Bhai, a villager named Kavindra, son of Tuntiya, displayed exceptional courage by throwing stones at the leopard, effectively fending off the attack and saving the lives of both forest officials. The injured victims were identified as Forest Guard Jeevan Mandloi and Beat Guard Vipul Chauhan. Additionally, forest worker Lokendra Kushwaha was admitted to the hospital due to anxiety following the incident.
The leopard is still believed to be present in the area, causing considerable concern among local residents. Prior to this incident, the same leopard reportedly entered a house in Sapliya village and killed a goat. 
Hundreds of villagers have gathered at the site, anxious about the wild animal's continued presence.
Responding to the escalating situation, cabinet minister Nagar Singh Chauhan instructed collector Abhay Bedekar to oversee the rescue operation for the leopard. ""The injured are undergoing treatment while efforts are on to catch the leopard,"" Bedekar said. 
Indore: A tense situation gripped Kundwat village in Alirajpur district after a leopard attacked two forest department employees on Monday evening. The leopard reportedly preyed on a goat on Sunday night. Following reports from villagers, a forest department team arrived at the scene to conduct a search operation. It was during this search that the leopard launched its attack on the forest personnel.
According to Bardali Sarpanch Bhikhla Bhai, a villager named Kavindra, son of Tuntiya, displayed exceptional courage by throwing stones at the leopard, effectively fending off the attack and saving the lives of both forest officials. The injured victims were identified as Forest Guard Jeevan Mandloi and Beat Guard Vipul Chauhan. Additionally, forest worker Lokendra Kushwaha was admitted to the hospital due to anxiety following the incident.
The leopard is still believed to be present in the area, causing considerable concern among local residents. Prior to this incident, the same leopard reportedly entered a house in Sapliya village and killed a goat. Hundreds of villagers have gathered at the site, anxious about the wild animal's continued presence.
Responding to the escalating situation, cabinet minister Nagar Singh Chauhan instructed collector Abhay Bedekar to oversee the rescue operation for the leopard. ""The injured are undergoing treatment while efforts are on to catch the leopard,"" Bedekar said.","success(trafilatura, resolved_via_decode, 2845 chars)"
"Himachal: Leopard runs amok in three Mandi villages; 1 dead, 9 hurt | Hindustan Times - Hindustan Times",2025-12-25,Himachal Pradesh,,Leopard,Human Death,0,9,1,"Leopard ran amok in three villages, killing one and injuring nine.",0.98,single_incident,,Hindustan Times,https://news.google.com/rss/articles/CBMi2gFBVV95cUxOWXM2T2U1SUY1WHd1VE8zY1RHYldrOUc3bFFPWnNCV3g4UTJoc2NRWnVJSDR1TkRreURZZHZtQTM2M0pMR2FnYmxzT1VjRGpleVVQdUhJQldwdHlFT0VZOHZBT0l3U3AyVFFFNXRuM2VRUkhMNXgxamFsUHVHTDA1aldLWlRoa3Q3Q3hkY09XX2kzdVRJTFJsU1Z5bV9sY3FDUkx1OFJGWFB1bVktYUROdWZrUlNBUTc5dWtrVm82aHRvM0lYcUlRMWkwVjh2X2dZMHJIemltSUMzZ9IB3wFBVV95cUxOazZBeXJWdGVWNGpCYVdRVlV0dC1rWDJKUWtrVE1JekpQZEx0VVB2MkNIbGFuQ2JfZllkRkJ2MzgxNk8yWEtWRXR2SmZvOVEzUUhIcVJQY3NHOVpjb24wWWJvRklJRTFYbV9iT0diOXV2aHF0djZoWVN4anJPb3dJLVhOX0dnSGlYcVlZSDdPZkMtWE0ybEs3QjJfd2M1TDd6WnFWdlB0YVp3TU9GejJlV3l6RHJ4WDlzM3RSUy1NN2hqSjB6QjFIT0U1STVmMm5oZ1FSSEVfdGVkVUlucElJ?oc=5,,"Himachal: Leopard runs amok in three Mandi villages; 1 dead, 9 hurt
Frenzied villagers, armed with sticks and sharp-edged weapons surrounded the leopard, which attacked in retaliation when cornered, inflicting injuries to some of the locals
A 40-year-old man was killed and nine others were injured in a leopard attack in the Balh subdivision of Mandi district on Wednesday.
“One person was killed, while nine others were left injured in the attack. The leopard was killed by the villagers,” Mandi deputy commissioner Apoorv Devgan said.
Balbir Singh,40, who was visiting his relatives in Malwana village, was mauled to death by the big cat. Of those injured, five persons -- Deena Nath, his wife Rekha Devi and their son Jatin, along with Sahib Singh and Champa Devi -- sustained serious injuries. Four others suffered minor cuts.
SDM Balh Smritika Negi said the injured were immediately rushed to Nerchowk Medical College for treatment. According to officials, the leopard first attacked people in Chandiyal village and then spread terror in Bhadyal.
Frenzied villagers, armed with sticks and sharp-edged weapons surrounded the leopard, which attacked in retaliation when cornered, inflicting injuries to some of the locals. Eventually, the animal was killed by the villagers.
Vasu Doegar, deputy conservator of forests (DCF), Mandi, said, “As soon as we received information about the incident, our rescue team rushed to the spot. After attacking people, the injured leopard was hiding. When local residents assembled, the animal again attempted to attack them and was injured further. Our team immediately rushed the animal to a veterinary hospital, but it succumbed to its injuries.”
“The leopard was an adult male, around 12 years old, and most likely had lost its territory to a younger leopard, which may have forced it to venture out in search of easy prey. Compensation would be provided as per rules once medical reports are received and the reports from the revenue department officials concerned are submitted,” he added.
With PTI inputs
- Dar Ovais is a Senior Correspondent in the Himachal Pradesh bureau of Hindustan Times. He covers tourism, politics, environmental issues, climate-related developments in the hill state, and Tibetan affairs, with a particular focus on developments concerning the Dalai Lama, the Tibetan government-in-exile, and the Tibetan exile community. He has also reported from border regions of Jammu and Kashmir during the 2025 conflict (Operation Sindoor). Having worked with Hindustan Times since 2019, he has reported extensively on education, agriculture, the power sector, and civic issues during his previous stints in Punjab and Chandigarh.Read More","success(trafilatura, resolved_via_decode, 2699 chars)"
Leopard shot dead by Uttarakhand forest department after fatal attack on labourer - Telegraph India,2026-02-15,Uttarakhand,,Leopard,Retaliation Against Wildlife,0,0,0,A leopard was shot dead by forest department after a fatal attack on a labourer.,0.8,single_incident,,Telegraph India,https://news.google.com/rss/articles/CBMizwFBVV95cUxOT3Q5Uk9fLUFpWkFLb2VaZHNVQ1kyeEExWjBDX3FEcHBuSzhtTHRMU1hzTlZybEF3Y183MjBUNGNpSVcxRlRTdDB3cnFqQ2xfWmg4MC1vNlF1eERWejdEM2dhWlF3UmF6ODRqNkVkengydmY1S0tndDJZTE5xX2FzOEg3S2hiM3dyaU1STEhDcjNzdVVBY096TktnOThTZW1lUUdaNU9PbHNUdXJNc3VqdEpZUEt2bGhDLVlrY2ZqaEV2UElpa29rRllrdlV6WDTSAdQBQVVfeXFMTWgySUVWaGpWUkJzRUtlS1BTelYtanM5ZlVkMnRQQzZZckphY0hVMk4wV29wZDVhOGdXWUlrSDllWkFWN2Y1TXVxZFlPMlFGQXMwMDl1azEwbHdJb3dXemFaVVctcmdrbU5hTDNNWlo4WkcweF9xSHdlV2pmM1V2SlpwbGs5c2hKR29YVktXay1qSG9tdDQ2eDlrLS0yMEpvUW1RY2l5Sng2XzduRl9tRlBzM1ZLaFp3eC1PMXNTTlFVME9xV20zYk1uM2ZKWm5UV1R4NUI?oc=5,,,extraction_failed(page_fetch_failed after resolved_via_decode)
"Woman killed in leopard attack, bear injures another in Uttarakhand - ThePrint",2025-12-26,Uttarakhand,,Leopard,Human Death,0,1,1,"Woman killed in leopard attack, another injured by bear.",0.98,single_incident,,ThePrint,https://news.google.com/rss/articles/CBMiowFBVV95cUxQbzFJQ2lyWGYwdGRFbkVGNGt0UElrM24ta2lFWmZZZmdhRC1UeTdENG1NQ3ZLaFNFUm8tOWxudlYwWGtqRzU2aHpjOWtzb2ZvUE1GWXZyNUF3S2hhVzNtWGtWU25WTG5ndVdGdlBMNFFOdS1jTzBKdnloVWxseVBGakF1Tk40NTJuc1lYbVpfc2VNZFJJeFFYS1ZtQXBKdFNsNFN30gGoAUFVX3lxTFBTR1pLQ09RcU1iVFk0bG1Jb0xSTU05NjEzNkMyeWJYMmh5RmdmS1NjQ3FBTnpCN1haNVluZDJqYXk1OEo0NV9VenNremJrLVJSZnM2NUtmaVA3QzJZMVZINkJqVTZkREtjMUlXbzFXeThpMGtsbmF5Sjl3S3k3bUQ3OEJTN3R1SUtVaGRXSjdyYXR4Wm9iU0N1bC1wY3REVU84cmJmV3ZXWQ?oc=5,,,extraction_failed(after resolved_via_decode)
Uttarakhand villagers detain officials after leopard kills man in Pauri Garhwal - Telegraph India,2026-03-11,Uttarakhand,Pauri Garhwal,Leopard,Human Death,0,0,1,"Leopard killed a man, leading villagers to detain officials.",0.98,single_incident,,Telegraph India,https://news.google.com/rss/articles/CBMizgFBVV95cUxQMl9PQjRXd2wtMmtGSTZWSDlBVHlGUWhZd0dWNl9PbFN2U0hPWm03ajhBTUMyMmlHTUg2N1EwdmpfdTB6MDhfanptSXpLend1NS1TQVB6WmlVdHYzOEhvUXRoT0p2WnlYYW5fbnZfVnlGbEZleUJLb0FmMzZ4WkJtQU9yOU5sZGNkWnp2d2RWaHNPR2pUZzE1a1RBeGFyNFYtX1RUd1NKUDJCT1NoT2lhc3JRVW5xbDRUcFA3UnZycDQ0b21pbTYxZ0lqUmNFZ9IB0wFBVV95cUxQSHVhcjNob2RXakZNQnlUQXZMQlppNG0zN3RncGpjd0FhSjU2S2ZPb2tXTmFZbHRET2t6T25TQmN3LXhxMDU2a29rY0FUZUVVQmJxalVwSVVldGs0VGZCSzBVd2llLTZoS21OYWN2XzMyLUNSc0hON2lzZDQ3aWZLTndlQnRZUy12SkI0U3NrT2RvaW5ZZ0ZHVDhDb1J2SzA2NzI2QktrampEMnRvUjVPeDNTb09sdDZRSGZZRHBrdHV6N2tVVjg4UEZiSjhyNVpKMzBJ?oc=5,,,extraction_failed(page_fetch_failed after resolved_via_decode)
"Five-year-old boy, elderly woman killed in separate leopard attacks in Uttarakhand - The New Indian Express",2026-02-04,Uttarakhand,,Leopard,Human Death,0,0,2,Two victims from separate leopard attacks reported.,0.98,single_incident,,The New Indian Express,https://news.google.com/rss/articles/CBMizAFBVV95cUxNc1p6WDE0dGE3ejV2SDNBZDY4Y2U5eHpUamJRQ29jdFFhdXJhZHRlbENLZmtDbF9kdHdWZ2F1YktJdzlZdFhzYVZ5LTBXUjlpampKWDM2SENIWUdjaC1wa3ZMNFFxeGoxdmpNV1Vib0VUcnU2b3hUUTlkZHBsdEtwMUg5UEpjemJVd05yYzh0NXN2QnJqelNqSVloRUp4NEZTTzI0VlA4ejNGUS1xZkF2NlFISnYzV3Z3QmVISnVLUnIycmZyYnh0Ul9lWFfSAdoBQVVfeXFMTk9qQmxPeDhvdWo3Z3lSbzJqMXRHZHRXdmlScUZBakVfc1diRmhBaUJZcnNmRlBSdVgtZGVDaURDay0tazYzSHpzYXp0OWdRRnBLVmtVN1ZlcXhJWnJuQl91MF8xVlhnNlJ5VmhLVE1vOGs5TTZhUWVZSW5fZGxxV3ZzX3d2X3o2bE5vbWkweXZDbUJYaS12ZmRvdUsxenZPY1haaW80dG93bUlVb0NwLU9yMTdnbWZydDFMb0dOMVc5aGpST0RfRzNXZ0hqTmMyQkRYV2xuR2lvYmc?oc=5,,"RUDRAPRAYAG/NAINITAL: A 5-year-old boy and an elderly woman were killed in separate leopard attack incidents in Uttarakhand, police said on Wednesday.
In Sindravani village of Rudraprayag district, a leopard snatched a child playing in his courtyard on Tuesday afternoon and dragged him into the forest.
Upon receiving the information, teams from the district administration and the forest department reached the spot and launched a search for the child.
Rudraprayag Sub-Divisional Magistrate Sohan Singh Saini, who led the search operation, said that seven teams conducted a continuous search, after which the child's mutilated body was recovered from the forest at 11 pm.
The child was identified as Daksh Bisht, and the body was sent for post-mortem.
Saini said that in view of the potential threat from the leopard, cages will be set up at various locations and a forest department team will continuously patrol the area.
Meanwhile, the Rudraprayag district administration has declared a holiday for the next two days in eight schools in the area for the safety of the children.
In another incident, a 60-year-old woman was killed in a leopard attack in the Juna Estate area of Bhimtal in Nainital district.
Officials said that Ganga Devi had gone to the forest to collect fodder for her cattle on Monday, but did not return till late evening.
Following this, the villagers started searching for her.
The woman's body was recovered from deep inside the forest on Tuesday morning, bearing clear signs of a leopard attack, officials said.
The villagers alleged that leopard activity has been observed in the area for quite some time, but the forest department has not yet taken any concrete steps to catch it.
They demanded that cages be set up in the area.
Nathuwakhan Forest Range Officer Vijay Bhatt said that as soon as the information about the incident was received, teams from the forest department and the police reached the spot.
He said that patrolling has been intensified in the area and efforts are being made to catch the leopard.","success(trafilatura, resolved_via_decode, 2046 chars)"
Woman Mauled To Death By Tiger Near Her House In Uttarakhand: Police - NDTV,2025-12-06,Uttarakhand,,Tiger,Human Death,0,0,1,Woman killed by tiger near her house.,0.98,single_incident,,NDTV,https://news.google.com/rss/articles/CBMiqwFBVV95cUxPWXliUXBlNHRRQi1HeHQ5VjZidVV1S0RGVHR1dC12blNQbHRVZ1R5U1hlT1VyMDNmb1A1dktGdTNhby1SVXhsc3RRdHg3TTFnZ1ZYZ1VTWW9xTFRrSjc2VTBISlJEaWFaNUk3aF9IWWU3UWZJTWtRa3ZjYkxXRTltU2hDbUdDalhOWjBPbmlwcjFnSm1CeFhGNTQwdUtrOWwzakYyem9WN2pfSWPSAbMBQVVfeXFMT3d2bG5rMkUzUTRuZy0tNlgwVkRfTWhaczJyMEM5QjJxWlhOdnp0RXFQNWd5aWVZMkJscFdMQWNVWEhvWnRuX0pfWF9mV1FTSnRyNXY3YmhUa3ZrQzZlUmVPdWtLbHZwdUxLcnMtSUV4MENvQzV3OHNuUDdwNnVzSXpRWWJYWUtXeVRqaFJUcFdIc0laR20xTVVyUFJHTDQ4ZUVmT09Yd3MwRVl0cnNNV1JNaVE?oc=5,,,extraction_failed(page_fetch_failed after resolved_via_decode)
"Bear Attack in Uttarakhand: Woman Loses Eye, Receives Serious Injuries After Bear Mauls Her (Disturbing - LatestLY",2025-11-20,Uttarakhand,,Asiatic Black Bear,Human Injury,0,1,0,Woman injured in bear attack.,0.98,single_incident,,LatestLY,https://news.google.com/rss/articles/CBMi9AFBVV95cUxPZGFkc3FkemJ2eURlS2IyOGc5cTRuVjZBZDQxVjVJUV80ZU9LSXJuRVcyNzc3U1h4Ql81cGY4enBRV1VrdU9HOFNLSElMUlZwbE5YVE5oYnpuUUZMcWdOam1NcTRzV3pPaE1oYk1kSFgtMmVRWjdHZllaOWN2ak4xYWk0UTIxcktLZ0pOTGt1ZS1hcW43blRMblFYVnpha1ZJZ1E0OUpBYU1VS0lLZ1ZlS3gybTI2RXFhcmtPRHJUcnJES1F3RWJjVkF1cldwY21lV3oydWEyZjh3dm0tSmZ0RXdHUWJVM2xyc0gzUkN6T2RuRE5a0gH6AUFVX3lxTE1xN0kwRDl4QXBmby1oc1NvSFoxcnNvMG94eUdSLUw4VGdtWDg3NDByc185cXZuRWZ3VXFyOC1iN1ZSaG1LcEE4ZUJZSWtlcm5pRWx5TGFEQmpSQ0xJM3ZKNjBpYlhSVlJsM0tHREF5ZjdXcVhDVXJBMnZEMGdRTWc5LWZOUTA4cnZhWGl0Z1F6dmUzQURfbWhPNEYtSHppUm5jYWNZajljUll0NkVjM3ViM29UZkw0RlRWb2NQQTNjeVFVOE1KaW5WZDZvNlliRV9ZV2NuMGFoUjJ1QmQ2MzkyWElDRF82anduV2ZKUjFHVHhjYXl0cGtIQkE?oc=5,,"Bear Attack in Uttarakhand: Woman Loses Eye, Receives Serious Injuries After Bear Mauls Her (Disturbing Pic)
A woman lost her eye and received serious injuries in a bear attack in the Bironkhal area of Pauri Garhwal district in Uttarakhand on Monday, November 17. According to the PTI, forest officials said the incident occurred around 9 am in Jivai village when Lakshmi Devi (42) was cutting grass with her mother-in-law and sister-in-law, about 200 metres from the village.
A woman lost her eye and received serious injuries in a bear attack in the Bironkhal area of Pauri Garhwal district in Uttarakhand on Monday, November 17. According to the PTI, forest officials said the incident occurred around 9 am in Jivai village when Lakshmi Devi (42) was cutting grass with her mother-in-law and sister-in-law, about 200 metres from the village. As per the environmentalists, ""This cold season is the time for Himalayan bears to go into hibernation, but due to less snowfall, their behavior has changed. They are not able to sleep properly and are becoming aggressive."" Leopard Attack in Uttarakhand: Big Cat Enters House, Attacks Dog Before Dragging It Away in Udham Singh Nagar (Watch Video).
Bear Attack in Uttarakhand
ये एक पहाड़ी महिला की तस्वीर है। चेहरा पूरी तरह खराब हो चुका है। ये महिला जंगल में गई थी। भालू ने हमला कर दिया। जिंदा बच गई, ये बड़ी बात है।
उत्तराखंड राज्य में पिछले कुछ सालों में भालू के हमले बढ़े हैं। 6 साल में भालुओं ने 31 लोगों को मार डाला, 318 लोग घायल हुए।
पर्यावरणविद… pic.twitter.com/oiH7Y27baN
— Sachin Gupta (@SachinGuptaUP) November 20, 2025
(SocialLY brings you all the latest breaking news, fact checks and information from social media world, including Twitter (X), Instagram and Youtube. The above post contains publicly available embedded media, directly from the user's social media account and the views appearing in the social media post do not reflect the opinions of LatestLY.)
(The above story first appeared on LatestLY on Nov 20, 2025 07:42 PM IST. For more news and updates on politics, world, sports, entertainment and lifestyle, log on to our website latestly.com).","success(trafilatura, resolved_via_decode, 2114 chars)"
"16 sheep killed, 17 injured in leopard attack in J&K’s Budgam - Social News XYZ",2026-09-10,Jammu and Kashmir,Budgam,Leopard,Livestock Attack,16,17,0,Leopard attacked livestock in Budgam.,0.98,single_incident,,Social News XYZ,https://news.google.com/rss/articles/CBMingFBVV95cUxQTWxGZGprdWVqNUhWQk5QcTZTUi1rRkV6aFkzTTgzaDd2MjJvZExhTTJiZnNaVTZDcGtZUVk0T0tyLUJCS3J4cE5pbFFVblp3ODdoTk41VDVZV2xRajVaSWRidGRmaXBZY3hRYzFXT3QzRm5tLS11aWViUUlyZ2VnblZ4T0ZsYmpwUGwybXpvR2x5c0t6ZmJWS3NGWHFNZw?oc=5,,"Srinagar, Sep 10 (SocialNews.XYZ) As many as 16 sheep were killed and 17 others injured in a purported leopard attack on a flock in J&K's Budgam district early on Thursday.
The flock was attacked in the Chadoora area of Budgam during the intervening night of Wednesday and Thursday.
The owner of the flock, Imtiyaz Ahmad Chopan, told some reporters that a leopard had attacked his sheep, though the animal’s identity is yet to be confirmed.
He said the animal entered the livestock enclosure in Badipora village of Chadoora during the night and attacked the flock.
""We depend on livestock for our livelihood, and the incident has caused significant financial losses for us,"" he said.
The flock owner appealed to the government and departments concerned to provide immediate assistance and compensation for the loss of livestock.
Meanwhile, locals also urged the Wildlife Department to inspect the site and take necessary measures to prevent further attacks in the area.
Wild predators like Asiatic black bears and leopards frequently enter human settlements in Jammu and Kashmir due to severe habitat loss, climate change, and dwindling food sources in the wild.
Between 2020 and mid-2025, Jammu and Kashmir recorded over 17,200 human-wildlife conflict incidents, resulting in more than 100 deaths and nearly 1,100 injuries. Asiatic black bears and leopards cause the majority of attacks, straying into villages, agricultural fields, and apple orchards.
The chief reasons for human-animal conflict in J&K are unplanned development, deforestation, and the conversion of buffer zones into residential areas or orchards, which shrink natural spaces.
Open garbage dumps, livestock, and abundant fruit in orchards near forest fringes attract predators repeatedly.
Irregular weather and shifting snowfall patterns reduce natural forage and water availability in higher elevations, forcing animals down into human habitations.
Source: IANS","success(trafilatura, resolved_via_decode, 1932 chars)"
Man Killed In Bear Attack In South Kashmir’s Kokernag - Kashmir Observer,2025-09-10,Jammu and Kashmir,,Asiatic Black Bear,Human Death,0,0,1,A man was killed in a bear attack in Kokernag.,0.98,single_incident,,Kashmir Observer,https://news.google.com/rss/articles/CBMilwFBVV95cUxNd1VJX0h4X190Z1J4cmIzRmRRdTdZLWVDX3NmQjZPYzZ0blVyRW1QMXFVMjYwY1BzTi1VX0JmRmF1WHozTy1iOWZIZXcwbGFnWEJtQnpxRDMwTzBYZHhFbTBkNjFCNldyd2d5amJHcVNlYUJlLW9hOWk0Y2NRcURJQkxDODA5ajhPVFBmYWlkNzNUZXUxQWZB?oc=5,,"Srinagar- A 28-year-old shepherd from Udhampur district was killed after being attacked by a bear in the Kharpath Larnoo forest area of Kokernag in South Kashmir’s Anantnag district on Wednesday.
An official said the victim has been identified as Sadam Hussain Koshi, son of Ab Wahid Koshi, a resident of Majalta, Udhampur.
He was herding sheep when the wild animal attacked him around 3 PM, resulting in his on-spot death, reported news agency JKNS.
Officials said that the body was shifted to PHC Larnoo, where doctors declared him brought dead. After completion of medico-legal formalities, the body was handed over to his family for last rites.
Cognizance of the incident has been taken and further investigation started.","success(trafilatura, resolved_via_decode, 725 chars)"
Woman Injured in Bear Attack in South Kashmir - Kashmir Life,2025-08-05,Jammu and Kashmir,,Asiatic Black Bear,Human Injury,0,1,0,A woman was injured in a bear attack.,0.98,single_incident,,Kashmir Life,https://news.google.com/rss/articles/CBMigwFBVV95cUxNdVBFN3BUSFo3ZWFHZVlCTnA1WUlHOGV3ekZTYnZFSFBWVzNkWEswVmdlZ2Q1eUw3dkVUQTc3WTV3bk1WNjJrSVV6OUlTRFV6RC1OSmIyaUpleDZScndzWXZZWW5ZM2d2VndsVUNxVjg2ZjhSMElXcS11VFlJSU5KV0V4VQ?oc=5,,"SRINAGAR: A woman sustained injuries after being attacked by a bear in Chinigam area of south Kashmir’s Kulgam district on Tuesday.
Officials said that the woman was initially shifted to Sub-District Hospital (SDH) Yaripora for treatment and was later referred to Government Medical College (GMC) Anantnag for advanced medical care.
Concerned police have been informed, and efforts are underway to trace and capture the wild animal, they added.
General Public of the area have been advised to stay alert while childrens are advised to stay indoors during evening hours. (KNC)","success(trafilatura, resolved_via_decode, 575 chars)"
7 injured in wild boar attack in Poonch - greaterkashmir.com,2025-01-25,Jammu and Kashmir,Poonch,Wild Boar,Human Injury,0,7,0,Wild boar attacked people in Poonch.,0.98,single_incident,,greaterkashmir.com,https://news.google.com/rss/articles/CBMigwFBVV95cUxQWXp3MHFjS0xDVGN6M0pLWXNnM0lVR2xfT3FkcllIYnUxbXRQWmVPV0FsUzNLVmEtbXBqSmNyYWxuWWlPNHNzQXNzZmF1a1NLQWhKZWxQT3JwRktwTGRBWGlsS2tyZF8zQWQtZXRlWWNwNDRqNlJUZ3hWTzUweU5QN091RdIBhwFBVV95cUxPd1dGRVNTM1B6TFRVaHVNbzQ3V1U5YkYwR0pNbEdXaUVyak5DRXF5OTNLNEVMTzlsVW9zMVdwQ2hEUERnWWhzckRBWFp0STFtek5HTXJYOG1mY0FmUHVnRWVaQk51UndoaVBObk1wOUJBSUZWNmJ0eWFiSjQ2RmJBVTJWUG04Mk0?oc=5,,"Poonch, Jan 25: At least seven persons received injuries on Saturday afternoon after they were attacked by wild boar in Mandi tehsil of Poonch district of Jammu and Kashmir, officials said.
Today around 1710 hrs an information received that in the area of Gali Pindi block Sathra one wild boar attacked on locals in which seven persons received minor injuries, the officials said.
They said the injured have been rushed to nearby health facility for treatment.
The wildlife officials have been called on to the village to catch the wild animal, officials said.","success(trafilatura, resolved_via_decode, 560 chars)"
"Bear mauls 3 villagers to death, several others injured in Madhya Pradesh's Sidhi; locals kill animal, pr - The Times of India",2025-07-07,Madhya Pradesh,Sidhi,Asiatic Black Bear,Human Death,0,0,3,Three villagers were killed by a bear in Sidhi.,0.98,single_incident,,The Times of India,https://news.google.com/rss/articles/CBMilgJBVV95cUxPSnBHcll5WndrWWV3Q0l6b3gzX1VuNndGTks4N1I2c1IteU05ZmNpZ2s5NHhlTFlfSkFnd0dIQXRWQlhQNk04djEzUGREU245eXR0a2FDem5TVzZGU0V2TkdtYm1zYVRzYmV4enNMc2pQTjY2aEVkVkZlSzhEc0lrMkg3Z2pCTWpDTW5BWEJOekFnVUdJQ3ZpUUg5SmozRGJoWExEYmtaVFRTZ1dqN3NiREhoR0RBWllVOHZiT0YwOWloaloyOFk1TE9rczJ6M21aeTNHSkdMSHFHNzI1YnhoZHdPbTNrbkRRLWw1NXpDUUQ1UTRvOHU1a3hacENNZ0ttSjJHV1BZaG80NGtBN204VDdLdHVlUdIBmwJBVV95cUxNN0Y5M2Zqb2dzc0gyR1dsM3hmYXo0WnkyVjRmd09vdkZTRnlVTkZVaHpjRnlRVDFrZ3NqdDhLQVJrcnIya0o0LTFOTWZTbnlXSEEwcFQ0SC13UVpoamxQZE4wQnA4QVpzb1FyNDNXaGxXYTlrWGMwT3cwM3NlSmRCb0xHM2pxemxkbTBvbXVZTHBCNVhwY2stT0xsdWdFVEl6OVlwQm5kOXRkSnRyZXJkWEhadVgzLTMwSG4weFBxLTF0ekU3WFB3OGV4QTZCR1hOTGVYMk9YakM2eGU3TE4tZHRtb0FnTUZoYmhTYWlUYzNIdDFIQjk5Mzl5azZvYVVGSnVJTzA0WVNYVHU2VEp4VkxqU0VDYUVqOFZv?oc=5,,"BHOPAL: A wild bear mauled three villagers to death and several others injured near the Sanjay Tiger Reserve in Sidhi district on Monday morning, enraged locals killed the bear using sticks and iron rods.
The incident took place at around 5am in Bastua village panchayat, located adjacent to the forest reserve and falling under the jurisdiction of Madwas police station.
The deceased have been identified as Babbu Yadav (80), his son Santosh Yadav (43), and Deenbandhu Sahu (70). Another villager, Manish Sahu (27), sustained serious injuries and was referred to Sanjay Gandhi Hospital in Rewa.
Madwas police station in-charge Bhupesh Bais confirmed the deaths of three villagers. Speaking to TOI, Hari Prasad Singh, Sarpanch of Bastua village panchayat, said:
âIt was around 5 am when Santosh Yadav was going to graze cattle, and the bear came out from the jungles and attacked his buffalo. Our village is situated half in the buffer zone and half in the reserve area. When Santosh intervened, the animal attacked him. Hearing his cries, his father, elder Babbu Yadav, intervened, but the animal then attacked him, killing him on the spot. Another elderly villager, Deenbandhu, also intervened, and other villagers rushed to help. The bear then attacked Deenbandhu, killing him on the spot. The severely injured Santosh and Manish Sahu were rushed to the community health centre, then to the district hospital in Sidhi, but Santosh died before he could reach there. 
Manish is also serious and was referred to Sanjay Gandhi Hospital in Rewa from Sidhi district hospital.â
âAfter killing these people, the animal was still in the village and was attacking people. We informed forest officials around 5.30 am and urged them for a rescue team, but the team from the forest department arrived after more than an hour,"" he further added.
âLocals also attacked the bear, most probably in defence, and the animal died,â he claimed.
Forest officials have not yet issued a formal statement on the bearâs death or the delay in response. A detailed probe is likely to follow. The incident has sparked renewed concerns about human-wildlife conflict in buffer zone areas around the Sanjay Tiger Reserve.","success(trafilatura, resolved_via_decode, 2192 chars)"
Rising Bear Attacks Spur Fear In Uttarakhand Villages; Locals Demand Action - ETV Bharat,2025-11-19,Uttarakhand,,Asiatic Black Bear,Human Injury,0,0,0,Increase in bear attacks causing fear among locals.,0.5,aggregate_period_total,,ETV Bharat,https://news.google.com/rss/articles/CBMiwgFBVV95cUxNYWozU0RGaThMM193U1FBdmhhRWRXQnlZVmVaLWw0dVpPRnVHN05XS1JnVnU4RHU0eEhhTUtfek52NUxKOGR1RmhDcGxxMWlxa3BCOFNHVFlOM2JJOV9rOGZBUzNuWFdjOUtGdDdTT2JUTndydHd2SmZ2S1hSVnhuY1FiTms5Y0JtaGcxaGd5RG1aYUd1ekVlZEdFb28ydXlBRlVydXRLbnVHaWwydlRYaWJadkhCMjBSeXN1T1BOUmZHQdIBxwFBVV95cUxNSGlEMFNRbGpUcUV1OHdsWHBWNjh3TnBOVDF1dFJVOWRwUFVUTTFPQXBmQjFnT0VONEdYQ2w2ZjJsQVJmWThyVl9UYTlZQnhia2ZFbWR2NlRYcGJzaG1mNXVUZXAyVkNMM29kVjdnN3V0dzRNRjhlVUk5SndGQUd3SDJFWmswTXZvcElGUHE3dGNWSVZ6bHN2TVdNZFJlUTI5UXFEOUl0ZDN6dlRpRE9qQzgzUFlpaGhHa3hMWU1RVFh4NDJTWmZz?oc=5,,"Rising Bear Attacks Spur Fear In Uttarakhand Villages; Locals Demand Action
The persistent fear of escalating human-wildlife conflict remains a year-round concern for Uttarakhand villages.
By Kirankant Sharma
Dehradun: People living in the mountainous regions of Uttarakhand are constantly surrounded by challenges. Rain and landslides during the monsoon season often cause severe hardship to the people of the mountainous region. Although these challenges are usually limited to the monsoon season, the persistent fear of escalating human-wildlife conflict remains a year-round concern.
Apart from the existing threats of leopards and tigers, incidents of bear attacks on villagers, especially in the Garhwal region, are rapidly increasing. According to official figures, at least 71 people lost their lives and 2009 were injured in bear attacks from January 2000 to November 2025. So far this year, six people have died in bear attacks here.
The latest incident occurred in Pauri Garhwal district when a bear attacked 40-year-old Laxmi Devi in the Bironkhal block of Pauri Garhwal, seriously injuring her on Monday morning. Other women screamed during the attack, causing the bear to flee into the forest.
Villagers rushed to help and took Lakshmi Devi to the Bironkhal Community Health Centre. She has been referred to a higher centre for better treatment. This situation is not limited to Bironkhal; in the Paithani and Thalisain areas of Pauri, bears are so terrifying that people are hesitant to leave their homes.
Similar incidents were reported in Chamoli, Vikasnagar, Uttarkashi, and Kumaon in the past month. According to wildlife experts, the number of bear attacks is increasing as they may not be able to find enough food in the forest. “Continuous rain, landslides, and floods have damaged not only the mountains but also the vegetation,” said Sanatan Sonkar, former Director, Rajaji National Park.
“Bears typically live at altitudes of up to 3,000 meters. However, recent incidents have seen bears attack people in Pauri, Kotdwar, and Pachhuvadoon. These incidents are a cause of concern not only for mountain dwellers but also for the bears. Bears attack their prey with their claws. Even if they leave their prey alive, the wounds are so deep that they take years to heal,” he said.
Maize and other crops are currently ripe in Uttarakhand, said Lakhpat Singh Rawat, a hunter, adding that bears are left with nothing in the forest following the rains, so they are coming into residential areas to feed on maize and other crops.
Following the frequent fatalities, frightened villagers have demanded effective action from the government and the Forest Department. These attacks have made it difficult for people to even leave their homes. Villagers say that the movement of bears and leopards has been increasing in these areas recently. Therefore, the Forest Department should increase patrols in vulnerable areas. They have also demanded that cages be used to capture offending wildlife and that immediate steps should be taken to prevent human-wildlife conflict.
Also read:","success(trafilatura, resolved_via_decode, 3090 chars)"
Leopard Kills Nine-year-old Boy in North Kashmir - Kashmir Life,2026-06-08,Jammu and Kashmir,,Leopard,Human Death,0,0,1,A nine-year-old boy was killed by a leopard in North Kashmir.,0.98,single_incident,,Kashmir Life,https://news.google.com/rss/articles/CBMihwFBVV95cUxORUZmSlVRRGNiUGVCYThBZUM4azVwRGFyT00zcUZfN1pzaEdfRUU5SGg5aFpIVnFJalJDb3hSbjFEdkhld25aVGdjNW5GOXczOURLdXI4Si1fbGFISDlxdmhRb05PWFNPSFlJUURvYTR2WmExbUljYWxtRWRyRHMteDhXWFpjWTQ?oc=5,,"SRINAGAR: A nine-year-old boy was killed in a leopard attack at Manzpathra village of Chowkibal area in North Kashmir’s Kupwara district on Monday, triggering panic among local residents.
The man-animal encounter occurred near high school and left the child severely injured. However, the victim succumbed to his injuries later.
The incident spread fear across the area, particularly as it came just weeks after another child from the same village was attacked by a leopard and injured.
Locals have urged the Wildlife Department and district administration to launch an immediate operation to capture the leopard and prevent further attacks. (KNO)","success(trafilatura, resolved_via_decode, 647 chars)"
Two Persons Critically Injured in Leopard Attack in North Kashmir - Kashmir Life,2026-04-12,Kashmir,,Leopard,Human Injury,0,2,0,Two persons were critically injured in a leopard attack.,0.98,single_incident,,Kashmir Life,https://news.google.com/rss/articles/CBMingFBVV95cUxPY1NMaW5kNlFqX3BPQTZKb1YzUjkyMWlMdm5laFhDb1NVNEpCLUlwZmphd1NCUUM2OXVTTnBCb0QyN2hZSWRra3hfdFY0c0t6NjhfYzZmUk9KaFMwSkdLSTdfXzUweGhWeFFqcFJwbWctUjlWOEY4YU90UktsY1VkbEYtNnpMOEZYamxWMmUxbkFkdzgyYmZjV1Nndi1SQQ?oc=5,,"SRINAGAR: Two persons were seriously injured in a leopard attack in Tangmarg area of north Kashmir’s Baramulla district on Sunday, officials said.
The injured have been identified as Abdul Rahim Ganai and Mohammad Sultan Najar.
According to locals, the leopard had been roaming in the Marchipora and Chandilora areas of Tangmarg for the past several days, triggering panic among the public.
Eyewitnesses said the leopard first attacked Najar near Gousia Model School in Chandilora and soon after attacked Ganai in Mirchipora village. Both were critically injured in the incidents.
The injured were shifted to the Sub-District Hospital (SDH) Tangmarg, where they are undergoing treatment.
Meanwhile, residents have urged the Wildlife Department to take immediate action and capture the leopard to prevent further attacks. (KNS)","success(trafilatura, resolved_via_decode, 826 chars)"
"16 Sheep Killed, 17 Injured in Leopard Attack in Central Kashmir - Kashmir Life",2026-09-10,Kashmir,,Leopard,Livestock Attack,16,0,0,16 sheep were killed and 17 injured in a leopard attack.,0.98,single_incident,,Kashmir Life,https://news.google.com/rss/articles/CBMimwFBVV95cUxNcDJCcVhtTXpybTdNMzJhZXA3ZkRTM1ZVdHdWSVFCRTg1eV9rRzlMVWgzb3BwTDhGOFVCdmNwelpoSmtvM3dOME5iOEZPLWpSRFNOblQ0bXUwV3hkSElJdzY1ck9lcDlCZElENHg2YkJVZGxrdlUwTlgwbDJiRUxTSlNFVDNYM2VyZUNCZVFIV1RlNC1VeXF2Q0FvMA?oc=5,,"SRINAGAR: Sixteen sheep were killed and 17 others injured after a leopard attacked a flock in the Chadoora area of central kashmir’s Budgam district during the intervening night of Wednesday and Thursday.
Imtiyaz Ahmad Chopan, owner of the flock said that he believed a leopard had attacked his sheep, though the animal’s identity is yet to be confirmed.
He said the animal entered the livestock enclosure in Badipora village of Chadoora during the night and attacked the flock. “We depend on livestock for our livelihood, and the incident has caused significant financial losses for us,” he said.
Chopan appealed to the government and concerned departments to provide immediate assistance and compensation for the loss of livestock.
Meanwhile, locals also urged the Wildlife Department to inspect the site and take necessary measures to prevent further attacks in the area.(KNO)","success(trafilatura, resolved_via_decode, 879 chars)"
Leopard Attack at Budgam Brick Kiln Leaves UP Labourer Dead - Rising Kashmir,2026-06-05,Kashmir,,Leopard,Human Death,0,0,1,A labourer was killed in a leopard attack.,0.98,single_incident,,Rising Kashmir,https://news.google.com/rss/articles/CBMijwFBVV95cUxNc2prV044RkxxQmVOYzUyUEUyZ0dVeV9fZDkyMjVzRi1vZkRybU8yX1RjX1cwWGEzdWFNd1JEenB1SmQ5c0xFWVFKSzRldHdRWTRHTTZrREJWTXBHVjI3UUpXUnhpemtTWVNxRXFBeVMyV1loTE5oanEwTnJYYmtMa2VKblJINGdCT0xIZkk0VQ?oc=5,,"Srinagar, June 5: A 45-year-old migrant labourer from Uttar Pradesh was killed in a leopard attack in the Beerwah area of Budgam district on Friday, officials said.
The victim, identified as Harish Chander, son of Kashi and a resident of Uttar Pradesh, was employed at a brick kiln in Baput, Beerwah, owned by Mohd Altaf Thoker.
According to police, the labourer was attacked by a leopard near the brick kiln. His body was later discovered a short distance away from the worksite.
Upon receiving information about the incident, police personnel reached the scene and took custody of the body.
The deceased was subsequently shifted to a hospital for medico-legal procedures.
Police have initiated proceedings into the incident, while wildlife officials are expected to visit the area to assess the situation and implement necessary safety measures to prevent further attacks.","success(trafilatura, resolved_via_decode, 874 chars)"
4-year-old girl dies after leopard attack in Dang - The Times of India,2026-01-30,,,Leopard,Human Death,0,0,1,A 4-year-old girl died after a leopard attack.,0.98,single_incident,,The Times of India,https://news.google.com/rss/articles/CBMivwFBVV95cUxQbXpZNnF5dW4wVGVHVWtST2FRM2lTbmtFd3hsaFNJSUVGVDVRdDM4NFhBUjFMcUgyT0tTWDVCSWxBS2FmcnVKUUtUc0tMNWswVVpPVUpldHJCbTNtUHNpRHRveTN3R3huNmFHcy11TzZaX3N2d2pQREZTekpieU1wWHNteHE0OXQyTG1tOEV6NXdCMjdHb2NDaDYwbzBIbU95d3pHSEE4blRhWnJiR09hUUFmWEtRNTRmQ29ISkROVdIBxAFBVV95cUxPMGVxOGRvM1B6cFNGZW1WeEdPMTB5TU44WlBFZWFTN3puUUs4eURsT3BoWUMxeUZIeFRsQU5qblp6d0UwdjhoV2hqX2lJTE1VYVFWYm9rdG1nck1LTjJkeENRNzdlYlFWNFJOd1VRT3dCd0VOVmYyWTNMVGFBWEhocnlLVkpoUVlRYnV0d09aWVo4X05hQzVlTDV6WWlpeVhTMUszMGtmUU1GRzZCcGgtNjBBSWc2cF9fNXZLX2JpVFM0TldG?oc=5,,"Surat: A four-year-old girl died during treatment at a govt hospital in Valsad on Thursday after suffering severe injuries in a leopard attack in Dang district.
The victim, Riya Salkar, a resident of Daher village in Subir taluka, was attacked on the night of Jan 26 while she was near her home with her grandmother, Shanti, officials said. 
The leopard reportedly dragged the child towards a forested patch. After the grandmother raised an alarm, villagers rushed to the spot and launched a search. The animal fled on hearing the commotion, leaving the girl behind.
Riya was first taken to a hospital in Ahwa for preliminary treatment and later shifted to the Valsad civil hospital, where she succumbed to injuries to her neck and other parts of the body.
Forest officials said six cages have been placed in and around the village to capture the leopard.
The incident comes weeks after a similar attack in Dang. On Dec 23, a seven-year-old boy, Ritek Ghulum, was mauled to death in the Purna Wildlife Sanctuary near Mahal village when he had gone with his grandmother to graze cattle. The leopard reportedly emerged from bushes and attacked the boy, escaping after locals intervened, officials said.","success(trafilatura, resolved_via_decode, 1200 chars)"
Labourer Mauled to Death in Leopard Attack in Central Kashmir - Kashmir Life,2026-06-05,Kashmir,,Leopard,Human Death,0,0,1,A labourer was mauled to death in a leopard attack.,0.98,single_incident,,Kashmir Life,https://news.google.com/rss/articles/CBMimAFBVV95cUxNeldpVUxtYTNZeWdpb0xMdFFhQVBuV2dZY0VfNzVpbjhLbU9FNlFhSEZKT3JLUkoweHYzbU5QOEVSbEF2Q2U1a1ZrZFo4MjB4WjkxNHlFS0lIbUFvdTRaeVlydUJOUktVY1hodVFRVFJ5V293cEVHWE9CWkZTU3dzNmM1V0NQSFhEVmtZYk5MNng5bEl0TnE5MQ?oc=5,,"SRINAGAR: A non-local labourer was killed in a leopard attack in the Beerwah area of central Kashmir’s Budgam district on Friday, officials said.
The deceased has been identified as Harish Chander (45), son of Kashi, a resident of Uttar Pradesh. He was working at a brick kiln located at Baput, Beerwah, owned by Mohd Altaf Thoker.
A police official said that the labourer came under attack by a leopard, and his body was later recovered a short distance from the brick kiln.
A police team from Budgam reached the spot soon after receiving information and took possession of the body.
The body was shifted to hospital for medico-legal formalities.
Meanwhile, police have taken cognisance of the incident, while wildlife authorities are expected to assess the situation and take necessary measures in the area. (KDC)","success(trafilatura, resolved_via_decode, 815 chars)"
12-Year-Old Boy Killed in Leopard Attack in North Kashmir - Kashmir Life,2026-06-09,Kashmir,,Leopard,Human Death,0,0,1,A 12-year-old boy was killed in a leopard attack.,0.98,single_incident,,Kashmir Life,https://news.google.com/rss/articles/CBMikwFBVV95cUxOZXQtT21KNk9tZ1l0Q3BGREYxVUlOS2RhbHpUV3ozS1pXeVB4NTl3eE9sQjVNUHIzZFVMWmpHWnNmZzZPUHVIcGVabGVTR3BMbjFWRG9Ta3l1SF83bmxPV3NRVkpHOTZYTGg4aFNRRGRqSDlXY0g2WHdfWUhZbWlKNDRMel9HaGFIcUJ0OEdoZU1haWM?oc=5,,"SRINAGAR: A 12-year-old boy was killed in a leopard attack in the remote village of Manzpathra, Chowkibal area of north Kashmir’s Kupwara district on Tuesday evening, triggering fear, grief and protests among local residents.
According to official sources, Tajamul Bashir, son of Bashir Ahmad Gujjar, was in the courtyard of his home at around 5:30 pm when a leopard suddenly appeared and attacked him. The animal reportedly dragged the child towards a nearby forest area before disappearing into the woods.
Following the incident, villagers launched a large-scale search operation. However, despite their efforts, the boy was later found dead, having sustained fatal injuries in the attack.
The incident has left the entire area in shock and mourning. Residents expressed deep concern over the increasing movement of wild animals near human habitations and staged protests against the Wildlife Department, accusing it of failing to take adequate preventive measures.
Locals said this was the second leopard-related incident in the area within the past month. They claimed that a child had been injured in a similar attack a few weeks earlier, after which the Wildlife Department installed a trap cage in the area. However, residents alleged that the cage failed to capture the leopard, allowing the threat to persist.
Protesters demanded immediate and effective action from the authorities, stating that the leopard poses a serious threat to the safety of local residents. They urged the administration and Wildlife Department to take urgent steps to capture the animal and prevent further loss of human life.
Meanwhile, the Tehsildar Kralpora, Naib Tehsildar Kralpora, and senior police officials visited the bereaved family to offer condolences and assured them of all possible assistance from the government.
The Divisional Forest Officer (DFO), Wildlife North Kashmir, said that an emergency operation has been launched to track and capture the leopard. He added that Wildlife Department teams have been deployed in the area and efforts are underway on a war footing to prevent any further incidents.
A senior Wildlife Department official also confirmed that field staff are actively searching for the animal and expressed hope that it would be captured soon.
The incident has triggered widespread concern across the region, with residents urging authorities to strengthen wildlife management measures and ensure the safety of people living in vulnerable forest-adjacent areas. (JKNS)","success(trafilatura, resolved_via_decode, 2489 chars)"
Girl Injured in Leopard Attack in South Kashmir's Shopian - The Chenab Times,2026-07-23,Jammu & Kashmir,Shopian,Leopard,Human Injury,0,1,0,Girl injured in leopard attack.,0.98,single_incident,,The Chenab Times,https://news.google.com/rss/articles/CBMiqwFBVV95cUxOOU52Nk1wYmJaRzNETjhrVnl0QmVTTURial9CV3FwRjZrY1UzZVJXRS1nUWpDLV9jOXp3dlV6S1k3a2JZRk9QRWpmWTMxSERzYk5fb2dMTUg4M1VhUzYzSHgzeGE5QWlSdU1TUUxkMXZvNUxmVjRXWjg4dWt0NGNSZHpJOFM2MDdwTWpCOU5xZXlsOWdEaFEtMWJsV1pob1F2MmZPLVlkZ1FzU2PSAbMBQVVfeXFMTU5Fekxmd2lxZzVEaUVVNUtSZ0ZaYWxab19NQnJjbzNIWHd5a0NZekI3VjlScHFrUVVYdVBYS3lNYlhCRWhmdDVGZXRZUUE5UmNkajlnSXJKWkxhM0stSHZhODJUYVFkaXNmbmVqU0RrYlpzYVRIZ3ZRbEhOb0k0NjZucGVwQk14eXlWeVgxNWhVbUZWV1V5Q0t3V18wWlh1b0VoaXZGa1YzR1JsMTFQLTBUa2s?oc=5,,"SRINAGAR: A six-year-old girl sustained injuries after a leopard entered her family’s home in the Laitri Wali Behak forest area of Keller, Shopian district, in South Kashmir on Thursday.
The Chenab Times has learned that the wild animal attacked the minor girl shortly after entering the residential house. The injured child was promptly transported to the District Hospital Shopian for immediate medical attention and is currently receiving treatment.
The victim has been identified as Aafia Jan, the six-year-old daughter of Farooq Ahmad Tedwa, a resident of Zrakan Shalidar, Keller.
Following the incident, local police have registered a case and initiated an investigation into the circumstances surrounding the leopard’s entry into the house and the subsequent attack.
Wild animal incursions into residential areas have become a recurring concern in several parts of Jammu and Kashmir, particularly in regions bordering forests. These incidents often raise questions about wildlife management strategies and human-animal conflict mitigation efforts. The presence of dense forests in many districts provides a natural habitat for various wild animals, including leopards, which occasionally venture into human settlements in search of prey or due to habitat fragmentation.
Authorities have previously advised residents in fringe forest areas to exercise caution, particularly during dawn and dusk, and to take preventive measures to secure their homes. This includes ensuring that doors and windows are properly closed and that children and pets are supervised when outdoors. Local wildlife departments often conduct awareness programs to educate communities on coexisting with wildlife and reporting sightings or encounters to relevant authorities.
The incident in Shopian highlights the ongoing challenges faced by residents in managing the proximity of wildlife. The District Hospital Shopian is equipped to handle such emergencies, and officials stated that the girl’s condition is being closely monitored by medical professionals. The police investigation aims to ascertain the exact reasons behind the animal’s unusual behavior and its presence in a residential area.
(We don't allow anyone to copy content. For Copyright or Use of Content related questions, visit here.)
The Chenab Times News Desk","success(trafilatura, resolved_via_decode, 2308 chars)"
Jammu Kashmir: 15-Year-Old Injured in Leopard Attack - Kashmir Life,2026-01-16,Jammu & Kashmir,,Leopard,Human Injury,0,1,0,15-year-old injured in leopard attack.,0.98,single_incident,,Kashmir Life,https://news.google.com/rss/articles/CBMiiwFBVV95cUxOS0c0ampHdEtRMXoya2Z4Si1ja0JPVUtfZWI4QTFVV2s5eDVnOG0zME15M3FWZHVvYWZJMXQ1c3JnOGc1cXhhV1FjMVlZUHd6dWVqQ2FZS2NBb0g2UTZkeHo1UjNYQlUzU1BxejBlUnZ6QlVkVnBQUnM1TnRVNnJsenZBbFFDX29VdmFZ?oc=5,,"SRINAGAR: A 15-year-old boy was injured in a leopard attack in a remote area of Rajouri district in Jammu and Kashmir on Thursday evening.
They said that the incident occurred in the evening hours at Panchayat Dodasan Balla (Remote), Ward No. 2, Gurah, when a leopard attacked a 15-year-old boy.
The injured boy was immediately rushed to the Community Health Centre (CHC) Thannamandi, where he was admitted for medical treatment. His condition was stated to be stable.
The incident has triggered fear among locals, who have appealed to the authorities to take urgent steps to ensure public safety and prevent further wildlife-related incidents in the area. (KNC)","success(trafilatura, resolved_via_decode, 662 chars)"
Leopard Attack Leaves 20 Sheep Dead in Central Kashmir’s Beerwah Village - Asian Mail,2026-02-17,Jammu & Kashmir,Beerwah,Leopard,Livestock Attack,20,0,0,Leopard attack resulted in 20 sheep dead.,0.98,single_incident,,Asian Mail,https://news.google.com/rss/articles/CBMipwFBVV95cUxOME90eHk1N2tpblJJeXZYRDMybDhtN2hHcExILXRHR0pFcEl0Wl9JcTB5d1Bsa3hNN1JHSGkzT29qMk9INkxGZzN1eFF3Y202NXVIVnZWUGVtNnl2VWwtMFBjUUcxczhvWm9mdlY0V0dmT0JDTldZQy1WNzl1NlRFWmRyT2J5OTRBa20wanQ2dVphSDN1Vk5RRjdUV0RmaE9reDJoZks4NA?oc=5,,"Budgam: At least 20 sheep were killed in a leopard attack in Utterpora village of Beerwah area in central Kashmir’s Budgam district, leaving a local shepherd devastated and seeking financial assistance.
Locals said the wild animal entered a livestock enclosure during the night and mauled the sheep before fleeing the area. The attack triggered panic among inhabitants, who have reported increased sightings of wild animals in recent weeks.
The owner of the flock, Tariq Ahmad Mir, told the news agency Kashmir News Trust that the loss has shattered his primary source of livelihood. “I am finished. This was my only income,” he said, appealing to the authorities for immediate compensation and support.
Inhabitants of the area have urged the Wildlife Department to step up monitoring and take preventive measures to avoid further attacks. They said such incidents are causing repeated financial setbacks to livestock owners in rural belts.
Officials from the concerned department are expected to visit the site to assess the damage and initiate necessary procedures under the compensation policy.
The incident has once again highlighted growing human-wildlife conflict in parts of central Kashmir, particularly during winter months when wild animals stray closer to habitations in search of food. [KNT]","success(trafilatura, resolved_via_decode, 1303 chars)"
Leopard attack leaves 16 sheep dead in Budgam - Rising Kashmir,2026-09-10,Jammu & Kashmir,Budgam,Leopard,Livestock Attack,16,0,0,Leopard attack led to 16 sheep dead.,0.98,single_incident,,Rising Kashmir,https://news.google.com/rss/articles/CBMisAFBVV95cUxOaFcxU0VVdHgyd0I4cjNNXzkwS3FoMllRLWFOOWxlRFhLR1Rqcm1fQkExS2VESkRkbF9SV2dDS01fUENienY1RG1CdDdmOUxZbU11TlFxSGZGYUpaX05GR0dyaEV0UVRkZ0xQNm9qYkZ5R0k4TmxxdXY0VWlJaUU2MWdQMnlWWFVnWGJIRjlkNUo4bG1xM0RuTnJIaXdlVmhjSlZHUHUzR0w1MFN2M29uUQ?oc=5,,"Budgam, Sep10: Sixteen sheep were killed and 17 others injured after a leopard attacked a flock in the Badipora area of Chadoora Tehsil in central Kashmir’s Budgam district during the intervening night of Wednesday and Thursday.
According to officials, the incident occurred when the leopard entered the  and attacked the flock, leaving several sheep dead and others injured.
Bashir Ahmad, Block Officer, Wildlife Control Budgam, said that a team from the Wildlife Department visited the spot after receiving information about the attack.
“We have visited the spot where the leopard attack took place. We have also installed two cages at the spot to capture the leopard alive,” Bashir Ahmad said.
He said that the department has launched a search operation in the area to trace and capture the animal.
“People should contact the Wildlife Department immediately if they spot the leopard anywhere in the district so that such incidents can be prevented,” he said.
The incident has caused concern among residents, particularly livestock owners, who have urged the authorities to take necessary measures to capture the leopard and prevent further attacks.","success(trafilatura, resolved_via_decode, 1151 chars)"
Eight-yr-old boy killed in leopard attack; villagers allege inaction - The Times of India,2026-04-21,Jammu & Kashmir,,Leopard,Human Death,0,0,1,Eight-year-old boy killed in leopard attack.,0.98,single_incident,,The Times of India,https://news.google.com/rss/articles/CBMi2AFBVV95cUxNLUtqMGhSdURaSHN4ZzBMMkZNRXI4Y0dVeUdLc2NDREpRTENrY0RJZU94ZkxJS3h6SDVOMnpDdVpWeXNxZG5WR09lXzg3TXFVbG5ZWk1lRndoTTZxNzhjSWlaUEs2Q196cGJiOHlvdmxQZFhyQnRhZFVfQWtndFl6c0dnTHoxVmNWVXR1UGsxOExHdUFFSXl2bU5QZFhZV3NJMWJoYnhhTzNSVDJRZ2NPRUdaNUJZMnFTakx0YWhLMXhSZ2pNUTBKd0oxSTUwSjNmQUZ6czdPclnSAd4BQVVfeXFMUDZkWjhUdG5wTmgyZXhORGs4TUh2eDBpOVo0NlJWREJWTjRMQnZRbUljeFAtYzh1Mm8wWVRsMjRnZF9WVXlGODRjR1lzMXhtdjd5ZnFkR0c2bElHQ251WTduRzJXaW1heFp1aEd2STR4NkxXSHRHemRyNFhhMkZWTUx1OXdvVy0ycWxuY2FNeFFzdXYwVmY4akpRaGdDWUl2bHpnSXVpbE15V1VjZDJGcXVtNWo1MVBaQVVkZnV0UF9uMkxYbW91MGFPR1M4S3ZUQ0JUSkttVkduVEhMOURB?oc=5,,"Thane: An 8-year-old boy was killed in a leopard attack on Tuesday morning in the forested hills of Kasara in Thane district, triggering protests by villagers who alleged forest dept inaction despite repeated warnings about the animal's movement.
The deceased was identified as Krishna Bhaga Agiwale, a resident of Kalbhonde village in the Kasara range. Police said the incident took place around 8 am when Krishna had gone to a nearby forested hill with two friends to collect wild fruit. Officials said the boy was plucking mangoes when a leopard, believed to have been hiding in dense bushes, suddenly pounced on him. The animal dragged him into the thicket before his friends could react. The two children ran back to the village and alerted locals.
Villagers and family members rushed to the spot, but the child had succumbed to the attack by the time they reached the spot. Tensions escalated as locals refused to move the body from the spot for several hours, demanding the presence of forest officials and immediate action to capture the leopard. However, following assurances from authorities, the body was sent to a govt hospital for post-mortem.","success(trafilatura, resolved_via_decode, 1156 chars)"
Bear attacks man in Awantipora; leopard trapped in Budgam - Kashmir Convener,2026-08-13,Jammu & Kashmir,Awantipora,Asiatic Black Bear,Human Injury,0,1,0,Man injured in bear attack.,0.98,single_incident,,Kashmir Convener,https://news.google.com/rss/articles/CBMijgFBVV95cUxQMnBSNVRPdjRJajVUX2E5WnBaaTJOSWJiOWRqMUdmNU5kbkV4THNNSW4wVGxseWJiZnpFd2lUZGF0YUtYNnZYT1lrVXpLenVpSk9lSWdDamtVMjNuakhtT01vZFNxZkhrMVhUNDRoNUFqTFpWeWptLW1QaHBMbGU2SGxzODJZNDNsU0VCOTB3?oc=5,,"Bilal Habib
PAMPORE, August 13: A 50-year-old man was seriously injured after being attacked by a wild bear in the Barsoo area of Awantipora in south Kashmir’s Pulwama district on Thursday.
The injured man has been identified as Ghulam Nabi Bhat, son of Abdul Ahad Bhat, a resident of Dadsara, Tral.
Officials told Kashmir Convener that Bhat sustained serious injuries in the attack and was initially shifted to a nearby hospital. He was later referred to SMHS Hospital, Srinagar, for specialised treatment.
Following the incident, a team of the Wildlife Department, Range Khrew Pampore, reached the area and launched a search operation to locate and capture the bear.
Officials said the bear was hiding in paddy fields in the Barsoo area, prompting the department to intensify its search and rescue operation. People have been advised to remain cautious and avoid venturing into the area until the animal is safely captured.","success(trafilatura, resolved_via_decode, 925 chars)"
Leopard attacks forest officials and villagers in Dhar - The Times of India,2026-04-23,Jammu & Kashmir,Dhar,Leopard,Human Injury,0,0,0,Leopard attacked forest officials and villagers.,0.98,single_incident,,The Times of India,https://news.google.com/rss/articles/CBMixwFBVV95cUxNUFhDZThHaHZPWkZFNlJnVVVDd05hbjFweFdJWENzbU5yd2ZCdk1ENF9Iajllbk5vOWpUdm5vc1ZETG1tWnFITjNkeHBnZDFZVXFFSllkVFFDVHNNTGVIWjlaajhOVHZPQlcyQjNybFk1NElHTVNyaUdzbW9aRkt3b0NHaVVLVENIYUd1WkM2Uk9hRUVwNVhKRk9EaGtDNWxPUVRGeVdES2dxeDg3dnFYY2p6QnROSUx0SUI4bHN4S1RBMHhKTWs40gHMAUFVX3lxTE1VTDNMUGI2S3VXSGhrVmNzMVBWelhTWHlTNjdVejRqUnVPSTBhQ2pBNzhDME9OMGVUMEwzQVU0amNmZ0dCTC01VG1fdENOVE1ybDY3RXBZU1YzdkJxdVR6elZWSWxWQnR3NlJlZml2eTcyNXp5SEZFejEzYjAwNEpTTFJZTHlVTTBpTEN2Z1A5ZkstM1JISUNqMy1KY3h6R2RjSG1HSktSVzJ6aUlGM2txaHBsczZKU21oaHJkb1oybFgxYk94MWZxREtvUw?oc=5,,"Indore: A leopard strayed into Dehariya settlement in Dhamnod forest range on Wednesday morning, injuring five persons, including forest department personnel and a local woman.
According to forest officials, the leopard emerged suddenly from the bushes and attacked villagers before retreating. When a forest department team arrived for a search operation, the leopard pounced on the personnel. Those injured were forest guards Daddu Singh, Mahesh Vaskel, Gyarsi Lal Solanki, Kantabai Rathore, and Vikas Dawar.
Dr Bablu Nigwal of Dhamnod civil hospital said that after receiving primary treatment, all five were referred to Dhar District Hospital for further care.
The leopard later got trapped inside a drainage pipe beneath a bridge on the Old AB Road. DFO Vejayanantham TR confirmed that teams have barricaded both sides of the road. ""We have used an earth moving machine to block one end of the pipe and placed a cage with a net at the other,"" he said.
A rescue operation involving over 30 personnel led by DFO was going on till the time of filing this report. A specialized rescue team from Indore was also called in to assist.
Officials said that while leopards were common in the nearby Vindhyachal and Mandav hills, this is for the first time one has entered this specific settlement. Residents have been advised to remain indoors and stay alert.","success(trafilatura, resolved_via_decode, 1354 chars)"
"Leopard Kills Dogs, Sheep in Kulgam; Search Operation Underway - Kashmir Life",2026-05-25,Jammu & Kashmir,Kulgam,Leopard,Livestock Attack,0,0,0,"Leopard kills dogs and sheep, search operation ongoing.",0.98,single_incident,,Kashmir Life,https://news.google.com/rss/articles/CBMilwFBVV95cUxNVjJwWG84VHdXNzJnbFA5QWVTVmV5UU9PajJTT3ZvM0FoNzQ3ZmNtUmJGUHFpenF5V1Z1dUIwVFVxYWQydG9LTDBnbk4tS01DRU0teVNVdWgxdFdCLS16UkRXYXFXMnJIc3FBY0t4TmxtSjdLSHhoUGJnLWR4enUwYWZON0hCRDZ5LU5XcmN5RDI4c1QxOHU0?oc=5,,"SRINAGAR: Panic spread across Munad Guffan village in south Kashmir’s Kulgam district after a leopard allegedly killed several dogs and sheep, prompting the Wildlife Department to launch an intensive search operation to trace the wild animal.
Officials and local residents said the leopard entered the village and attacked domestic animals, triggering fear among residents and prompting authorities to initiate emergency response measures.
Teams from the Wildlife Protection Department rushed to the area and launched a search operation soon after reports of the attacks were received.
Despite sustained efforts by wildlife officials, the leopard had not been traced till late Monday, officials said.
Authorities have advised residents to remain indoors and avoid venturing into isolated areas until the animal is captured.
The advisory was issued as a precautionary measure amid concerns that the leopard may still be moving in or around the locality.
Villagers appreciated what they described as the timely response by Wildlife Department personnel, stating that teams reached the area promptly and initiated operations to prevent further attacks.
Officials said the search operation would continue until the leopard is located and safely captured.
Further details are awaited. [KNT]","success(trafilatura, resolved_via_decode, 1285 chars)"
"Leopard that attacked villagers, killed livestock captured in J&K's Bhaderwah - greaterkashmir.com",2026-07-04,Jammu & Kashmir,Bhaderwah,Leopard,Retaliation Against Wildlife,0,0,0,Leopard captured after attacking villagers and killing livestock.,0.98,single_incident,,greaterkashmir.com,https://news.google.com/rss/articles/CBMivAFBVV95cUxQUUNiM01KblphYlA2eHZNLWhxU2xzVFdXdWlkV2p4UVg0Z181Ym8wdkpGcTlfMnZMRXdwTU0xY011clBpV0U4MFRRbUJpQ0Y1cXMzcXVuMEI5NjMzMW03eHB4Q1JqYU9RbXNIRmxIOUpnSFRsaWJnenc0OE1teGtYSGRjRTU5MmxXSm1MVnE4Y202eXlXR3plajl6NGxfNVhKVGNYRHFfOUJrU2NVdlpYRlJyM2xwZ3FDZXQ3UdIBwgFBVV95cUxOLXF5eFRnOHBMSjVKcmctRm52cFU3RlFUVnVVQ2RwM0dobHg0U2xkYWZLQlFndGt3Q0tGYV80bU90Y3NpbW5WLUl3UmFURmV0M0g2OGswQ3RqdURCa1ZwRk9MRmVEMTBNNlpnSmNldWZ5eHhyanpJajhMS3Iwa1N4NmxZX1Y1SzJnNGJqTVJSeFRGYUstVHYySGpDbXpMX2RScnVmYlV5bzFUWWtJdTdtZHo3TVg4ZGV0Wlh0OTNHem5hZw?oc=5,,"Bhaderwah, Jul 04: Villagers in Jammu and Kashmir’s Bhaderwah heaved a sigh of relief after Wild life department and Territorial Forest wing finally Caged the leopard alive who has created fear psychosis in the area by attacking humans and domestic animals.
Range Officer wild life range Kishtwar Shafer Iqbal said, ""a fully grown male leopard was safely confined to a cage in the Bhalra Forest area after it injured school going teenage boy of the village beside attacking other villagers and killing several livestock that sparked panic in the residential neighborhood.""
""The aggressive leopard had caused panic in Bhalra area which is located in dense forest and after villagers raised an alarm, we immidiately set up a trap here after scrutinizing the area with the help of forest official. The animal was caged this morning without using and traquilzers,"" Shafer Iqbal added.
""The animal is being safely taken to trauma Centre Kishtwar and after medical examination the leopard will be free in it's natural habitat,"" Officer said.
Villagers, especially students and those who have to accompany their domestic animals in the forest area for raring in constant fear finally heaved a sigh of relief after the leopard who has killed dozens of animals including sheep, goats and dogs was captured today.
""Since last one week, we could not go to college due to the fear of leopard as the animal attacked a student from our village while he was going to school as we have to trek through dense forest to reach to the motorable road,"" Said Kajal (20), a college student from Bhalra village.
""Now we can resume our classes as the wild animal has been captured and for the prompt action, we are thankful to wild life and Forest department,"" Kajal added.
Meanwhile officers of forest department appealed to villagers not to enter in the natural habitat of wild animals unnecessarily to avoid man animal conflict.
""Due to increasing encroachment by the humans into the territory of wild animals, we have constantly squeezed their natural habitat that has resulted in dearth of food for them and in recent times this has been observed that the wild animals especially leopards and bear barge into the inhabited areas in search of food,"" Said Sameer Rishu, Range Officer Neeru Range of Bhaderwah Forest Division.
""If anyone sights the wild animal, instead of chasing them or taking videos, they should immidiately inform either forest officials or wild life department. It has been observed by the experts and is a proved fact that these animals only ascend down to the villages in compulsion and not by choice, so we should not adopt aggressive attitude towards them as they are an integral part of our ecosystem,""Sameer Rishu added.","success(trafilatura, resolved_via_decode, 2725 chars)"
"UP leopard attacks: 9-year-old boy killed, toddler injured as flooding drives wild animals into populated areas - Mid-Day",2026-09-09,,,Leopard,Human Death,0,1,1,9-year-old boy killed and toddler injured in leopard attacks amidst flooding.,0.5,single_incident,,Mid-Day,https://news.google.com/rss/articles/CBMi-gFBVV95cUxPajRrR3Y3amlRSjJJZnBCekxHLW9pZlI0b1FBUDRDRUpoS3NWZkNhekQxYjBZMWhyTmgxLVNYbUNDT2VLWVA4R3VsMWVnaEhQZEtMbGlrVGYwNWhCdnB4cTRIU2h2QkNKU3JDM2NMZzBoU1ZuMWZpdkoyVWRsTG95MHFTWGd0MktwVjlUbXJYbmpOR2VtZkJkZE4wZDF1bXExSlBjcEZreC1sYkpuQXp0aFlDRGhIUHVVYjJvWl94UFZ5ZVd4Vk9NT3Z4NWx1VkxYSldMczQxdFRHNUFFRF9rU21XY25OUkxtQUdGbjdFOVJsdHF6YnlmZVhn0gH_AUFVX3lxTFBpNlF0TnpOclJ1SWtiaF9UUFZhclp3NXVTRDJSRk5zRlhVQkZJQVRnaTlOQVAxbDh0cXM5QmN3cUpYQjMxWjUzY29HbG5WTUxoeDVvRE5MTmNpbGVIWEFpZ1llYlFfX1o2ZHpyQ3lIUnF0bDkxWU1ld1ZMMjZwd2xpaE5jcGtydEJ1eDBKWm5leXYtMDR3Y3MtTmdzX0FHcUlGX0tTNER3UHhfbG9xZFc0MUd0ZER2VFFwV3laX0tQVHk5MGRpNVVvcks1NklJYWNRTXBzSHZ0VmJYUkIyT0pmRThXOGI0NXhKNjY2WUN6UHlPWW5GY21xS0NqVzFjcw?oc=5,,"UP leopard attacks: 9-year-old boy killed, toddler injured as flooding drives wild animals into populated areas
According to the forest department, incidents of wild animals straying into populated areas have increased in different parts of the district due to flooding
Representation pic/iStock
A nine-year-old boy was killed and a toddler was injured in two separate leopard attacks here, forest officials said on Tuesday.
According to the forest department, incidents of wild animals straying into populated areas have increased in different parts of the district due to flooding.
ADVERTISEMENT
ADVERTISEMENT","success(trafilatura, resolved_via_decode, 611 chars)"
"Farmer’s half-eaten body found in forest, leopard attack suspected - The Times of India",2026-07-12,Jammu & Kashmir,,Leopard,Human Death,0,0,1,"Farmer's body found, suspected to be leopard attack.",0.98,single_incident,,The Times of India,https://news.google.com/rss/articles/CBMi1gFBVV95cUxNN0hEckpzdXFZTnc0eFkzY25pX2lKTE1yVFgtS3gzZ1pMd1Eyc3JXOHRjV3oweXdmUkM4S2xDRU1JNDBfQ1NCdXRPMnFrOWtHMUFIUkRndkJ5UTk2bm9hdkREcVBIaDZTcGFuZjJEYkFuTVoxbnlyM2dJX3h3RnQ1MDNsMmF3c0dycWZCSFRIWUc5bTItU0FCSUg4VUJSWTBiZFRSLUVpb2FOWHRpWUtPZGs3eVhXdVJBZUJmZFAxdEN3M0ZoOWZCN2EzLUNjZ1pSa01MSDV30gHbAUFVX3lxTE5YZDNuTHV0eUFTbFBpTzAtMXpLdDdoMHlCV0RmcFdLejhOQlZsNUllS1RDTEtuaDVSVXF3Q3dKajJFOHdKZExNSWFQVTl3NTNoeGd3SVg4cGZMNXFFc3pEMWZ2STZHS3dfUlNJM1NDUGs5VW43WGxxak1POTJ5X2NzZXE5SURMODBOUHBDS1QyUVoxdzVJQVVfZG0xWTJUXy1WY3A5U3U2eUdyTHN3U0V0UUNtRnpxWFJmbVIwQnBZUVZvdDRJajhUVnQ2dmtvT1FDQ3ZUdUM3dXhRTQ?oc=5,,"Lucknow:
 A 48-year-old farmer was killed in a suspected leopard attack in Bahraich district, with his half-eaten body found nearly 4km inside the Katarniaghat forest after an eight-hour search, officials said on Saturday.
The victim, Dashrath Yadav, a resident of Dharampur Bezha village in Murtiha, had left around 2pm on Friday. When he failed to return home by evening, his family alerted the forest department and local police.
A joint search operation involving forest personnel, police and villagers was launched late in the evening. Around 10pm, Yadavâs body was found deep inside the forest. Officials said the body had been partially consumed by the wild animal.
Divisional forest officer Apoorva Dixit said the preliminary investigation suggests that the farmer was likely attacked by a leopard while inside the forest.
âAs it happened inside the notified forest area, the victimâs family will be provided an ex gratia compensation of â¹4 lakh as per govt norms,â the DFO said. He also urged villagers not to venture alone into dense forest areas and to remain vigilant while grazing livestock or collecting forest produce.
The victimâs brother, Omkar Yadav said Dashrath had gone to check his paddy nursery and graze cattle near the forest but did not return. âWhen we searched for him, we found his body with the leopard still nearby. We raised an alarm, after which the animal retreated and we brought the body back,â he said.
Police sent the body for postmortem.","success(trafilatura, resolved_via_decode, 1477 chars)"
Leopard kills minor girl in Shimla | Hindustan Times - Hindustan Times,2015-04-11,Himachal Pradesh,,Leopard,Human Death,0,0,1,Leopard killed a minor girl in Shimla.,0.98,single_incident,,Hindustan Times,https://news.google.com/rss/articles/CBMiqgFBVV95cUxPM2tkM0tfWGp3OC1sV01kVFEyc0VOYmdyRm1wckMwVHRHWjBrU1p4XzFLUHZycTdfMWpFek83S003RHV2NVZELXpFTldpcEVCb19sUVg1MDlQS19WQVVOcEFRc3ZQczh5bURUR3NnZEFDTU9idnNuNzRpM29mYVFpb3c4R1FLSTdoTXRDX2dSejk5OGdORk12U2ZnQmdOa3c4SjA5TGJUblY4Z9IBrwFBVV95cUxOdGhMQXZnTHdfTUlOTHFkRXhvNEhSTUludk9CbmVoWFMwVVVGRm5SaGdhcFFjTGMxeHFIcGZ2Y1NQaTdlRjdYWWxTWXpXX05aeWFrQUhyS1dyanJRVVRSOUctOHVsU1JsYWRLTkU2Ty1Db0c2cU9WbW9hcTQ4T05YWWtQNkZXaXA1bVNBZGhYUUFraGQ2U01wZFZHaWJCUzlKNW1tNjczVHBEUTBObFNV?oc=5,,"Leopard kills minor girl in Shimla
A girl (3) was mauled to death by a leopard at Khaneri village in Rampur, 140km from Shimla on Friday evening, said a police official on Saturday. He added that Riya was attacked by the leopard and dragged into a field while she was playing in the backyard around 8:30pm. The wildlife department has, meanwhile, started a search operation to hunt down the man-eater.
Principal chief conservator of forest (wildlife) JS Walia, in a press communiqué, said that a massive search operation was conducted throughout the night by the locals and staff of the forest department to discover the body. ""After killing the girl, her body was half eaten by the leopard and the remains were traced about half a km away from the incident site in the morning hours,"" he said, adding, ""Efforts are on to capture the leopard. A team of accredited hunters is also being appointed for the same.""
He also said that interim relief of `25,000 had been paid to the aggrieved family and the department was keeping a strict vigil and monitoring the leopard movements in the area. ""Trap cages have been set up at strategic locations in the sensitive areas. Taking recourse to the provisions made in the Wildlife (Protection) Act, 1972, the chief wildlife warden, Himachal Pradesh, has declared the leopard as dangerous to human life,"" he said.
Further, people in the area are also advised to avoid walking alone in the night and not to leave their children alone in dark hours. ""One can also play music on the mobile phone while walking at night so as to keep the big cat away,"" the forest official added.","success(trafilatura, resolved_via_decode, 1613 chars)"
Leopard kills boy in Himachal - sunpost.in,2012-07-27,Himachal Pradesh,,Leopard,Human Death,0,0,1,Leopard killed a boy in Himachal.,0.98,single_incident,,sunpost.in,https://news.google.com/rss/articles/CBMiXkFVX3lxTE9ITm11NWdkSmN0Zkcxcnc1SmpCNkQ1MjhJQXpyeWZzUm1VSC1UMUI3OTlkNE1vUUFvNUE3bGtPa1drTmFvZlZ3R0gzLTcwMEt5SUNhTTduZi0tX1BrMVE?oc=5,,"Shimla : Wildlife officials are trying to capture a leopard Friday after it killed a two year old boy in Himachal Pradesh’s Bilaspur district .
On Wednesday night the leopard struck Marhana village and carried away two year old Palak from his courtyard .
The family members and the rest of the villagers raised and alarm . They chased down the big cat who abandoned the boy near a stream .
The boy was declared dead in a nearby hospital as the leopard had choked his throat .
The leopard has been declared a man eater and a search is on to capture it the Bilaspur district collector said .","success(trafilatura, resolved_via_decode, 589 chars)"
Uttarakhand: Wild animal kills woman in Bhimtal; locals suspect leopard attack - ThePrint,2026-04-22,Uttarakhand,,Leopard,Human Death,0,0,1,Wild animal suspected to be a leopard killed a woman in Bhimtal.,0.8,single_incident,,ThePrint,https://news.google.com/rss/articles/CBMisAFBVV95cUxPU2ZpR2JYaHJuT09iSmFZcF9uZThpR0t5ejRMWWw5VF9TYVdLM2JDVmg4UkJWekZOUlhpa0oyWlZvdldMZlNNbl83RmNjYTRfbXA3dVJRS3ZrSVB2Y2dhRzdBUS1uMWFBNk5HYmxNTVM2TVh0d1haUzNrMFFFMDVPNDlhWE82R1FpUzBCTVBnd29TTnE4UUlRMFFFLWxqMzNfTThJcjBxR2FPeDVEeUVmSNIBtgFBVV95cUxPUkFGUkhiWUdjeEFaNHBWenQ5LUNUTFJDcFJGS2RxTlpSN05WN081bHJiN2lWbjRzU1NmR21laFJLanV5RHZRX0Q5OGk4dGJBZHhPTUtQU2hnZnUwYmFNQU1pUjZhN1FPR1VYcmpvRUx2TGZOcjQtUENXSUk2aEo1T0tjWE1HMFU0WmM0aEN6SHh0SWZqZlpyM0JoS0ZDNGp5b0JUaFU2NV9oUFp0eEEycFVkd284QQ?oc=5,,"Nainital, Apr 22 (PTI) A 50-year-old woman was killed by a wild animal in a forest near Jeoli village of Bhimtal on Wednesday morning, officials said.
The victim, Hema Pandey, had gone to the forest as part of her daily routine to collect fodder. Locals and witnesses suspect a leopard carried out the attack.
Gram Pradhan Shekhar Chandra Bhatt said other women present at the spot reported the attack. Villagers later recovered the mutilated body from the forest.
The incident has triggered panic in the area. Villagers noted that similar attacks occurred recently in Chopra and nearby areas, leading to growing anger over the lack of a permanent solution.
Divisional Forest Officer (DFO) Akash Gangwar said, “The matter is under investigation. Patrolling in the area has been intensified, and residents have been advised to remain vigilant.” Bhimtal Block Pramukh Harish Bisht said they have informed administration authorities about the incident. PTI COR AKY VN VN
This report is auto-generated from PTI news service. ThePrint holds no responsibility for its content.","success(trafilatura, resolved_via_decode, 1070 chars)"
One-And-A-Half-Year-Old Girl Killed By Leopard In Uttarakhand's Pauri - ETV Bharat,2026-01-25,Uttarakhand,,Leopard,Human Death,0,0,1,A one-and-a-half-year-old girl was killed by a leopard in Pauri.,0.98,single_incident,,ETV Bharat,https://news.google.com/rss/articles/CBMiqgFBVV95cUxNX1dFWjJGaElVekQweVhVTnM4SzdnWTFzanhLWmhsRXZzMjBqNE00Z0s0d0U3M24wZDVLODExQll1akg2azU0Z3hRNHdYMlF3Nno0T1QzRXJ6OWRpVEpEdWJVZ1RhZzY1RGI0T1ZzLTZVSFZfVU5MUjVsNUZCWW1MUW5PS2U1NnE2aDZZVVdicW4wX20wYldHSGRBRFRBbzhWY0lRbVJLX3ZXQdIBrwFBVV95cUxQXzJ0My15TGVMQXZsOVZqNnd4Rlc1NEZaa2l6LXN2c000bW5KMHBRSklSLVJQZU5PSEVLYTdLa3dWZG00NWNTNDZGUzlsT2JTSG1SWENZcDZ0TF8yYUJEQzhLcmdaVlBVTUVkcl9hRXlMOUF0amNBbUZfV1ZUeDkzT1E0aVpVZ2JWS24zN3dKMms4alNVaF8ydzJkVDl1TEFjTFFMZENDQUdvN1NXYXc4?oc=5,,"One-And-A-Half-Year-Old Girl Killed By Leopard In Uttarakhand's Pauri
The leopard took the girl away from the courtyard of her house. She was found in the bushes and declared dead on arrival at hospital.
Pauri Garhwal: A one-and-a-half-year-old girl was killed by a leopard at Barswal village in Jayharikhal development block in Uttarakhand's Pauri district on Saturday evening.
Locals said the victim, Yashika, granddaughter of Birendra Singh, a resident of Barswar village and former BDC member, was at the courtyard of her house with her mother when the leopard pounced on her and carried her into the bushes. All this happened within a few seconds and left Yashika's mother bewildered.
The villagers, upon hearing the cries of Yashika's mother, rushed to her house and started searching for the girl. Around an hour later, Yashika was found bleeding in the bushes around 20 metres from her house. Her family members and locals rushed her to Lansdowne Hospital where doctors declared her brought dead.
The Forest Department swung into action after being informed of the incident. Lansdowne Forest Ranger Rakesh Chandra confirmed the incident and said a Forest Department team has been dispatched to the village. ""Patrols have been increased in the area, and the leopard's movements are being monitored,"" he said. The incident has led to panic in surrounding areas, including Barswar village.
The villagers demanded the Forest Department to increase regular patrols in the area, install cages, capture the leopard, declare it a man-eater and shoot it, to prevent recurrence of such incidents in the future.
Also Read","success(trafilatura, resolved_via_decode, 1618 chars)"
Uttarakhand: Villagers block Srinagar-Pauri highway over rising leopard attacks - ThePrint,2026-05-26,Uttarakhand,,Leopard,Retaliation Against Wildlife,0,0,0,Villagers protested against rising leopard attacks by blocking the highway.,0.8,single_incident,,ThePrint,https://news.google.com/rss/articles/CBMiswFBVV95cUxPNEFwSXpjVU1xaHFDTldvMFZqNjlFRTduUUJxazBnUWpRMHhoTFdKcWZmaUJqVldDcndKUm1yaHdqQmZUb05hbnplamVSYUhNeEpNaVpDdFFRVkdhSEwzSExlNkdkQlltY3ZiSFBnVzJrSm5EajN5dUFYTGxVRzlMUHJzQWdzRG04Y1RFQnZQb25CcTV4VFFneWdDQndick83WUtFRnMyU1JyN21NSjhRV2xDUdIBuAFBVV95cUxNVk5sZ01acHc2eVczaFdiMmlNbThkVWU1bHBBemJBRHlISURSMVh4ZFZJNXBsazJCVjdXZzNhdnliVGJFUndDb0RJZkJYYTBPYjk0T2J6QmFPazdJR01DeDdON296b1I3S3NOYVBIVjMwZ0QtNDNVLWo3am52M05uUUlON212Z2hERXpjVXliUTZGRjFpekpKUzFhVXA2czlsMVVydHhtdkhVM2pEZFo4UVh2RGNxTHNr?oc=5,,,extraction_failed(after resolved_via_decode)
"Himachal: Leopard terror in Hamirpur villages continues, buffalo killed - ThePrint",2026-08-20,Himachal Pradesh,,Leopard,Livestock Attack,1,0,0,A buffalo was killed by a leopard in Hamirpur villages.,0.98,single_incident,,ThePrint,https://news.google.com/rss/articles/CBMipwFBVV95cUxPNEJzQ0p2QU1oRFdOXzkxY2dqd3dhNGRJMkRJbzBPUUVkYWdhcEdjNFN4VWZvVUk2YzBiNlBVT2ZlMHZBWXVfMGJxZWg2YkZBd0pMdnJKNkplY2xXVlhmX2dFVjgtRG5TaUFtMzJXSFEyUGxrWkw0YkVBSmtRUk52SlQyb01kVFBldTJkWXJQdW1xNmFwSVZyLWZUSG51emJ5R1dyaUVHb9IBrAFBVV95cUxQWTJCY2ttaFB1TXY2NFRGQ1VOS3RYVDhieTFxTGNJVEJLY185SkhiYjY5UGtXaGd4azZCWlplMmgtRDhzOHdVTUh0REV5SmJWQTNCclJXSWthTDVka00xVjFyRkxQcUZOaGRod00xVjBwLTNFSVBkaEZuVWtsa1Q0Ymc5ZjhDdEs4THVydTZSUEhVUzY0cld1ZVpLRU04WkVaemlaMmRNVTlZeFFv?oc=5,,"Hamirpur (HP), Aug 20 (PTI) Leopard terror continues in villages of Hamirpur district as the big cat’s sighting was again reported in the Ladraur area for the second time this month.
On Wednesday, a leopard entered the Ladraur Gram Panchayat and killed a young buffalo belonging to a local, Chaman Lal.
The incident came just a few days after a leopard was spotted with two cubs in the fields of Karha Panchayat.
Before these incidents, a leopard had killed a buffalo in Buthbin Tangriyan.
Upon receiving information about the incident, Arvind Kumar, a veterinarian from the Animal Husbandry Department, visited the site on Wednesday evening to inspect the carcass and assess the circumstances of the leopard attack.
Meanwhile, Gram Panchayat Pradhan Savita Kumari stated that the leopard’s persistent activity has instilled fear among the residents. The panchayat has informed the Forest Department.
Villagers have demanded that a cage be installed in the area to capture the leopard. PTI COR BPL AMJ AMJ
This report is auto-generated from PTI news service. ThePrint holds no responsibility for its content.","success(trafilatura, resolved_via_decode, 1108 chars)"
Leopard shot dead by forest dept hunters in Uttarakhand's Pauri - Rediff,2026-05-08,Uttarakhand,,Leopard,Retaliation Against Wildlife,0,0,0,A leopard was shot dead in Pauri by forest department hunters.,0.9,single_incident,,Rediff,https://news.google.com/rss/articles/CBMi3wFBVV95cUxPOXBjeEtfTnphcUlSWjZCV2NqVE12dk1sUkhPQWQwb0ktZWxJSmdSVElRemtxa0pVTDJaUVZ4LUk0ckw5Uy1URHRURmozdWRCd1ptdHVQZU5yaEJZOUVXSHR6cENGTmFKZzhmVGJKT3FlUjM2cS1TMGx6R2VBYVgyR2dOb2dRNmdvd0N5OGRIYWZERnRTUHJzOVJ0VFNVSmtlUHBDb2VDUDdHT0hFYl9MWWtSVEtSeFhGd1EtTGVFZWZiWldMM29jNDhYTWlxcEF2T2FFY0hwYjhNeDhBTTcw?oc=5,,"23:43	
																											
														
File image
												
															Hunters deployed by the forest department shot dead a leopard in Bamthi village in Pauri, bringing relief to villagers who had been living in fear for the past fortnight, officials said on Friday.
The eight-year-old leopard, which was killed late Thursday, was brought to the Nagdev Range office in Pauri for post-mortem examination, they said.
They said only after the post-mortem report would it be possible to conclusively determine whether the leopard was a man-eater.
About a fortnight ago, two leopards attacked 65-year-old Sita Devi while she was cutting grass in the fields in the same village and dragged her towards the forest.
Ayesha Bisht, Sub-Divisional Forest Officer (SDO) of the Garhwal Forest Division, said forest department teams had been deployed in the area since the April 23 incident and were carrying out continuous patrols in the village and nearby forests.
She said the department's hunters were prepared to tranquilise the leopard, and, if required, shoot it as a last resort.
Bisht said the operation was successful and the animal was shot dead.
The killing of the leopard has considerably eased fear among residents of the village and adjoining areas. However, the forest department has urged people to remain vigilant. -- PTI","success(trafilatura, resolved_via_decode, 1344 chars)"
Uttarakhand: Elderly woman killed in leopard attack in Pauri - news18.com,2025-11-13,Uttarakhand,,Leopard,Human Death,0,0,1,Elderly woman killed in leopard attack in Pauri.,0.98,single_incident,,news18.com,https://news.google.com/rss/articles/CBMirAFBVV95cUxOa3Z5cHYtcWY0aXJTdXp4c0otQXMtdWpzck00U3BNYXZFbWlkMWxFR08wWk1iaHNLMmlockV4SEF0VVpxcGVNdnRPR3VCM3hKM0Y5ZzFOTW9iRXRWalFlRUM0V1dWM013cmRsdFVnWUdoMVdManFBYVl1MEg5a2lIZ2paUlliWHprUzViNDFPRXBMWlZNT0dqekljQkxuRF9DWG5weWI0Sm4xWmFH0gGyAUFVX3lxTFBsYlFRaXVpazlvTzZPblNld3VuaXp3MFRMYlNQM2VsbS1CX0FKZGdGYnVCLUMxUzNGQktZbEFJbkdkM2t1ckoyQWx1MnZPanpteVFWTG43OVRYRDVhejdMLVRKYWV5am0xYTIxVGZSY0dkUDVLM0NDcmdEWDhzN3pGZXZDOG1RNHp5U0ZiVk1PTE5UZlpuRDctNDdJT1RvcDI4dUFfNjBVVmFrSFc3U1JjYXc?oc=5,,"Uttarakhand: Elderly woman killed in leopard attack in Pauri
Kotdwar, Nov 13 (PTI) A man-eating leopard attacked and killed an elderly woman in the Pokhra area of Pauri district in Uttarakhand on Thursday.
Officials said the incident occurred at around 11:30 am in Bagdi village when Rani Devi (65) was cutting grass in the field.
They said her daughter-in-law, who was cutting grass with Devi, had returned home to prepare lunch shortly before the incident.
According to officials, when Devi did not return home by 2 pm, her daughter-in-law and another woman from the village went to the fields to look for her, where they saw the leopard from a distance and raised an alarm.
Hearing the noise, villagers rushed to the scene and, with great difficulty, drove the leopard away.
Officials said Rani Devi’s body was later recovered nearby, with deep wounds on her neck.
Upon receiving information, the administration and forest department team arrived at the scene, took possession of the body and sent it for post-mortem.
Divisional Forest Officer of the Garhwal Forest Department, Abhimanyu Singh, told PTI that a 15-member team has been deployed in the area for security purposes, and three cameras have also been installed.
He said that upon receiving orders from higher authorities, a cage will be installed in the area, and the victim’s family will soon receive compensation.
Forest officials have appealed to people in the area not to venture into the fields or outside alone.
Four days ago, a leopard attacked a woman in Alkhet village, a few kilometres away, injuring her. PTI DPT AMJ AMJ
(This story has not been edited by News18 staff and is published from a syndicated news agency feed - PTI)","success(trafilatura, resolved_via_decode, 1702 chars)"
Uttarakhand: Four-year-old boy injured in leopard attack in Pauri - news18.com,2025-12-03,Uttarakhand,,Leopard,Human Injury,0,1,0,Four-year-old boy injured in leopard attack in Pauri.,0.98,single_incident,,news18.com,https://news.google.com/rss/articles/CBMiswFBVV95cUxOckgwcjVLS0tUajk5ekhMd083SGxnbVBsVGs2MmJHMk9JNEFtcnhMVjI0ajJMcjBvbWkybm1sUEpMOTg4cDZZLXFuaGJmdFY1eEl5dEJFRWJsOHlLQzJxU01scnVtcHJ1T2RRT2dYWllMSkVKSFlkQTZ1SFNDMExER1ZMMUVvb2xEajJYZ0V5ZWxrdmE3dkg0WE5LRkNxMWpNWlJGN3RvcTM1ZVNoWjEyc2pvVdIBuAFBVV95cUxQTDNvZ0RhczNfbFhpNDFiU09GZzBHN29tOHBsb1dXYTlpTUhLUnM4RUNBbWZsU21YaXlxNmpaN1BfaUJ3ZWl6UUo0bGRiYXdteVBsV3NsRW9qa21mVlpYQ25uYkkxLVNvZmtyVXM0QkdhLUJxNTNjZ2NHMDJTLTluZW50eldYVVBkNy0zZ2wyVF9uUER3aWJHOGNrV29oZnBSRk1tRV9UZmlRajNzbmJIcWc3Q1AxcTJT?oc=5,,"Uttarakhand: Four-year-old boy injured in leopard attack in Pauri
Pauri, Dec 2 (PTI) A four-year-old boy was injured after a leopard attacked him in Uttarakhand’s Pauri district on Tuesday, officials said.
Anmol was returning home in Dewar village from an Anganwadi with his mother and an Asha worker when the leopard suddenly pounced on the 4-year-old boy, they said.
However, the leopard fled after Anmol’s mother, the Asha worker, and locals raised an alarm. The child suffered head injuries in the attack and was rushed to the district hospital, from where he was discharged after treatment.
The incident triggered panic in the area, with the villagers demanding that the forest department capture the leopard.
Sub-Divisional Forest Officer Ayesha Bisht said patrolling will be intensified in the area. PTI DPT ARI
(This story has not been edited by News18 staff and is published from a syndicated news agency feed - PTI)","success(trafilatura, resolved_via_decode, 925 chars)"
"Man killed in leopard attack in Uttarakhand's Champawat, villagers demand action - news18.com",2025-12-09,Uttarakhand,Champawat,Leopard,Human Death,0,0,1,Man killed in leopard attack in Champawat.,0.98,single_incident,,news18.com,https://news.google.com/rss/articles/CBMixgFBVV95cUxPMVFvbHhMZ3BQaGM1dHFMOWZzM3pVSGxINWRmMkxCX2tSZm1zV21mTU9SdFdOWjRlRlNkaEEzaVY3TVdkT3kydUhkemxFQWhQZFFoZ2VoVlRuNVRsRDhETG5KM1FEaGkzUlJ3Vkl4dU94QlZidVBybUNjQk82OThfblNKRFpPMXFIT0EySHpSMWRIYWFRWVJlWDZoYzRCU2QweFVnb3JWUi1WXzBDX1A1Zmt3d1ZsbnlLZ2V5REdrZ21vUG53QXc?oc=5,,"Man killed in leopard attack in Uttarakhand's Champawat, villagers demand action
Champawat, Dec 9 (PTI) A man was killed in a leopard attack in the Barakot area of Uttarakhand’s Champawat district early Tuesday morning, officials said.
According to the official, this is the second death due to leopard attack in the area within a month.
The incident occurred in Dhargada Tok of Churani Gram Panchayat. Dev Singh Adhikari (45) went outside his house to defecate when a leopard attacked him, killing him on the spot, they said.
After receiving information about the incident, panic spread throughout the area and people gathered at the scene. Villagers expressed their deep anger over the incident and demanded the Forest Department declare the leopard a man-eater and kill it.
The villagers said that it is the second such incident in the area within a month and it has created an atmosphere of fear among the residents.
They alleged that on Monday evening too, a leopard had attempted to attack Dev Singh Adhikari’s wife.
Champawat District Magistrate Manish Kumar said the forest department team is taking necessary action. In November, a leopard had killed a man in Kotla area of Barakot.
Chief Minister Pushkar Singh Dhami, who represents the Champawat assembly constituency, expressed grief over the incident and directed officials to provide assistance to the family of the deceased. He also directed the forest department to take all necessary steps in the area. PTI DPT NB NB
(This story has not been edited by News18 staff and is published from a syndicated news agency feed - PTI)","success(trafilatura, resolved_via_decode, 1590 chars)"
"55yo woman killed in tiger attack, 2nd incident in 15 days - The Times of India",2026-02-26,Uttarakhand,,Tiger,Human Death,0,0,1,"55-year-old woman killed in tiger attack, marking the second incident in 15 days.",0.98,single_incident,,The Times of India,https://news.google.com/rss/articles/CBMizgFBVV95cUxQakc0VWhEZ0tFWmJYeW90cXgyV2JEX2N2SFdpUExGemZLeGdjMDNsNTQ0N1d0YU5JRHFiMmhYVFhaclpiSEpZaEdCd0stSG9QM1FKU1ZrMWJSU3dFRll6bXZLaThhOGo4RWVPWDNvT0NOMmFfSl94ZUdXTnlILWhfWUlfZ0tJdVF1V201c2ZTYkkzN0g4aW16d19jemFfWFZGVjhNTkF6U2FUSUMtRHZzQkgySzhsUWpHcDZMaGY4T1R1a3k3Zy15VlllQ2FOQdIB0wFBVV95cUxQZGpoeXAxZ1hZVEd4TzJpYnZaMWhHa09KZDkwblZnSXFBVkk4eGxhal94ZHZtRHI2d0FhVzVuNzBaT25PN19Qd05UMHFnOTlXNzFmd0FhMktBS3lmVEYzcHV6ZDM2NDVWaXYxcXd0REpQNXhocjkyWjhTYnExMEJTRW5HNzZOMXJGMnNvWElyRER3aXdud2V3dXNuQkNoZmUxdVZ2RFZPZDBlWlR4b29XQmZQcmFKbjEySGkwY3dqRWRoYUdvOERNd0l3anhzZWhmMFFN?oc=5,,"Nainital: A 55-year-old woman was killed in a big cat attack in the Fatehpur forest area of Haldwani on Tuesday, the second such incident in 15 days, triggering fresh concerns over escalating human-wildlife conflict in the region.
The victim, Kamla Fartyal, had gone to collect fodder around 9 am in the Paniyali area under the Fatehpur forest range. When she did not return by noon, her family began searching for her and found her body nearly 2 km inside the forest.
Angry residents staged a protest for about an hour and initially refused to allow police to take the body for postmortem. They demanded that the animal be killed immediately. The protest was withdrawn after officials assured them that concrete action would be taken.
With tensions rising, Nainital district magistrate (DM) Lalit Mohan Rayal issued immediate directives to the divisional forest officer (DFO), Ramnagar, to intensify operations. He ordered continuous tracking of the suspected man-eater, deployment of camera traps, drones and thermal imaging technology and a coordinated tranquillisation or capture operation under wildlife experts. Directions were also issued to seek high-level approval for deploying a professional shooter if required.
Officials said that round-the-clock patrolling has been made mandatory in villages bordering forest areas and quick response teams (QRTs) are to be stationed immediately. The administration has also ordered public announcements to alert residents, restrictions on unnecessary movement after dark and crowd-control measures through joint operations involving revenue officials and police.
The DM sought a detailed report on action taken after the previous fatal attack and warned that negligence would invite accountability. A joint control room comprising revenue, police and forest officials will monitor the situation, with daily progress reports mandated. Immediate relief compensation to the victim's family has also been ordered, officials said.
DFO Ramnagar Dhruv Martolia said the body had been recovered and sent for postmortem. ""She had gone alone deep into the forest. The animal had partially consumed the body. We are installing camera traps and cages. We are yet to confirm whether it was a tiger or a leopard,"" he said.
He added that permission to tranquillise the animal had already been obtained after the earlier incident and teams, along with veterinarians, were deployed. He urged residents not to venture alone into forest areas.
Meanwhile, local Congress functionary Neeraj Tiwari accused the administration of ""repeated inaction"" and warned of an indefinite lockout at the Fatehpur forest range office if immediate steps were not taken. He said the forest department would be held responsible for any further casualties.","success(trafilatura, resolved_via_decode, 2766 chars)"
Uttarakhand: Leopard responsible for death of 3 children killed in Tehri Garhwal | Hindustan Times - Hindustan Times,2024-11-27,Uttarakhand,Tehri Garhwal,Leopard,Human Death,0,0,3,Leopard responsible for death of 3 children in Tehri Garhwal.,0.98,single_incident,,Hindustan Times,https://news.google.com/rss/articles/CBMi5wFBVV95cUxNbGpCTk9BVThLLURFaXVjY3pad0NMb2FIWjlaeXZwa1NXQ29xTzZqYnpXQ0pSMVVoZkpaakMxYzAxc0tBN1NYbi0yMDVWWU1KUXRiclQxOFlHSUVNdWNQTV9nQVlMS1RVcm1lZzdOWEFvbXNvLWNXZi1xTnVncHV4ZThodkk5Ykd4WkRqWmpTNFVsdGY5SGVuMzlzMlVNbEFpR24wUFZLNkVrNGk0NXU0M3MyOGgtNGVhY2dwaE1yXzhEZjhkLUhraFFmLUVYOElqcHNKUWV6SGFxZV9DUVE0UmpwWFItWFHSAewBQVVfeXFMUFNvZHJ5V1BDVFRqakQ3anRNU05Bb2lZaDRMNElTYkdOUGxJZkIxMno2WjJhR2d3X0lvaUxzTmhuNktWNEpRTDN4b21zaFdnZTkzTkUxSnhyZWRreGVrdUtwUnplTkpCai1SNmYzLUpVME9Ka2lpeHRlWjBsSVZOTDhnelBheURXZXdwV1ZKZ0VHdG43QllkNEJRNHI4YW1hZU9Tc3hhZUh0RVZOMHd5N2w1UHN0OWNUeC1fZnF4VDVMdVhGYTNBeGhMRVVFM3MxQ2x4T3pHQVRKQkd6SzlJMXZhWnJvR21kT3l6NEE?oc=5,,"Uttarakhand: Leopard responsible for death of 3 children killed in Tehri Garhwal
Shooters successfully neutralised the man-eater leopard as the big cat had killed three children in the last four months, officials said
A leopard responsible for the death of three children in Uttarakhand’s Tehri Garhwal region was killed by shooters of the state forest department on Tuesday evening, forest officials said.
“Our shooters successfully neutralised the man-eater leopard. The big cat had killed three children in the last four months. It was a female and seven years old. Several villages in the Bhilangana block were living in fear for the past few months. A postmortem of the leopard will be carried out before the carcass is burned by our officials”, Bhilangana range officer Ashish Nautiyal said.
Also Read: Maharashtra polls: Locals urge politicos to prioritise human-leopard conflict in Junnar
The female leopard is approximately seven years old, according to officials.
On October 19, the leopard was responsible for the death of a 13-year-old girl in Kot Maher village of the same block.
Following the last incident on October 19, Tehri district magistrate Mayur Dixit had declared a three-day holiday in the Bhaud village, Purwal village primary school, Anthwal village primary and high school as well as Anganwadi centres to ensure the safety of school students.
Half-yearly examinations in these schools were postponed.
The other two deaths took place on September 29 and July 22 respectively.","success(trafilatura, resolved_via_decode, 1501 chars)"
"Leopard attacks camping site in Champawat, injures man from Sikkim - The Times of India",2026-03-26,Uttarakhand,Champawat,Leopard,Human Injury,0,1,0,"Leopard attacks camping site in Champawat, injuring a man from Sikkim.",0.98,single_incident,,The Times of India,https://news.google.com/rss/articles/CBMi2AFBVV95cUxPR0ZFMTNaYjdBSUMyV0pkR1QyS093VjZfYjJhaWNMLWc0MjNucDNFdDdDV0VpalBDMTZ4NWplSFRoNkh1YVBxeGszT1hrd05PbzVNWGJ0QlFEUThBXzhTQi1rTEV6dTN5OEpDSExnbEtsdnd5VExfb1ByQkJ4VmQyMjRhZ2ZzZ1g1eV8xUEtvQllnUVRDSHhMcTdLTVM4UVZ1VEQxMEl0Y0pwQ0xnRlF0MHRmZEZiNnJTc0RDXzB6V3NfMVBwTWpabUlmYnJoSmpMVndWdWs2V1PSAd4BQVVfeXFMTngzeWFyMTdqRGN6S2dQeXB1cXNpbHE2ZVI5UW1NM1h0R2tkMFdNQjVxSFp2Wkx0akpjOWJkZGxKWWxOVExZM3hKYURVbDZSb3hHcVdHYzJtd0x4bld5cWFvOXBFbGNBNW1iQURQTlVJUnZqWVl4S3RMd2xiME9LeU9GZnowakVLM3hIS3lhczRDYU02N0dOVFctWGJGNEowWjJPeWJ5cmdXT0RDc1V0WGJ3ZUR2aUptRjNjZTJOOEFxZzF2dkl3WDR5LXhhY3lTMlphNkhubUlWQlBIY0pR?oc=5,,"Pithoragarh: A 45-year-old man from Sikkim sustained injuries on his face and arms after a leopard attacked him inside a camping site at Pancheswar in Lohaghat block of Champawat district on Tuesday evening, forest officials said Wednesday.
Tourist guide Mahesh Bhatt said that a leopard had entered the campsite and damaged tents earlier in the day. The animal had also attempted to approach a group gathered here but went into hiding upon seeing a crowd, he added.
Later, the leopard attacked Ian Christopher, who was camping on the banks of Kali river. He was initially taken to Lohaghat Hospital and later referred to district hospital where doctor Viraj Rathi said his condition is stable.
""Forest department teams reached the spot and launched a search operation after being informed that the leopard had retreated into the forest,"" said Lohaghat ranger Narayan Pandey. ""However, no trace of the animal was found.""
This is the second leopard attack in the area in three days. On Sunday, Geeta Devi, 28, was injured in a similar attack at Dhauni Silling. Officials have installed four camera traps and a cage at Dhauni Silling and plan to install three more cages at Pancheswar.","success(trafilatura, resolved_via_decode, 1183 chars)"
Uttarakhand: Leopard mauls 4-year-old girl to death in Pauri - news18.com,2025-09-13,Uttarakhand,Pauri,Leopard,Human Death,0,0,1,Leopard mauls 4-year-old girl to death in Pauri.,0.98,single_incident,,news18.com,https://news.google.com/rss/articles/CBMirAFBVV95cUxPdDAxd3dCVGFDMFRGaGFrU0V3MWxFb3RKVWRkNGV3Z1pZU2owT2tsVGVycFpWQnF6SVdwOTByOTM3OEpnbmppMWtwb0J6dFFLX0tBdDk1Z090WWRpT3RxZ0cxMDloektqQ3M4SC05NFd3YWFUUmQyVHFRSDR4R1lVZUFRVUpEMVI3VzlVbmoxejVoZ1lQeDVKS1JRdlJsU2xnUkRhWjkxUk1YRVA30gGyAUFVX3lxTFBkUW1UNWVmOEJ3UG5SOE0zZzFxdWpQYlVlOGdlYWFpd3B3Ti02aWZZWGJQeGotZ3RuVFE0ZUQ2dnhlblVtQ3NtQ1Etc3dPa3ZYN0hnelhtMjdScjBSc21BZjZNbmxzT1hMbVZRakhZNzQ5MHhrMnM1YUhvWGpjcHpMcWZURnBHc19qVG1VeTBLWnFUeVMydTNTR2tjSGRmQU9WdldaYTAxbzhCUWdDcTZWWlE?oc=5,,"Uttarakhand: Leopard mauls 4-year-old girl to death in Pauri
Kotdwar, Sept 13 (PTI) A four-year-old girl was mauled to death by a leopard in the Chaubattakhal area of Pauri district in Uttarakhand, a forest official said on Saturday.
Riya was playing on the balcony of her house on Friday evening when the leopard pounced upon her and dragged her away, the official said.
Her mother raised an alarm and ran after the leopard, which left the child in a field about 50 metres from the house and ran away. By the time the family members reached the spot, the child was dead, the forest conservator of Garhwal Circle, Akash Verma, said.
As soon as the information was received, teams from the administration, forest department and health department reached the spot.
The deceased was the youngest of two sisters. The family was preparing to celebrate her birthday on September 17, for which her father Jitendra Singh Rawat came to the village from Mumbai.
A forest department team has been deployed in the area where two cages have been installed to capture the big cat, Verma said, adding that three more cages are being installed.
The last rites of the girl were not performed till Saturday evening, as the family insisted on issuing an order to kill the leopard, before Lansdowne Divisional Forest Officer Jeevan Mohan Degade convinced them about the efforts being made to capture the animal.
Locals claimed that leopards are often seen in the area, insisting that the government must take special steps to ensure people’s safety. PTI COR ALM ARI
(This story has not been edited by News18 staff and is published from a syndicated news agency feed - PTI)","success(trafilatura, resolved_via_decode, 1652 chars)"
Leopard kills 14 goats in Gethiya Sanatorium area - Pioneer Edge,2026-06-30,Uttarakhand,,Leopard,Livestock Attack,14,0,0,Leopard kills 14 goats in Gethiya Sanatorium area.,0.98,single_incident,,Pioneer Edge,https://news.google.com/rss/articles/CBMifkFVX3lxTE9Va1I4U1dRblN4RTFkME5lRWgyeFNhSnZNWHViVWstSlVfRGxhUUplV002ZGJ5bElqcVJBcWJUSWQ5TzZ0S3NIYkQtNXhKRnNLQUJnVk9fLUhkbk1qQ2xYN0ctd3VsWW8zY2F0akpfVDhpODIwbVVBUVp2QVBJUQ?oc=5,,"PIONEER EDGE NEWS SERVICE/ Nainital
In an incident that triggered concerns among the villagers, a leopard sneaked into the goat pen and killed 14 goats. The incident happened late in the night at Gethiya Sanatorium near Nainital.
Prakash Chandra, a resident of Gethiya, supports his family by rearing goats. When he went to feed the goats in the morning, he was shocked having found all his goats dead. He further said that while 12 goats were found dead inside the enclosure, the rest two had been dragged away by the leopard. “With all the goats dead, I do not know how we will carry on,” he said.
Queried over the incident, the range officer of Nainital Forest Division, Nitin Pant said that upon receiving the information, the forest inspector Rajendra Karayat and beat officer Hira Giri had gone to the spot and investigated. “Necessary action will be taken after we receive the report. The man who lost all his goats might be compensated as per the rules,” he added.","success(trafilatura, resolved_via_decode, 972 chars)"
30yo man killed in suspected tiger attack in Bhimtal; second fatal attack in 3 days - The Times of India,2026-04-24,Uttarakhand,,Tiger,Human Death,0,0,1,Man killed in suspected tiger attack.,0.98,single_incident,,The Times of India,https://news.google.com/rss/articles/CBMi7wFBVV95cUxQZnNNV3hmUV9WTkZlNDRSc2ZiTlkzaVlCRUJGVjg2WXpOZ2EtQzYweEZBSnBjUzdZTUszckFTdWJEM0ZPcUd5WXlqaWR5clRmdWxBZFNCTkdPTE5NeHZ2Y2I2QW1TWnlHWXFTcGtOYW1Qek05aXRraGxRMXU0QlY5bzJVV0o0M3BEUnFpczZRTTNxTWdpMzN4QXUtRXhqdFJCZ0t4bjh0Yzc4WDdycWx4UUhOQy1CZmNlcE1OMkNUZS1TXzFzdUxQcFNZaDh6ZS1CRVVrR3h0OENfWWdNWXhTOGxpWGl5YzhTcEczT28wSdIB9AFBVV95cUxPdm92YXhvVXFDcm5mQmlONzZFVUJoRkUteFFOMjlhcWZrTkxHdGkzbzRFLVU5V0drVmV1Uy1BaE5Nenh1OGx5bk9FSkV6MFVxSWxnYXhwMnRmcll5VnNxbHhRRHRKQUJGcHBIS1E1czU4SUZ3bGR0dGpUMlI1M0tvOFJ2QmdLSldMOHRrUTl2Q1lmeUJzUWxPMERBckhkLUtfT1JnQ0xORjNkWk90dDhEMkp5YlMzSHhGWEZySTB2OVBSNW5LN0xCNDNteDRQMXlRMlZrYk51dkZRYklyM2IxZWJKenBIQ0J3VnV1N0E1OEN4NHJ4?oc=5,,"Nainital
: The body of 30-year-old Kamal Bisht, suspected to have been killed by a tiger, was found in Bhadyuni village of Bhimtal block on Friday morning. He had gone to attend a wedding on Thursday night but did not return. His mutilated body was recovered around 500 metres from his home.
The incident follows another fatal attack three days earlier in the same locality, where a woman was killed and her body was found nearly 2 km inside a forest. This is the third such incident reported in the past month.
Officials said identifying the animals involved in the attacks that took place in late 2025 and the early months of the present year was difficult, as samples collected in recent cases were inconclusive. Scat analysis has also proved unreliable due to overlapping tiger and leopard habitats.
Earlier this month, Hansi Devi was killed in Surya village on April 4, after which a tiger was captured on April 7. Another attack was reported on April 22, followed by the latest incident. Villagers suspect a tiger is responsible.
Data from the World Wildlife Fund (WWF) shows a sharp rise in the tiger population in the region, with numbers in the Ramnagar forest division increasing from 67 in 2022 to 93 in 2026âan increase of nearly 40%.
Villagers said they are forced to enter forests daily for fodder. âWe have no option but to go into the forest,â a resident said, demanding that the animal be declared a man-eater, along with compensation and a job for a victimâs family member.
Village head Vipin Palariya said, âWe need solar lights and fencing to protect residents.â
Bhimtal block head Harish Singh Bisht said warnings about tiger sightings were ignored: âConcerns were raised, but dismissed.â
DM Lalit Mohan Rayal, who also serves as chairman of the District Disaster Management Authority, has ordered the temporary closure of schools and Anganwadi centers across several villages in the Bhimtal block following alarming reports of human-wildlife conflict and the presence of a suspected man-eating animal.
DFO Dhruv Martolia said surveillance and capture measures are in place. He said the allegations made by the village head were baseless and that he had sent a patrolling team on Thursday evening, adding that the victimâs body has been sent for post-mortem and the exact cause of death will be clear after the report is received.
According to the information, repeated incidents of wildlife encounters have been recorded in villages such as Jeoli and Bhadyuni, with growing concerns about the animalâs movement in nearby areas including Dogra, Dolmar, Suryajala, Mora, Jyolikot, Suryagaon, Ganja, Ranibagh, Do Gaon, Alukhet, Balyuti, Haidi, Songoth, Kathgodam, Bel, and Naisela.
Authorities highlighted that students from these villages often travel to schools and Anganwadi centers through isolated forest paths and narrow trails, significantly increasing the risk to their safety.","success(trafilatura, resolved_via_decode, 2904 chars)"
Bear mauls man in Shopian’s apple orchard - Asian Mail,2026-09-11,Jammu & Kashmir,,Asiatic Black Bear,Human Injury,0,1,0,Man injured by bear in Shopian apple orchard.,0.98,single_incident,,Asian Mail,https://news.google.com/rss/articles/CBMifkFVX3lxTE5GVFlLcHFpaktrNE8zRGQ3eWpaWEpvaXdHSGRnSC1JWk9NQkNyeVRDbGJlX1RxYldnc2RWaGFiN1ZELVdPdWtVVTFYNEhqTFh1d1RLQ01sZjl5UmhkYXJFWDlBNTVTZFBod09mVnVxVHVMU1ZPdlBDVDBUcnJMQQ?oc=5,,"Srinagar, Sep 11: A 40-year-old man was injured after being attacked by a wild bear in an apple orchard in the Sedow area of Shopian district on Friday.
An official told the news agency—Kashmir News Observer (KNO) that the man was attacked by the wild animal in the apple orchard at Sedow, Shopian.
He said the man was shifted to Sub-District Hospital (SDH) Shopian for treatment. He was identified as Sadiq Ahmad Thokar (40), son of Abdul Rahman, a resident of Sedow.
Meanwhile, cognisance of the incident has been taken.—(KNO)","success(trafilatura, resolved_via_decode, 528 chars)"
Bear Mauls 65 Year Old Woman in Anantnag - Kashmir Observer,2026-08-22,Jammu & Kashmir,,Asiatic Black Bear,Human Injury,0,1,0,65-year-old woman mauled by bear in Anantnag.,0.98,single_incident,,Kashmir Observer,https://news.google.com/rss/articles/CBMihwFBVV95cUxNVFAxSnlzNngwTWpHZnp0LTBUY0NwSWk1RjlZM1dtR1lKcDhIQ1lXa0hpOUR0N2xjS1BjQ0hyeGhyTVdKcTY2UHU0Rm1hQ3JNcjNoMko3R0ZyX0F1R2NSOGdLTEhkZXpYaEo2R1Y5eHFHT0t1T2UtNjVEejNpVE1uWUs1VXd1anc?oc=5,,"Srinagar- A 65-year-old woman was injured after she was attacked by a wild bear in Achabal in south Kashmir’s Anantnag district on Saturday, officials said.
An official said that the woman was injured in Darpora Khundoora village of Achabal and was subsequently shifted to Government Medical College (GMC) Anantnag for treatment, reported news agency KNO.
He said the woman was later identified as Mubeena Banoo (65), wife of late Mohammad Maqbool Mantoo and a resident of Darpora.
Meanwhile, an investigation has been initiate.)","success(trafilatura, resolved_via_decode, 529 chars)"
Elderly woman killed in wild boar attack in Uttarakhand’s Almora | Hindustan Times - Hindustan Times,2021-01-14,Uttarakhand,,Wild Boar,Human Death,0,0,1,Elderly woman killed in wild boar attack.,0.98,single_incident,,Hindustan Times,https://news.google.com/rss/articles/CBMi0wFBVV95cUxQUnJUckJER2h2dk93S0ZYcTVjWG81WUd3d3lQNUdWcXdPUmJJSTBqWTFDV2dUYUhreWtfTS1uOWZreDk0b3o2bERDTzlJV2NSdll5T0p5MHlNcHh6eXNwT1JFVG1GQkM0aWEwMGJ6N0dQTm94a1RxTXJLUWJCdUtfSDNQdU5IWWdTU0tUaF9kQW40WU9uVUJ1ME5MeHdJWFlSS2RqSWo0Q0MtQnF4RTdrMmF1WjZjUzMwbHlsUjVIQS1DVjdSUWYyWE41V2hTNzJCa3pr0gHYAUFVX3lxTE5FaXc1c25fVlNJenVDQllkSWJtaXI3SUFvTElvUFlwZXh6dHpiWlg3Vks1cTVuQWxUdXZpb2lQemFJbG1uQzVCaTJHQjJLSG9MdGFQc2FXc1JUTEp6TlJMVmF6cFlnRVpmLWRveElSeUtQTjc0aXVvRmR2eG1VNm1hUkIwU3lUSC1GR0pKYi1pd2E4MEtxM3N3ZlRmTEEySFkzc2Fid0ttWGhMT1U0SGxxY2JLN3pRb2wwZUhLX3Y2MWs5OEZnMmJsVmJZamJrSk5aMk5RVTFoZg?oc=5,,"Elderly woman killed in wild boar attack in Uttarakhand’s Almora
A labourer carrying an axe rushed to save the elderly woman and attacked the boar. While the boar succumbed to severe injuries, the woman could not be saved.
An elderly woman was killed in a wild boar attack in Uttarakhand’s Almora district on Wednesday evening, said forest officials. A villager rushed to rescue her and attacked the boar with an axe. Though the boar was killed, the woman could not be saved.
Saraswati Devi, 62, resident of Naini Dewal village in Bhaisiyachhana block of Almora district, was returning home from a nearby forest with her cattle on Wednesday evening. On the way to her home, a boar suddenly attacked her. Women, who were accompanying her, raised an alarm, but in vain.
On seeing the woman being mauled by a boar, Ramnath Goswami, a labourer, rushed to the spot with an axe, in a bid to save the elderly woman and attacked the boar. While the boar succumbed to severe injuries, the woman could not be saved.
Range officer of Almora Sanchita Verma rushed to the village. She took the bodies of the woman and the wild boar into possession. She said, the kin of the deceased woman would be provided with an ex-gratia relief of ₹ 3 lakh.
She added that such incidents were not common. Post-mortem of the victim and the wild animal will be conducted on Thursday.
Raghunath Singh Chauhan, vice-chairman of the Uttarakhand assembly, also arrived in the village after the incident. He said, “There are several herds of wild boars in the area, which are posing a threat to humans as well as agriculture. We will ensure that the forest department takes concrete steps to avoid such untoward incidents in the future.”","success(trafilatura, resolved_via_decode, 1704 chars)"
"Bear attack kills two women in Uttarakhand's Chamoli, sparks panic among villagers - The New Indian Express",2026-09-04,Uttarakhand,,Himalayan Brown Bear,Human Death,0,0,2,Two women killed in bear attack in Chamoli.,0.98,single_incident,,The New Indian Express,https://news.google.com/rss/articles/CBMiywFBVV95cUxNSGhYVjNkVWpZZjB4N09jejRoVGwwd3FRTEZia0c5MVpCclFiTTU3RzhUX3JpeGdrY2VXdXd2UElyb3NuM19jd0VyX1ItZGNSZWo0dHc0MndpU1Biay1ZSmdCc1hUWUdPOEpOd1J6NGx1Z0NmV3Y0dDdUU0drTG5XZFhMSklPa0Z5ZF9kc1hwV1J3amhkT3RRU255TzlTREpFS2M4Q2VwZjIxS2t1aGFiTzFSWEtsNmx2a2U0V2pUYkxxU1luNVZ6d1I3c9IB2AFBVV95cUxPTTV6bEFHTm1sTVdDZGJCVWdYSndlb0ZxRDhrc3QtTmtRSXo2UC1jSmRRMkM0ZHljcDVSQ3dqc2NPNzB2WllrdGZfY0xSeGx5YXVTOElSN3d2QU5LcjQ5QlpyQTFaR01zTDZGcU5yVUM0c20walFBczgxcmVKYkZtdDBGR25XQktaMExiS3V4RFpQUVdVYlR6VDRiRnJfQi13bjlsSjRITm84VlExZGFvYTk2ZUxXck01bDdhdXpLc2lTR3MwdF9rdzVlRUdXVWJFOEhLMUhScWs?oc=5,,"DEHRADUN: Two women died after being attacked by a bear in a remote village in Uttarakhand’s Chamoli district, triggering panic among residents and renewed demands for stronger measures to address the growing human-wildlife conflict in the hill state.
The incident occurred at Sideli Tok in Nail gram panchayat under the Pokhari development block when the women had gone towards a forested area, local residents said.
The deceased were identified as Laxmi Devi, 42, wife of Gajendra Negi, and Vimla Devi, 55, wife of Chandrashekhar Singh. The two women were sisters-in-law.
According to preliminary accounts, the bear suddenly attacked the women, forcing them to run towards a steep, rocky slope in an attempt to escape.
Vimla Devi reportedly lost her footing and plunged down a cliff. She sustained critical injuries and died at the scene, villagers said.
Laxmi Devi was also grievously injured in the attack. Hearing cries for help, residents rushed to the spot, rescued her from the difficult terrain and alerted the police and Forest Department.
She was initially taken to the Community Health Centre in Pokhari. Owing to the severity of her injuries, doctors referred her to a higher medical facility. She, however, succumbed during treatment while being taken towards Srinagar, according to local accounts.
Chamoli District Magistrate Gaurav Kumar confirmed the fatalities.
“Both women have died following the bear attack. Teams from the district administration and the Forest Department have reached the area and are gathering detailed information about the incident,” Kumar said.
Forest officials were also sent to inspect the site and trace the animal’s movement. The incident drew a large number of villagers to the area, with residents expressing concern over frequent bear sightings close to human settlements.
Villagers have demanded that the Forest Department capture the bear and intensify patrolling around residential areas. They said fear of wild animals was increasingly affecting daily life, particularly the collection of fodder and firewood, for which women often enter forests.
The deaths have again highlighted the worsening human-wildlife conflict in Uttarakhand’s mountain districts. Communities across the Garhwal region have reported a rise in encounters involving bears and leopards, prompting many residents to avoid isolated paths and outdoor movement after dusk.
Similar bear attacks have previously been reported from Paithani and Thalisain, where victims suffered serious injuries, particularly to the head and face.
Available figures indicate that bear attacks in Uttarakhand claimed 76 lives and left 2,016 people injured between 2000 and August of the year for which the latest data was compiled.","success(trafilatura, resolved_via_decode, 2733 chars)"
Woman Killed in Bear Attack in South Kashmir - Kashmir Life,2026-08-31,Kashmir,,Bear,Human Death,0,0,1,A woman was killed in a bear attack in South Kashmir.,0.5,single_incident,,Kashmir Life,https://news.google.com/rss/articles/CBMihAFBVV95cUxNeFhZeUljb0xSZWhIRm9uV21KNVJXMzQyR1lxbnBlOGxrRU83WTBHT3FqOHBfOEJGX0pqOGY0WTRwb2ZHQWdFdkRSOFVfMko5bDJ4ZXUtUEQyall4TDRWcHFaLXN0TU9lekxsRl9hM2Z5ZkllaXRhVVR0dEQ2a3UtZlJrbU8?oc=5,,"SRINAGAR: A 45-year-old woman was killed after being attacked by a bear in an orchard in Tarigam village of south Kashmir’s Kulgam district on Monday, reports said.
The deceased was identified as Latifa Banoo, a resident of Tarigam.
According to reports, Banoo was working in an orchard when the bear attacked her. She suffered critical injuries and died at the spot.
The incident has raised fresh concerns over human-wildlife encounters in the area, particularly as residents continue to work in orchards and other agricultural fields.","success(trafilatura, resolved_via_decode, 536 chars)"
38-Year-Old Man Injured in Bear Attack in South Kashmir - Kashmir Life,2026-07-29,Kashmir,,Bear,Human Injury,0,1,0,A 38-year-old man was injured in a bear attack in South Kashmir.,0.5,single_incident,,Kashmir Life,https://news.google.com/rss/articles/CBMikAFBVV95cUxON3lxU1N0RXRpQ0tVU2g1R21lZ2ZhZjgzN1BGeVV2SDhWM2tDNWNPR0V4UVVVNjdpYTlfdEtVNHJ4TDE2TUdFb200OF9mV1hremd4OFNES3dFb19FOFZHVEZPN3pTSnE1RUxERmdWRG1tMEhkVkxSNDJwN0ozUnhMQnZsWVptLUFLZExZY3JUbEc?oc=5,,"SRINAGAR: A 38-year-old man was injured after being attacked by a wild bear in Ahoo Paisan village of Shangus tehsil in south Kashmir’s Anantnag district on Wednesday, officials said.
Officials said that the injured has been identified as Bilal Ahmad Wani (38), son of Mohammad Afzal Wani, a resident of Ahoo Paisan.
They said the bear attacked Bilal while he was in the area, leaving him injured.
The injured was immediately evacuated and shifted to Sub-District Hospital (SDH) Shangus for treatment. His condition was stated to be stable, officials added.
Meanwhile, the incident has caused concern among residents, who urged the Wildlife Department to take immediate measures to prevent further human-wildlife conflict in the area. (JKNS)","success(trafilatura, resolved_via_decode, 741 chars)"
Woman Critically Injured in Bear Attack in North Kashmir - Kashmir Life,2026-05-05,Kashmir,,Bear,Human Injury,0,1,0,A woman was critically injured in a bear attack in North Kashmir.,0.5,single_incident,,Kashmir Life,https://news.google.com/rss/articles/CBMikgFBVV95cUxQMkNKMEtqbFFlcC12RnY5cmxJbGQ4Q1c1SDdhRHpvOVhmTjItU1daX2kyZ3hiV2pyMzlKVHltUm96aXE2ODM5TXZSUklReUlIcUIybXZnM0xmYUhpMmxYZS1VMEo2RlVrb082WHlnZ3RrTElCUU9FS190Q1NPNnZxZUwxTzRTUERkZEZqdXVHc0Z6UQ?oc=5,,"SRINAGAR: A woman was critically injured after being attacked by a black bear in the forest area of Puthwari Nowgam, Lawoosa in the Qalamabad area of north Kashmir’s Kupwara district on Tuesday.
The injured has been identified as Hameeda Begum, 32, wife of Bashir Ahmad Kumar, a resident of Lawoosa.
According to initial reports, she was collecting wild mushrooms in a nearby forest when she was attacked by the bear, sustaining grievous injuries.
She was immediately shifted to Government Medical College (GMC) Handwara for treatment, where her condition is stated to be critical.
The incident highlights recurring human–wildlife encounters in forested areas of north Kashmir, particularly during seasons when locals venture into forests for foraging. (KNT)","success(trafilatura, resolved_via_decode, 758 chars)"
"Central Kashmir: Woman Critically Injured in Bear Attack, Shifted to SKIMS - Kashmir Life",2026-05-06,Kashmir,,Bear,Human Injury,0,1,0,A woman was critically injured in a bear attack in Central Kashmir.,0.5,single_incident,,Kashmir Life,https://news.google.com/rss/articles/CBMipwFBVV95cUxORFhwdlAxem1wWG83Y3lBODM2ZmlOWXZmd1ZheVJ2SDQ2ZmcyWkJDa0JwWHNZMGZGQno4NzFYLTVSR0o5S1dPZHdLSEZMTHdpQUpHNXlZcl9waTFCRl9RdFl0R2Y1Vzl1aHdhSmlQbmg5QkJxbnVKOEx5dHpDSlAxeXNla1c5M3ZFeTJUSFpKLVVOMmNOM1NLZWVuVnVXbXdRU0E0S0duQQ?oc=5,,"SRINAGAR: A woman was injured after being attacked by a wild bear in the forest area of Gund Aku in central Kashmir’s Ganderbal district on Wednesday, officials said.
The injured woman has been identified as Zahida Begum (32), wife of Mumtaz Ahmad Chechi, a resident of Gund Aku.
Officials said the woman was attacked by a wild bear in the nearby forest area, leaving her injured.
She was immediately shifted to the Primary Health Centre (PHC) Gund for treatment. However, after initial medical examination, doctors referred her to SKIMS Soura, Srinagar, for specialised treatment due to the nature of her injuries.
The incident has caused concern among local residents, with repeated cases of man-animal conflict being reported from several forest-adjacent areas of Kashmir in recent years. (KNT)","success(trafilatura, resolved_via_decode, 797 chars)"
45-Year-Old Woman Injured in Bear Attack in Rajouri - Kashmir Observer,2026-09-02,Kashmir,,Bear,Human Injury,0,1,0,A 45-year-old woman was injured in a bear attack in Rajouri.,0.5,single_incident,,Kashmir Observer,https://news.google.com/rss/articles/CBMilgFBVV95cUxQaVBCelFsS2g5NEp0YWl6ZTdBbWRBUDM0REQ2YXRDZThFaF91S0Q4ckxDMjQycHBHLXQ4ZDVYdXU4eURTYzlSTWVYajNhUmZsNVVIT09RZEpYQXpGQ2FIaXhEdEhnNzNfdjJZSjJHd2tsNFF2ZEFwZXh5RjhJWUZiZFJrek5NcTVqc3FLLUNPRnhPeVp0ZGc?oc=5,,"Srinagar- A 45-year-old woman was injured after being attacked by a bear in Tarkasi village of the Peeri area in Rajouri district of Jammu and Kashmir on Wednesday.
An official said that the woman was attacked by the wild animal in Tarkasi village, leaving her injured, reported news agency KNO.
He said she was immediately referred to Government Medical College (GMC), Rajouri, for further treatment. The woman was later identified as Nazira Begum (45), a resident of Tarkasi village.
Meanwhile, an investigation has been launched, while residents urged the Forest Department to take necessary measures to prevent such incidents.","success(trafilatura, resolved_via_decode, 630 chars)"
Woman Mauled to Death by Bear in Kulgam - thekashmirhorizon.com,2026-08-31,Kashmir,,Bear,Human Death,0,0,1,A woman was mauled to death by a bear in Kulgam.,0.5,single_incident,,thekashmirhorizon.com,https://news.google.com/rss/articles/CBMiiAFBVV95cUxPTFdhYzJLMUhKRFYzWkhWNmVpODN1QndXdUhRLTZhUldwRG1UTUVYWWhLRnlmUkZQZ0djanAwN0JvZm5VTUFXLVB6UXFvWTJfTllfSDdrNTlUY3o5cFR5OGlzbU1NOEJwUXkyVzdIdXJpN0FiR2kxY0duazRSb1hJajd4ci01aWEt?oc=5,,"Kulgam: A 45-year-old woman was killed in a bear attack in Tarigam village of south Kashmir’s Kulgam district on Monday.
Officials said the wild animal attacked the woman while she was working in an orchard. She sustained critical injuries and died on the spot. The deceased has been identified as Latifa Banoo, wife of Farooq Ahmad Bhat, a resident of Tarigam. Local police have taken cognisance of the tragedy.","success(trafilatura, resolved_via_decode, 412 chars)"
Another Bear Attack Reported in Tral Amid Wildlife Department’s Awareness Efforts - kashmirindepth.com,2026-09-11,Kashmir,,Bear,Human Injury,0,0,0,Another bear attack was reported in Tral.,0.5,single_incident,,kashmirindepth.com,https://news.google.com/rss/articles/CBMivwFBVV95cUxQNDUxZm1UcGRReEhDRVVIMS1IaUt0RDdONTZ5dXZCV2hLU0JCR29YM0tYMUswNGdIaEFZTHhFZ0lQTzR3ZV9TdE1kUnZRdFJEQldoajB3bDZqVnNRTUJlRG95Rk5ZVVlzeTh5eVpIeW9mQWFocWZNUWZoVmRGcnRqNDF4WmRvenV6VDFjVWRJNHEyNWFNeEQ4Q01vRDdtYmlsSVBQX292VTFZM05xUDFWdWhhV2N4alhnb0YtRkxZaw?oc=5,,"Another Bear Attack Reported in Tral Amid Wildlife Department’s Awareness Efforts
KINS Correspondent
Tral, 11 Sept (KINS): A woman was injured after being attacked by a bear in the Handoora area of Aripal, Tral, on Friday.
The woman, identified as Hajira, wife of Ghulam Ahmad Khan, a resident of Handoora, Aripal, was shifted to Sub-District Hospital (SDH) Tral for treatment following the attack.
Several bear attacks have been reported in different areas of the sub-district over the past few weeks, raising concern among residents.
The incidents have been reported amid continued efforts by the Wildlife Department to prevent human-wildlife conflicts through awareness programmes and other measures. (KINS)","success(trafilatura, resolved_via_decode, 710 chars)"
3 Injured in Wild Bear Attack in Shopian - Kashmir Observer,2026-07-18,Jammu & Kashmir,,Asiatic Black Bear,Human Injury,0,3,0,Three people were injured in a bear attack in Shopian.,0.98,single_incident,,Kashmir Observer,https://news.google.com/rss/articles/CBMihwFBVV95cUxNOGF6d0hoVm9HUXZNcF9UMFhybXhXNWdnNTY0V3JyUE5mdDU2ZzhFalVnQUExWWxDZGVyUzRNZEdZTXdwRDF3Z2V3dmlRSlQwZmQ0Q3VUWklwX1pONnhFUUV1d3RTRnB1VjJSUnhCQVZ5M2lJV050T29BT1JSaVJJenJWUm1USmM?oc=5,,"Srinagar- Three persons, including a woman, were injured after a wild bear attacked them in the Reshipora area of South Kashmir’s Shopian district on Saturday.
Officials said that following the attack, one of the injured was shifted to District Hospital Kulgam, while the other two were taken to District Hospital Anantnag. The woman sustained minor injuries and is currently being treated at PHC Behibagh.
Officials said the condition of all the injured persons is stated to be stable.
The injured have been identified as Fayaz Ahmad Malla, Abdul Hamid Chopan and Dilshada, all residents of Reshipora Hermain.
Soon after the incident, teams from the Wildlife Department along with J&K Police rushed to the spot and launched an operation to tranquilize the animal and ensure public safety.
Jammu and Kashmir Police also made announcements, asking people to stay away from orchards till the area is cleared.
However, due to darkness the operation has been put on hold and will resume in the morning, officials said. (GNS)","success(trafilatura, resolved_via_decode, 1020 chars)"
Man Injured in Bear Attack in Central Kashmir - Kashmir Life,2026-07-26,Jammu & Kashmir,,Asiatic Black Bear,Human Injury,0,1,0,A man was injured in a bear attack in Central Kashmir.,0.98,single_incident,,Kashmir Life,https://news.google.com/rss/articles/CBMigwFBVV95cUxOX3RYV25objlFd0tJcklIVV9yX2RnNkMwVGQxOV9ESi1UdmZqNmctbWJ4WV9UejRPamNRQjlYQlZacUtYci1Wb2NIY2d4U3RSZkhNVzhrSkg1aWx4Tk1kX1BaS0dlUVdlMFpzN3lJbEZzSElMQnpYWXRzdWJ4MW9pTjdJaw?oc=5,,"SRINAGAR: A man was injured after being attacked by a bear in the Zilsidara area of Brenwar in Chadoora area of central kashmir’s Budgam district, on Saturday evening, triggering concern among local residents over increasing movement of wild animals.
According to local residents, the man was returning home after offering the Isha prayer when the bear attacked him. People nearby rushed to the spot and rescued him from the animal.
The victim sustained injuries in the attack. However, his condition was not immediately known.
The incident has sparked fear among residents, who urged the Forest Department and the Department of Wildlife Protection to intensify monitoring of wild animal movement in the area and take immediate steps to prevent such incidents.
Residents called for appropriate measures to ensure the safety of people living in vulnerable areas prone to wildlife movement.","success(trafilatura, resolved_via_decode, 888 chars)"
Three Critically Injured in Bear Attack in South Kashmir - Kashmir Life,2026-06-14,Jammu & Kashmir,,Asiatic Black Bear,Human Injury,0,3,0,Three individuals were critically injured in a bear attack in South Kashmir.,0.98,single_incident,,Kashmir Life,https://news.google.com/rss/articles/CBMikgFBVV95cUxQTFBYZlgyb0dKQXBvRldSNnh5QnRTVXFBQW9rdUcwRjh6QXBWaTVNOUx1WFB0dkI1N3hvM0RuNTl4Yk1FanJDVk1maktRQmRVSUZSV0Q1OHlsbF9OcS1CWU9BV3JzaGt3Y3pkVGRIOTlrazhKTmxLak5kZmhjSnFNVGZrckRqZ1IwallTNTFnRUtRUQ?oc=5,,"SRINAGAR: Three persons sustained serious injuries after being attacked by a wild bear in the Duroo area of south Kashmir’s Anantnag district on Sunday, officials said.
According to local sources, the bear attacked two persons in the Shankerpora area of Duroo, while another individual was injured in a separate incident in Rain Shahbad, Verinag.
The injured were immediately shifted to a nearby medical facility for treatment. Their condition is reported to be serious but stable.
The incidents have triggered panic among residents, who have urged the Wildlife Department to take immediate measures to prevent further attacks and ensure the safety of the local population.
Meanwhile, wildlife officials have been informed, and efforts are underway to trace the bear and prevent it from straying into residential areas again.
Further details are awaited. (KNC)","success(trafilatura, resolved_via_decode, 860 chars)"
Woman Hospitalised After Bear Attack in Ganderbal - Kashmir Life,2026-06-05,Jammu & Kashmir,,Asiatic Black Bear,Human Injury,0,1,0,A woman was hospitalized following a bear attack in Ganderbal.,0.98,single_incident,,Kashmir Life,https://news.google.com/rss/articles/CBMiiAFBVV95cUxQMFZEQ0diOEhoLVk5UmRwVGJxLXAzWnM0S1NLdzVyN0RXLVE5ZFJaOU9YOWZNa3VwRWUxbmRWNnIzb1AwZENZUF9SZ0V2QURGWEctZGM3ZWFmamVRQzJXTUFFSmpNNld2QUY3bUVmREtDdmR2RjVxemVQUEpMMUI1LXlwRWtMVGxW?oc=5,,"SRINAGAR: A woman sustained injuries after being attacked by a bear in the Gutlibagh area of central Kashmir’s Ganderbal district on Friday morning, officials and sources said.
They said the woman was immediately shifted to District Hospital Ganderbal for treatment soon after the incident. Her condition was not immediately known.
The attack triggered panic among residents in the area, with locals expressing concern over increasing wildlife movement in habitations.
Police authorities and the Wildlife Department have been informed, and necessary steps have been sought to prevent further such incidents in the future, officials said.","success(trafilatura, resolved_via_decode, 637 chars)"
Mother–Son Duo Hospitalised After Bear Attack in South Kashmir - Kashmir Life,2026-05-30,Jammu & Kashmir,,Asiatic Black Bear,Human Injury,0,2,0,A mother and son were hospitalized following a bear attack in South Kashmir.,0.98,single_incident,,Kashmir Life,https://news.google.com/rss/articles/CBMimgFBVV95cUxNa3o0UWlucGY4cnpRSHRrbDg0ejJ5aDAtUmZ5Q0V1SkpUWXNKTzIyZ05FRTVrVXdVU1hzZ0lZVWl6S2xHSzJSRG1SSmRtOFR4WE5PVG5SbThVYWR5MTJJR3hSUk5OdXRHMHZNQ1ZCam9GRlcxdER5R2RJZDNvZFM2Q1VqU1ZtY2tYQk56Zk5ZdVdISlVuNDB0czln?oc=5,,"SRINAGAR: A mother and her son were seriously injured after being attacked by a bear in the Gujjar Basti Lammer area of Qazigund in South Kashmir’s Kulgam district on Saturday. The woman was later referred to Government Medical College (GMC) Anantnag for advanced treatment.
The incident has sparked concern among locals, who said increasing movement of wild animals in the area is posing a threat to public safety.
The injured have been identified as Raqiya, wife of Bashir Ahmad Chechi, and her son Saqib Ahmad Chechi, residents of Chechi Mohalla, Gujjar Basti Lammer.
According to local sources, the duo was attacked by a wild bear, leaving both of them severely injured. Soon after the incident, residents rushed to the spot and shifted them to a nearby health facility for immediate medical attention.
After initial treatment, doctors referred both patients to Emergency Hospital Qazigund for specialised care. However, due to the severity of her injuries, Raqiya was later shifted to GMC Anantnag, while Saqib Ahmad Chechi continues to receive treatment.
Locals have urged the Wildlife Department to take effective preventive measures to prevent such incidents and ensure the safety of residents in vulnerable areas. (KNT)","success(trafilatura, resolved_via_decode, 1228 chars)"
"Youth critically injured in bear attack in Gulistan Bala, Baramulla - thekashmirimages.com",2026-05-03,Jammu & Kashmir,Baramulla,Asiatic Black Bear,Human Injury,0,1,0,A youth was critically injured in a bear attack in Gulistan Bala.,0.98,single_incident,,thekashmirimages.com,https://news.google.com/rss/articles/CBMiqwFBVV95cUxOSnhaWVh6d1VTcUJMWW0xYVJZX2gtM2pBZ1otMVRxRDAxRUV2TWlyZngzX3BGYWFoenJoOFUtQTZSbWRlRFM5VXFJT3ZFWmRUMVpSNGljZS1oVU0tVlU2d2J6TjRiQ0NPUXRNWHhJOTExeVE4bExBb1dHUzFrSlg4cGIzamJtYXh4VXlqd3B6VTBzRHBfdTNmMGNGSkFuQy05OVl0QlFkckxuODQ?oc=5,,"Baramulla: A youth was critically injured in a bear attack in the Gulistan Bala area of Sheeri Narvaw in north Kashmir’s Baramulla district on Sunday morning, officials said.
The injured has been identified as Mudassir Ahmad Chanieja, son of late Abdul Rashid and a resident of Gulistan Bala.
According to reports, he had gone to the Gawas Budun area with his livestock when a bear suddenly attacked him at around 9:00 a.m.
Locals immediately rushed him to a nearby hospital in Sheeri for initial treatment. However, due to the severity of his injuries, doctors referred him to Government Medical College (GMC) Baramulla for specialized care, where his condition is reported to be critical.
The incident has sparked concern among residents, who have urged the Forest Department to take immediate steps to curb the increasing movement of wild animals in the area and ensure public safety.","success(trafilatura, resolved_via_decode, 887 chars)"
Suspected Wild Boar Attack Leaves 4 Injured in South Kashmir’s Tral - Asian Mail,2026-01-17,Jammu & Kashmir,,Wild Boar,Human Injury,0,4,0,Four individuals were injured in a suspected wild boar attack in Tral.,0.5,single_incident,,Asian Mail,https://news.google.com/rss/articles/CBMioAFBVV95cUxOWDRiRXozenVvOW5PZkNUT0dueG5PVDh1c19sTkJ1Q1A5MVVaVk5HUC1jM0tDSlVKUTRYbHFnTDRuX1BPQXVoMDhVNzlIdnFRVmVjQUozR250R2JfaktVMlBuQ08tLVpmZjRVN2V0OXBobXFpeUtMTThaWEVwbFFLTmRtVmthb2tLSXNoMHBKMUhYOEpWVlY3QmV5b1dncXNi?oc=5,,"Tral, Jan 17,: At least four civilians were injured on Saturday after a wild animal, suspected to be a wild boar, attacked pedestrians at Tral market area in south Kashmir’s Pulwama district, officials said.
The incident triggered panic among locals as the animal reportedly entered the busy market area and attacked people at random. Officials said four persons sustained injuries in the attack.
All injured individuals were promptly evacuated to a nearby hospital, where they are undergoing medical treatment. Their condition was stated to be stable.
Authorities said the situation was swiftly brought under control with the intervention of concerned teams.
Officials urged locals to remain cautious and avoid unnecessary movement in the area until the situation is fully secured. [KNT]","success(trafilatura, resolved_via_decode, 788 chars)"
Teenager injured in bear attack in Banihal - Rising Kashmir,2026-08-22,Jammu & Kashmir,,Asiatic Black Bear,Human Injury,0,1,0,A teenager was injured in a bear attack in Banihal.,0.98,single_incident,,Rising Kashmir,https://news.google.com/rss/articles/CBMieEFVX3lxTFBUQkFLdW1PN0JjZVQ4azJSdEl0WFJhb2FPWFo3eTNmUkpiMnhrU3FjQ0ZFQ3NGSXNCdDROMlQzdmphaW52TVRTUTJqQ1pyaGtjckxSOXVPNDRBel92dXNwWmVGVnRKdjhFS3NIclA0S213Ukg3YkxzWQ?oc=5,,"Ramban, Aug 22 : A 14 year old boy was injured after being attacked by a bear in the Asher area of Banihal in Ramban district on Saturday, officials said.
An official told the news agency—Kashmir News Observer (KNO) that the teenager was attacked by the wild animal in his residential area near Seeri, Ramban.
He said the boy was shifted to Sub-District Hospital (SDH) Banihal, where he is undergoing treatment. The boy was identified as Akram Ahmed Chohan (14), son of Nazir Ahmed Chohan, a resident of Seeri, Ramban.
Police have taken cognizance of the incident and an investigation has begun.—(KNO)","success(trafilatura, resolved_via_decode, 601 chars)"
Wild boar attack injures four in Tral market - Brighter Kashmir,2026-01-17,Jammu & Kashmir,,Wild Boar,Human Injury,0,4,0,Four individuals were injured in a wild boar attack in Tral market.,0.5,single_incident,,Brighter Kashmir,https://news.google.com/rss/articles/CBMifkFVX3lxTE1KNXVVUTNkZmxNc0xjdzZKY1VKNTNaTU80Z21KTVE3cEVJMnpCT0F0UFpiYzlreW9lam9JTm1vZGhxR2xLQzJ1NkU2d3FRSlc4SFIwMk96WlJ5SUhEQTdCZGRnbjI5Y0cwemQ3QkVCRDJxZ0NwN0d1ZGF3a0wxQQ?oc=5,,"Tral, Jan 17: At least four civilians were injured on Saturday after a wild animal, suspected to be a wild boar, went on a rampage in the busy Tral market area of south Kashmir’s Pulwama district, officials said.
The sudden appearance of the animal in the crowded marketplace triggered panic among locals as it attacked pedestrians at random. Officials confirmed that four people sustained injuries in the incident.
All the injured were immediately shifted to a nearby hospital for treatment, where their condition was reported to be stable.
Authorities said the situation was swiftly brought under control with the timely intervention of concerned teams. Meanwhile, locals have been advised to remain cautious and avoid unnecessary movement in the area until complete safety is ensured.
© Copyright 2023 brighterkashmir.com All Rights Reserved. Quantum Technologies","success(trafilatura, resolved_via_decode, 866 chars)"
68-Year-Old Man Killed in Bear Attack in Jammu Kashmir - Kashmir Life,2026-07-10,Jammu & Kashmir,,Asiatic Black Bear,Human Death,0,0,1,A 68-year-old man was killed in a bear attack.,0.98,single_incident,,Kashmir Life,https://news.google.com/rss/articles/CBMijwFBVV95cUxNWUNnVUxhV1BNS0VlZ0VRbE5BaWQzRERiak9GTWN6b1F0dUZrOV9oM19YU1FlZ0J3bGhJNjQ4a1p6bGViUXZkRDZRUVRYNWt0cm9EWmFvbm9QRzU5UVc1dUhvT3M4cTJsTFh4TXZDNHhXRXE4dFM1Z3ZQd04ycDk2Nm9PWDhiczVobUpCYlhubw?oc=5,,"SRINAGAR: A 68-year-old man was killed after being attacked by a bear in the upper reaches of the Darhal area of Rajouri district in Jammu and Kashmir on Friday, officials said.
The deceased has been identified as Mohammad Amin, son of Ali Mohammad, a resident of Dhok Jangwala, Panj Katha, they said.
Officials said the incident occurred when the elderly man was in the upper reaches of Darhal. He sustained critical injuries in the attack and died on the spot.
Police have taken cognisance of the incident.
Further details are awaited. (GNS)","success(trafilatura, resolved_via_decode, 543 chars)"
Bear Attack Leaves Three Injured in South Kashmir Village - Kashmir Life,2026-07-18,Jammu & Kashmir,,Asiatic Black Bear,Human Injury,0,3,0,Three individuals were injured in a bear attack in a South Kashmir village.,0.98,single_incident,,Kashmir Life,https://news.google.com/rss/articles/CBMikwFBVV95cUxPYldlN0lfU2N3ZElmbjZ3d3pnU1lkWW5WbUZ1QzZnODhhNWdsbjVfN21oQ0dScDRDYkl5QmlCUEVvNzN2bk9qbDVwcHlfS2xYRU1hM3BWMHNZcHZpcklxOExXbzA3NmtkU0toczlTRWZtT3ZhVnA2SngtenBjWGNnb29pUmJKMDhCSFczZzN1WF9RcXM?oc=5,,"SRINAGAR: Three people, including a woman, were injured after a wild bear attacked them in the Reshipora area of Hermain in south Kashmir’s Shopian district on Saturday.
Officials said one of the injured was shifted to District Hospital Kulgam, while two others were taken to District Hospital Anantnag. The woman, who sustained minor injuries, is being treated at the Primary Health Centre (PHC) Behibagh.
The injured have been identified as Fayaz Ahmad Malla, Abdul Hamid Chopan and Dilshada, all residents of Reshipora, Hermain.
Officials said the condition of all three injured persons is stable.
Following the incident, teams from the Wildlife Department, along with the Jammu and Kashmir Police, rushed to the area and launched an operation to tranquilise the bear and ensure public safety.
Police also issued public announcements advising residents to stay away from orchards until the area is declared safe.
However, officials said the operation was suspended due to darkness and will resume on Sunday morning. (GNS)","success(trafilatura, resolved_via_decode, 1024 chars)"
Apple harvest brings spike in bear attacks across Kashmir - greaterkashmir.com,2026-08-17,Jammu & Kashmir,,Asiatic Black Bear,aggregate_period_total,0,0,0,Bear attacks have spiked during the apple harvest across Kashmir.,0.5,aggregate_period_total,unrecognized_conflict_type:aggregate_period_total,greaterkashmir.com,https://news.google.com/rss/articles/CBMiqAFBVV95cUxPUGN2OGFhamZHSXowa00xM3dYT3o3QVJ5TGcyaFNXcXQxWUU2c2QtSURiWGd2Ymg2SUFTZzY2WE93QndBY2F6a0NPZi1nd1hKZ081Nk5uc2hNd3JmN0Q3VXk2VVFSVERyYnhaNVlJVE5acDhHQ1Z5X1hmeXFhWEVTVXJHWHBTdXZ1RldsWUFXSjh3Y3BYcnNlcWVoemlzb2FzSlQ1czFveF_SAa4BQVVfeXFMT3FVT3lKMUFGYVhWeExhWE1BSHQyZUFrdlE5OHRhQnpwSThHRWFsSWhCS2N1X0VMOGhnc1dKYVhLSmZ0QU84YjdFeUpzLUlhWlA2T0FhVFpmaDgyR2xfQ0ZGZF9MNTVRNUhBMUVyQnRRbFREeHJ1TEhNdUJVaWlFUk52SWx6WV9PVE0xT2NMdDdVWklNMTYzcmt6akp2bVJrTWZLclBIX1RIMVJDZmxB?oc=5,,"Srinagar, Aug 17: Three people were injured in separate bear attacks in Khonmoh on Srinagar’s outskirts in the past 24 hours as the apple harvest draws bears towards orchards and nearby villages.
Ajaz Ahmad Bhat was injured in an attack at Shiv Dakri, Khonmoh, on Sunday and is undergoing treatment.
Early Monday, a 57-year-old woman was injured near her home in Shah Mohalla. Soon after, 30-year-old Muzafar Ahmad Bhat was attacked in nearby Sarhandi Colony and shifted to SMHS Hospital, Srinagar.
By evening, another bear attack was reported from Vasaknag, Kund, in south Kashmir’s Kulgam district. Mohammad YousufHajam was injured and shifted to a hospital.
The incidents come amid increased bear and leopard sightings across Kashmir.
An official said bear traps have been set up in the affected area.
“People have been advised to avoid venturing out late in the evening or early in the morning and contact the designated control room if they spot any wild animal,” he said.
Last Thursday, Ghulam Nabi Bhat, 55, a flour mill worker from Jawbehara, Awantipora, was critically injured in a bear attack.
Earlier this week, three people were grievously injured in separate wildlife attacks in Tral and Shopian.
The Wildlife Protection Department has established control rooms across its wildlife divisions in Jammu and Kashmir. It has advised people to remain cautious near forests and avoid approaching wild animals.
Experts say bear attacks increase during the apple harvest as fallen and rotting fruit attracts animals to orchards and villages.
“Bears are often drawn by fallen or rotting fruit left on the ground. Bear attacks peak during fruit harvesting,” said SuhailWagay, Wildlife Warden, Pulwama-Shopian range.
“Fallen apples and food waste must be properly cleared to prevent wild animals from being attracted to orchards,” he said.
Wagay said orchards along forest fringes are particularly vulnerable. Unharvested fruit and stray dogs also attract bears and leopards near homes, he said.
Khurshid Ahmad Shah, head of the Department of Wildlife Sciences at SKUAST-K, said habitat changes have brought wildlife closer to settlements.
“Many leopards now live and breed within urbanised populations,” Shah said. “They rely on stray dogs as prey, and apple orchards offer year-round food.”
The conversion of paddy fields and grazing lands has reduced natural buffers between forests and settlements, he said.
Shah said black bears have also adapted to human-dominated areas.
“Except for those in Dachigam National Park, most bears have made human-dominated areas their habitat,” he said.
He said studies show bears in Dachigam do not come down in search of food, highlighting the importance of secure habitats.
The loss of paddy fields, maize crops and grazing lands has further reduced buffers between forests and settlements, Shah said.
“When food and shelter are easily available near villages, animals no longer need to return to forests,” he said.
The attacks have renewed fears among villagers.
“Last year, also during the apple harvest season, we lived in constant fear of wildlife attacks, and this year is no different,” said Muhammad Shafi, an orchardist from Zainapora, Shopian.
Last autumn, dozens of people were injured, and several were killed in wildlife encounters across Kashmir.","success(trafilatura, resolved_via_decode, 3301 chars)"
65-Year-Old Man Injured in Bear Attack in Anantnag Village - Brighter Kashmir,2026-09-10,Jammu & Kashmir,Anantnag,Asiatic Black Bear,Human Injury,0,1,0,A 65-year-old man was injured in a bear attack in Anantnag village.,0.98,single_incident,,Brighter Kashmir,https://news.google.com/rss/articles/CBMijwFBVV95cUxObW4tNHFsSXlyWUpVODc0RVQ0bEtfQ25OTjVvLVVyWVkxMUN0Z1JhTWRYYzF2SGg3M2NKMmc0RnZkaUkxTlhVaURTNlBJd3hUR3d4NlEtak5aT19SNEVCV2w4Qjl4WUdiYW5CcXhCOG9xQkRncHZ6N1kwbWdaU0p6MU9wMjNSZ09WakNQYkxTbw?oc=5,,"Anantnag, September 10: A 65-year-old man was injured after being attacked by a wild bear near Chowgam village in the Shangus area of Anantnag district on Thursday.
The injured man, identified as Ghulam Hassan Magray, son of Habibullah Magray, was reportedly outside his home when the bear suddenly appeared and attacked him.
Locals rushed to the spot after hearing about the incident and evacuated Magray to Sub-District Hospital Shangus for treatment. His condition is reported to be stable.
Residents have appealed to the Wildlife Department to conduct an inspection of the area and take necessary measures to prevent further encounters between wild animals and local residents.
© Copyright 2023 brighterkashmir.com All Rights Reserved. Quantum Technologies","success(trafilatura, resolved_via_decode, 760 chars)"
40-year-old Shepherd Critically Injured in Bear Attack in Jammu Kashmir - Kashmir Life,2026-05-30,Jammu & Kashmir,,Asiatic Black Bear,Human Injury,0,1,0,A 40-year-old shepherd was critically injured in a bear attack in Jammu Kashmir.,0.98,single_incident,,Kashmir Life,https://news.google.com/rss/articles/CBMipgFBVV95cUxNZzZMb3U0c3UzZ1lnOXhjTGZfVVNNVTI4d1RHNGh5UkFiSmZNdk1ONmZCcnFsb2xFU1RKXzJZY2J6WWc5S05fSllHTDB1QW5KV2NVcTdaNGVmaXh1aWpBLUFqTURVN1U0aHJnUDlfZ3dIR0kxbVY5Z1JUYm9mQjl4NjdxWUktWldrXzM5T01TVFB3WFV6V0h6V2lxZHV0cnZodUw4X01B?oc=5,,"SRINAGAR: A 40-year-old shepherd was critically injured in a bear attack in the Gagrian area of Poonch district in Jammu and Kashmir on Saturday while he was grazing cattle, officials said.
Health officials at a local medical facility said the injured man, identified as Mahmood Ahmad, son of Mohammad Akbar, was received with multiple injuries on his foot, head and wrist.
“He was given initial treatment here and referred to District Hospital Poonch for specialised care,” a health official said.
Following the incident, residents expressed concern over increasing wildlife movement in human habitations and demanded urgent action for the capture or management of wild animals in the area.","success(trafilatura, resolved_via_decode, 691 chars)"
Bear mauls man in Shopian’s apple orchard - Kashmir Dot Com,2026-09-11,Jammu & Kashmir,Shopian,Asiatic Black Bear,Human Injury,0,1,0,A man was mauled by a bear in an apple orchard in Shopian.,0.98,single_incident,,Kashmir Dot Com,https://news.google.com/rss/articles/CBMigwFBVV95cUxPWDBubThYVGprQVVLdVlZS2xxc1RtaVBvcDJJS0hHbUNXaVhyb09ZZUJUcHpKS2NMMVNkb2UzZUF6MWNSRl9xQTZxaDBBTzZ6STRyX1lwY0YwZFJQV2JuR01HbS1TWXJic0N5c2lqUlpsZm5SczQ2OXk3ZUtvdjhZaG4xUQ?oc=5,,"Srinagar, Sep 11: A 40-year-old man was injured after being attacked by a wild bear in an apple orchard in the Sedow area of Shopian district on Friday.
Kashmir Dot Com (KDC) is J&K's premier News Agency having a vast reach of audience.
Kashmir Dot Com is a News Agency based in Srinagar, J&K that offers syndicated multimedia news feed to plethora of news-bureaus in J&K and beyond. We also provide a range of facilities from foreign and domestic channels to package their reports in Jammu and Kashmir. We cover almost all areas of interest in J&K to viewers including news, entertainment, and life styles, bussiness, sports, human-interest features and social and developmental issues.
KDC can well and truly take pride in the legacy of it's work, and in it's contribution towards the building of a free and fair Press in Jammu and Kashmir.","success(trafilatura, resolved_via_decode, 842 chars)"
Bear mauls man in Anantnag’s Dooru orchard - Asian Mail,2026-09-03,Jammu & Kashmir,Anantnag,Asiatic Black Bear,Human Injury,0,1,0,"A man was mauled by a bear in Dooru orchard, Anantnag.",0.98,single_incident,,Asian Mail,https://news.google.com/rss/articles/CBMif0FVX3lxTE44VnRpQXl6eDdLUXMxRVA0d0pkWVlFcXZyLXhfSjZQaWg0X1VabjJ2bnNKZm5uYjZTRzhFcERxRkkzcWQwWUNxZi00LWlKRzZ1ZERkUTJmNnBwTUsxdEJGVkFLTlhOcm1KOEpBSXU1bk0wMC1qRkVNeDV2dm1sS2c?oc=5,,"Anantnag, Sep 03: A man was injured after being mauled by a bear in an orchard in the Mirmadan area of Dooru in south Kashmir’s Anantnag district on Thursday, officials said.
An official told the news agency—Kashmir News Observer (KNO) that the man was injured after being attacked by the wild animal in the Dooru area of Anantnag.
He said the man was soon shifted to Sub-District Hospital (SDH) Dooru for initial treatment, where doctors referred him to Government Medical College (GMC) Anantnag for further treatment.
The man was later identified as Mohd Maqbool Bhat, a resident of Mirmadan, Dooru.
Meanwhile, a probe into the incident is underway.—(KNO)","success(trafilatura, resolved_via_decode, 657 chars)"
Bear Attack in North Kashmir Leaves Two Critically Injured - Kashmir Life,2026-04-08,Jammu & Kashmir,,Asiatic Black Bear,Human Injury,0,2,0,Two individuals were critically injured in a bear attack in North Kashmir.,0.98,single_incident,,Kashmir Life,https://news.google.com/rss/articles/CBMilAFBVV95cUxNWERhd280YVlIRjhYd1V6QURJa0FSUmx5eGN3dlpPaVN6bUt6US1fZVNTNnVIRTU2SE5KQkxWRGFJZFEzcFhvSUhsZGRvS2RxeE0tekM4OEFJRWtzcW1fNnJubWZoRGluV0NmZDR5eUNsZXhYSkRvczBGZ2N5X2xpbWdLYmtKMGFHU2M0Rl9fY0pEc2JF?oc=5,,"SRINAGAR: Two persons sustained critical injuries after a bear attack in the Madian area of Kamalkote in north Kashmir’s Uri on Wednesday afternoon.
An official said that one of the injured has been identified as Syed Sharafat Hussain, son of Syed Irshad Hussain and a resident of Madian Tangar, while the identity of the second victim could not be immediately ascertained.
The incident, the official said, occurred when the victims had ventured into a nearby forest area and were suddenly attacked by a bear, resulting in severe injuries.
“Soon after the incident, local residents, along with police personnel from Police Post Madian, rushed to the spot and carried out a rescue operation,” said the official, adding the injured duo was subsequently shifted under critical conditions to Sub-District Hospital (SDH) Uri for treatment.
A police officer confirmed the incident and said that necessary precautions have been advised in the area.
Authorities have in the meantime urged residents to remain vigilant and avoid venturing into forested zones, particularly in areas prone to wildlife movement. (GNS)","success(trafilatura, resolved_via_decode, 1106 chars)"
Tiger kills second person in 13 days in Uttarakhand's Kumaon; villagers block highway with victim's body - The New Indian Express,2026-02-26,Uttarakhand,,Tiger,Human Death,0,0,1,"A tiger killed a person in Kumaon, Uttarakhand.",0.98,single_incident,,The New Indian Express,https://news.google.com/rss/articles/CBMi5wFBVV95cUxPeXNONE9YQXdEMnZySUlQakNZMlM3dGRtQ1BkVDlsaEhaY2dOR1lnM2s0RFpsUWRzdUhtZlJweE1nejB4b1JJZTlCbmN5aDY5TjFJNEZjYXNDejlZVG1OSzRBV1JvdkZISTI0LW1hcUlCNGFnNUd1OFhpOHBkb3h0MHdyaENkX1BfN3hoQnZORlJYTFRHM29lSGRIc1ZqXy16dldETGE4ajRfYk9nanRmWmt2a1Nqb2dSTlFFMjl6ZGNDVnRXSUN4M1BsVHh3UWpBVk15MUcwS0I5c0FiYUczbzhKT1U4R0HSAfQBQVVfeXFMUDYtRlp0TmlZUVN2eEtfVjNkRUZKbnhtb3R0TEJlVk54dmhpLXE4QWh6MDUyU0VMUlh5aDF1ZVJidzhQWU8ybzBiSktkdWpSSGFuTHRkNDRnVF9LZkZ1ejF2ZHY0ZkI2RjhNUTZOc1JIQ2kyM0xJNEpyVy1PbkYweFdUVXJtaWlMLW5jeHQxc1BtRE5ITkJvYVBSY19oUGFJR04wZGNnVC1NQWpZc1phZmgxb3Q1azlNNnNPTVJ4OVZfTWpqRENPOGxWSEQ2aUtSVE1OSV9pcTR1amk3dzlpS1FmY2pkczQtLVlFaU1telZkVnhxQg?oc=5,,"DEHRADUN: Tensions reached a breaking point in the foothills of Uttarakhand as a suspected man-eating tiger claimed its second victim within a fortnight.
The latest tragedy, involving the gruesome death of a woman in Paniyali village, sparked a massive public outcry, with agitated locals placing the victim’s mutilated body on a main highway to protest administrative negligence.
The victim, identified as Kamala Devi, had ventured into the forest at approximately 8.00 am on Wednesday. When she failed to return by evening, anxious villagers launched a search operation, only to discover her half-eaten remains deep within the woods.
This incident comes just 13 days after another local woman, Ganga Devi of Peepalpokhara village, was similarly hunted and killed by a tiger.
As news of the kill spread, the atmosphere in Paniyali turned volatile. By 7.00 pm, after waiting hours for Forest Department officials to arrive, the villagers’ patience wore thin. Led by local representatives, including District Panchayat member Chhavi Kandpal and former Village head Manish Arya, hundreds of residents carried Kamala Devi’s body to the Kathghariya main road.
The protesters placed the body inside the Forest Department’s 'Van Chowki' ( local outpost ) and blocked the arterial Kathghariya-Haldwani road, bringing traffic to a standstill. Angry locals reportedly attempted to breach the gates of the forest office, demanding immediate accountability and protection from the man-eater.
Recognising the gravity of the situation, a heavy police contingent led by SP City Manoj Kumar Katyal, along with divisional forest officers, rushed to the spot. DFO Dhruv Singh Martolia faced the brunt of the public's ire as residents highlighted the department's failure to neutralise the threat after the first killing.
Following intense negotiations with the affected villagers, the administration gave protesters written assurance, pledging to initiate the legal process to declare the tiger a “man-eater,” immediately deploy specialised cages and camera traps to track and capture the animal, provide interim financial compensation to the bereaved family, and increase patrolling in the fringe forest areas.
The twin killings have highlighted the escalating human-wildlife conflict in Uttarakhand’s Terai and hill regions. ""The forest department only wakes up when someone dies,"" lamented Surendra Singh, a local villager. ""We have been living in terror for two weeks, and now another life is lost because of their lethargy.""
After the assurances were documented, the villagers ended their blockade, allowing the police to send the body for a post-mortem examination. While the immediate protest has subsided, the region remains on high alert as the predator remains at large.","success(trafilatura, resolved_via_decode, 2763 chars)"
"Tiger Terror Haunts Uttarakhand's Ramnagar, Three People Mauled To Death In One Week - ETV Bharat",2026-01-05,Uttarakhand,,Tiger,Human Death,0,0,3,Three people were mauled to death by a tiger in Uttarakhand.,0.98,aggregate_period_total,,ETV Bharat,https://news.google.com/rss/articles/CBMiywFBVV95cUxPZVE3LUowa2tfNkU0UndBalk4YWxQY1NWN0l4MGhkeFRKdGt3clU5NnZlZkwybmRSMkU3TlNhTnJlcE12ZG1sUmw1Y0ZQUnVGWG1PRU1MN2ZXc2FrWjdHamI1a1I3LXJ0QWhZV3UycVZuYUc4RFhOTko3UnAzMmF1eUxncXFvMUtxdVE4ZHcyRTQtMDdyY2FKdXlaWFh6MHlkZ2dUdzRZQTY0R0dOTDI3V01ScWp3ZVFiQmY3RXBfYVg5eHV0WnpmcFBGb9IB0AFBVV95cUxQaE1ieWhHcEFRNGJvZ0xOZXlRdUc1M0FGcjB0eHc2SjZSY0RRamU5eHVmTHM4b0l4OUFfbFVNelFRQUhnWEFXZmRHVGktbFUyTUlHTGN1UWxyR05FRllubXlRU0hJV2ZJODVsQTZNVDRvc2VxMFA5U2JfZUVUNUFMd1p3cVFZZzlfTTc1azlZY0EtRmFjcVdNM2xfYTJwSGdQdWZjalRaZTh1LTB3VnQyUE9ENnJVZWtIWFhMdDNCRXlxaTM2LUgwOWJhekxsVmRW?oc=5,,"Tiger Terror Haunts Uttarakhand's Ramnagar, Three People Mauled To Death In One Week
A labourer working in a field was attacked and killed by a big cat in Bhalon village on Sunday evening, triggering fear in the region.
Ramnagar: Fear and panic gripped Ramnagar of Uttarakhand on Sunday evening after a tiger attacked and killed a labourer working near the forest area of Patkot in Dechori Range, marking the third such incident in a span of less than seven days.
Deceased Abhimanyu Kumar (30), who happened to be a resident of Jokatia in Bettiah district (West Champaran) of Bihar, had come to Ramnagar to work on a pipeline-laying project being carried out under the Irrigation Department.
The incident happened in Bhalon village under Ramnagar Forest Division, when the labourer was fitting pipes near cowshed of former village head Manmohan Pathak in Bhalon. Sunday evening, at around 7 PM, a tiger ventured from the forest into the human settlement and then dragged him away. Other labourers present at the spot raised an alarm and shouted loudly, but the tiger did not release him.
Receiving information, a team from Ramnagar Forest Division reached the spot and started an intensive search operation using elephants, foot patrol teams and drones. The labourer's body was recovered inside the forest at some distance.
DFO Dhruv Martolia termed the incident as tragic and an alert has been issued in the entire area. ""The big cat's movements are being closely monitored. We also appeal to the citizens to remain cautious and cooperate with the Forest Department,"" Martolia said.
""Permission has been granted to install a cage at the incident site. Efforts have been intensified to capture the tiger. Patrolling by forest staff has been increased and the entire area is under surveillance,"" the official added.
It is pertinent to mention here that this is the third tiger attack in the last one week. Earlier, two women were killed in attacks by tiger in Kyari village of Totam and Sanvalde area.
Owing to repeated incidents, there is fear among villagers and labourers. Regional state movement president Naveen Nainwal, along with villagers, has demanded Forest Department to ensure the safety of villagers, capture the tiger as soon as possible, and put in place strong security arrangements to prevent human casualty.
Also Read:","success(trafilatura, resolved_via_decode, 2335 chars)"
Suspected man-eater tiger tranquillised in Corbett after fatal attack on woman - Garhwal Post,2026-01-10,Uttarakhand,,Tiger,Human Death,0,0,1,A woman was fatally attacked by a suspected man-eater tiger in Corbett.,0.98,single_incident,,Garhwal Post,https://news.google.com/rss/articles/CBMipAFBVV95cUxNVnZQRGd6SUwxSDdmYjZySXEzOXpUY2ZlSExoLWFuVU9qaE9ONF8zZUNENE95RUNkc2VGSE1CNnZlV0RUNW5lUTdKbkpGNUxhajRJQXFVV3dXZVI0S2l2QlBfLVJSakM3dTkySjFRZURuWFN6U1UtRmRGUVFoVXFlNkVIM3NuWHZyLWkwVzB1OS1EQkF2eXRzd3VCS2lwOEl4TEZQVQ?oc=5,,"By Arun Pratap Singh
Garhwal Post Bureau
Ramnagar (Nainital), 9 Jan: The Corbett Tiger Reserve (CTR) administration today successfully tranquillised a suspected man-eater tiger in the early hours following the killing of a 60-year-old woman in a forest area falling within the reserve. This has brought at least temporary relief to the local residents who had been living under a cloud of fear for over a week. The operation was carried out at around 2.30 a.m. after intensive surveillance. The sedated tiger was later shifted to the rescue centre in the Dhela range of the reserve, where a detailed medical examination is being conducted by a veterinary team led by Corbett Park Senior Medical Officer Dr Dushyant Sharma.
Deputy Director of CTR Rahul Mishra said the fatal incident had happened on 2 January when the tiger attacked an elderly woman who had gone to collect firewood in the forests near Sawalde village. The victim, identified as Sakhiya Devi, wife of Chandu Singh and a resident of Sawalde, had ventured into the forest with other village women as part of her routine activity. The tiger reportedly dragged her deep into the forest, resulting in her death on the spot. The incident had triggered panic across Sawalde and neighbouring villages, with the residents expressing grave concern over their safety and demanding immediate action from the forest authorities.
Following the attack, the reserve administration intensified monitoring of the entire area. Camera traps were installed at strategic locations around the site of the incident and a cage was also placed to capture the animal. Mishra said the decision to tranquillise the tiger was taken after repeated appearances of the same animal were recorded by camera traps in the precise vicinity of the attack site. The captured tiger has been identified as a male, estimated to be between five and seven years old, and is presently in good physical condition. To conclusively establish whether this tiger was responsible for the attack, biological samples from both the animal and the deceased woman are being sent to the Centre for Cellular and Molecular Biology in Hyderabad for DNA analysis.
Corbett Tiger Reserve Director Saket Badola said several tigers are active in the broader landscape, but this particular animal was consistently sighted near the location of the fatal incident, strengthening the suspicion against it. He asserted that the capture was carried out strictly as per protocol and only after careful assessment of movement patterns and behavioural cues. The villagers, who had been pressing for the capture of the animal for days, have expressed relief after the operation, though anxiety continues to persist given the frequency of such incidents in the region.
The latest case adds to a worrying pattern of human–tiger conflict in Uttarakhand, particularly in forest fringe areas. The incident is also worrying particularly in the wake of the fact that the captured tiger is young and healthy which indicates that even healthy and fit tigers are now resorting to attacking the humans, something that was not seen to be usual in the past. In recent months, multiple fatal and non-fatal tiger attacks have been reported from different parts of the state, including the buffer zones of Corbett, Ramnagar, Terai East Forest Division and parts of Kumaon, where villagers depend heavily on forest resources for firewood and fodder. Last year alone, several people lost their lives to tiger attacks in and around protected areas, prompting the Forest Department to increase patrolling, deploy additional camera traps and issue repeated advisories to local communities.
The officials have attributed the rise in encounters to factors such as expanding tiger populations, habitat fragmentation, shrinking prey base in certain pockets and increased human movement inside forest areas. The Forest Department has once again urged the residents living near forest boundaries to exercise extreme caution, avoid venturing into forests alone or during early morning and evening hours, and strictly follow safety guidelines issued from time to time. While the tranquillisation of the suspected tiger has restored a measure of calm in Sawalde, the incident has once again underscored the urgent need for long-term solutions to mitigate human–wildlife conflict in Uttarakhand’s tiger landscapes.","success(trafilatura, resolved_via_decode, 4374 chars)"
"Uttarakhand Tiger Attack Viral Video: Tiger Kills Horse, Drags Carcass Into Forest Near Ramnagar In Broad - Free Press Journal",2026-08-18,Uttarakhand,,Tiger,Livestock Attack,1,0,0,A tiger killed a horse and dragged its carcass into the forest.,0.98,single_incident,,Free Press Journal,https://news.google.com/rss/articles/CBMi5AFBVV95cUxQd3VXa0FkZnlUak93bmgxeHVOVm1tM3FUa1J5M0dZZGFjS3lyT0I1aDB0OUpaUWZuenJjQlI5bUNKR2d0ZjZUZ3ZSVW5TMEFEZVlmNk1FZWhzQjF5QnF2d2dZVDlpSTV6bS01d2ctUlhsc2lEblpwQk9lNUNYV2RZZlRJVEgwdmROSGFPYXZGMG5NVDBZYjdjejRGRkRQckIycktHWm9qNGFXRmplTUhSdlNJUUN3NTZnSkswZGc4S1RQZVdjUzg0WWpndmFmbTJaNjJKc2hlVS1UVmdCWkNBZ3J5MGfSAeoBQVVfeXFMUFlVUEljMzUtUVBNMVNOOVNLWVdRUWQ3X1hWQ253QW10WFdBbnNzbUlxWFE1bEI2YXh0elEzZFlicFR1cVgzWXRGQUZJUHdCN0kwNkhYR2dIRlkzZjYwV3ZfN0dSTWx0ZEtNRmh2cy12WlhaUlY5eEFMek1aMDhxQVJKdUxQaHFTZXdicEVoeW1kT3hqTzdRdUVERktZVVhJYTZpRUJrWmc2WXZsZDdsMDNkaHYzaWhoUktLMnNJWFdvb1k0VWRBWUFrNTlQOENIeTRHSXpWSUpQc193eV9LMDFPbVRSRG9GdFN3?oc=5,,"Ramnagar: Panic gripped the Garjia area of Ramnagar in Uttarakhand's Nainital district after a tiger ventured close to human habitation and killed a horse in broad daylight on Monday, August 17. A video of the incident has surfaced online, showing the big cat attacking the animal and later dragging its carcass towards the forest.
The incident reportedly took place around 1:30 pm near National Highway 309, close to the Jhula Pul intersection and the gate of the previously established Garjia Tourism Zone. The presence of the tiger so close to a populated area has sparked concern among residents and tourists.
Tiger Attacks Horse Near Busy Area
As seen in the viral video, the tiger emerged near the road and attacked a horse while people were present in the vicinity. The animal was later seen dragging the horse's carcass towards the forest. The chilling scenes caused panic among people in the area.
The incident occurred during the daytime near the Jhula Pul intersection, an area that witnesses regular movement of locals and tourists. The tiger's proximity to human habitation has raised fresh concerns over the risk of human-wildlife conflict.
Forest Department Steps Up Surveillance
Following the incident, the Forest Department launched increased patrolling and surveillance in the area. Teams from the Ramnagar Forest Division are monitoring the surroundings and attempting to track the tiger's movements.
Krishna Singh Mehra, Range Officer of the Ramnagar Forest Division, said teams were keeping a continuous watch on the area and had been instructed to remain alert following the tiger's movement, reported Latestly.
Residents, Tourists Advised To Stay Alert
Authorities have urged locals and tourists to exercise caution and avoid venturing towards the forest, particularly the suspension bridge and adjoining areas, while the tiger remains in the vicinity. Residents have also been advised to keep children away from the forest and bridge area and avoid unnecessary movement in locations where the big cat has been spotted.
Tiger activity has been reported in the area on several occasions. The latest incident, in which a horse was killed during daylight hours near a populated location, has intensified concerns over safety.
The Forest Department continues to monitor the area and track the tiger. Officials are also maintaining surveillance to prevent any further incident and reduce the possibility of conflict between the animal and humans.","success(trafilatura, resolved_via_decode, 2464 chars)"
"Uttarakhand: Wild boar attacks 13-year-old boy in Bageshwar village, locals demand compensation - The Times of India",2026-03-27,Uttarakhand,,Wild Boar,Human Injury,0,1,0,A wild boar attacked a 13-year-old boy in Bageshwar.,0.98,single_incident,,The Times of India,https://news.google.com/rss/articles/CBMi9AFBVV95cUxOSVV1LXkyMk02akNlQllET0F0UmZnSWJmc3dKSHlrd2M1SEh2YWpvVmczUWJhNDFyUk1GVjJBMjhScF9HWG5IREFybmtoZ3lpTThFTmhsWjJCUXFmaXA3UkxnTl9WVTlVT0hyV0xwRkRQaW5kekRkZDlvSWdOUG0zUmJDVEFxZ3NNMEhrS21TSWpQOUFyTllCTlhrUGJiYWU2RndNeVAxQ2hfMlZhOXpqNnpjV0dhMnhFZ2Z3d0Q3YXZNaXFDR3JrVkYzcm9QdmZvOVpzSnR3OEtsNXN0ZGUxWU5aYUowMlZwSEN2eGhJcXhGb1hj0gH6AUFVX3lxTFBMUVd4OWJRNFR5ZHl2cHo5OEdDaVpIeUNDMHRCZ25mLVVIS2NlbDZVVUt5bW9GRmpQaldIWGRjTG93Qnd5VkZnT042YUQ5dGV0a1htRks0Z3Z2N0tmWEgyRmF3eG5pWFpnRFpMeEMyZUc0UmdxWEtHYm1YcWx3VkR0MjV1ams2Tm90LTNfQWpJbk9TX1Y4VFRkWWt5UTJxTjhRY1V5QTJrbElsdHpqeWFWZThaX3FjYThOTFBrOGdYZXVXNFlPMnc1eFpGcHZWV0RhZVhJc1NUblotc0JZRUN3b2k0VHo2c0JmcnNLVjhNazBzMUFvU01mOFE?oc=5,,"By Yogesh Nagarkoti BAGESHWAR: A 13-year-old boy was injured after a wild boar attacked him while he was playing in the courtyard of his house in a village under the Kapkot forest range on Friday morning. He is undergoing treatment at a Community Health Centre (CHC). 
The incident occurred in Malladesh Farsali village around 8 am when Anand Giri, son of Devendra Giri, was playing outside his home. The animal suddenly emerged and attacked him, leaving him injured. Despite the attack, the boy managed to escape by running to safety. 
On hearing his screams, family members and nearby residents rushed to the spot and raised an alarm, prompting the wild boar to flee into the forest. 
The injured boy was taken to the health centre in a private vehicle. Doctors said he sustained injuries to both legs and is receiving primary treatment. 
The attack occurred close to residential houses, leaving villagers in fear. Locals said incidents of wild animal movement have increased in the area over the past few months. They have demanded compensation for the injured boy and urged the forest department to intensify patrolling. 
Forest department forester Kesar Singh Harkotiya said compensation would be provided as per medical norms. He added that patrolling in Farsali village has been stepped up following the incident to prevent further attacks.","success(trafilatura, resolved_via_decode, 1347 chars)"
Two women fall to death after bear attack in Chamoli - Prashant News,2026-09-05,Uttarakhand,,Asiatic Black Bear,Human Death,0,0,2,Two women fell to their deaths after an attack by a bear in Chamoli.,0.98,single_incident,,Prashant News,https://news.google.com/rss/articles/CBMiigFBVV95cUxQTkVJVFJnNGVnUFQtWXlfMGRFSm5Od25nYjh0aXpSVjlUeFlxRV9vSGk5MWZRbzBfSE9CTWJHLWQyNkdDeHJSY09PaVZUcGItTlFEdHBHaGVlQ3k0ekRQMjdvUm1EMkhlMG1pY29kQmtSVUNrR2dRS0VFRmdNOHpCaGRkeVU3WFB3NlE?oc=5,,"PrashantNews
Two women died after falling into a deep gorge while trying to escape a bear attack in Chamoli district of Uttarakhand, officials said.
The incident occurred on Friday morning near Sidelii village in Pokhari tehsil when the two women, who were sisters in law in relations, had gone into the Boga forest to collect fodder for their cattle.
According to officials, a bear suddenly attacked the women, identified as Vimla Devi, 55, and her sister-in-law Lakshmi Devi, 42. In an attempt to escape the animal, both women fell several hundred feet down a steep rocky slope.
Villagers rushed the injured women to the Community Health Centre in Pokhari, where Vimla Devi was found to be in critical condition. Despite treatment, she succumbed to her injuries.
Lakshmi Devi, who had also sustained serious injuries was given initial treatment at the health centre and referred to the Base Hospital in Srinagar Garhwal.
Pokhari Tehsildar Ramkishor Dhyani said that a helicopter had been arranged on the directions of the Chamoli District Magistrate to airlift the critically injured woman. However, the helicopter could not take off because of adverse weather conditions.
Lakshmi Devi was subsequently taken to the Base Hospital by ambulance, but she too succumbed to her injuries during treatment.
Vimla Devi’s husband Chandrashekhar told reporters in Pokhari that his wife and Lakshmi Devi had gone to the Boga forest to cut grass when the bear suddenly attacked them.
The incident has once again highlighted the risks faced by villagers in Uttarakhand where people frequently enter forests to collect fodder and firewood and face encounters with wild animals.","success(trafilatura, resolved_via_decode, 1665 chars)"
