headline,incident_date,state,district,species,conflict_type,livestock_killed,human_injured,human_dead,summary,confidence,report_type,needs_review,source,url,date,village,article_body,body_status
Snow Leopard Kills 23 Sheep at Lankerchey - Voice of Ladakh,2022-01-29,Ladakh,,Snow Leopard,Livestock Attack,23.0,0.0,0.0,Snow leopard killed livestock in Ladakh.,0.98,single_incident,,Voice of Ladakh,https://news.google.com/rss/articles/CBMigAFBVV95cUxNeFRvMlpobUI0N0tqbVhVQ0VEYy1uWEVPZ0RHTDhmVTJ1Z3FCMUpyeW03NXg1RzJQQjhkNEdfVXJRMjNZc0I5SXhLSEtCOVE1c3RWLWdlRGMzOHV2V3VXaWhIVm50dnpzTFY1WTVxSVpjdi1fUWY1OVVIQTY5amljRA?oc=5,,,"Snow Leopard Kills 23 Sheep at Lankerchey
KARGIL, JANUARY 29, 2022: At least 23 sheep were killed in a leopard attack in Youkmagatoo and Farka Gontabsa area of Lankerchey here today.
The snow leopard barged into the livestock shed of two farmers named Mohammad Ali Gontabsa and Mohd Hanifa of Youkma Gatoo during the intervening night of Saturday.
The owner of the sheep, Mohd Ali of Gongtabsa told the media that a leopard barged inside his livestock shed, killing nine sheep besides leaving several others wounded.
Another leopard attack was reported at the livestock shed of Mohd Hanifa where 14 Sheep have been killed.
Locals from the area appealed to the district administration to trap the roaming beast as according to them it has been on the prowl for the last many days in the area.
Similarly, the stray dogs’ menace has become a cause for concern for residents of village Lankerchey. They have been facing serious challenges due to the increasing menace of stray dogs that is also causing damage to livestock.
As many as 10 Sheep were reportedly killed in an attack by stray dogs in Lankerchey on Wednesday.
The resident said that the stray dogs have created fear among locals, especially among children. “The scare of dogs has badly hampered the movement of local”, said a resident while talking to media.
The residents complained that the fear of stray dogs is a long pending issue while the administration is in a deep slumber despite many complaints and media reports in the recent past.
The people of Lankerchey appealed to the district administration Kargil to look into the matter and take immediate steps to curb the menace.
The villagers also appeal to the administration to provide compensation to the owner who has suffered livestock damage in the recent attacks.","success(trafilatura, resolved_via_decode, 1784 chars)"
Snow leopard kills 37 sheep and Pashmina goats in Ladakh - India TV News,2020-04-22,Ladakh,,Snow Leopard,Livestock Attack,37.0,0.0,0.0,Snow leopard killed livestock in Ladakh.,0.98,single_incident,,India TV News,https://news.google.com/rss/articles/CBMinwFBVV95cUxNM2RJMDhKMFMzb2pPWnA4azNsS2p1N2hmci1BQVdjeks1Z1dYZXN6eENlUzRFNDg5eTNSQU5aaHNpNnVzeWdtTkZTdVBBazhjVm81NnRITUFGYVloTUZ5UGIyVVduVk5SQkxYN2l0bnU1SjNoTkQ5Q3RjVDc0SEJ4c1FFUlIxUGt4NklrN0pydE1NR01wcnE3UFNNNHA0RTA?oc=5,,,"A snow Leopard killed 37 sheep and Pashmina goats in a remote village near here, taking the number of livestock perished in wild animal attacks over the past four weeks in the district to170, officials said on Wednesday.
The snow leopard strayed into the Yourgo village from a nearby forest and entered the livestock shed of Tsering Dorjay during the intervening night of April 19-20, the officials said.
Executive Councillor for Wildlife Konchok Stanzin immediately sent a wildlife team to the village to catch the snow leopard.
“Caught snow leopard will be released back into the wild after a few days,” he said, expressing grief over the huge loss of livestock which is the only means of sustenance for the nomad family.
He also directed wildlife warden to assess the livestock loss for giving timely compensation and also instructed him to provide a corral pen to the family for protecting the remaining livestock.
Konchok also directed the concerned to sanction a unit of sheep and goat to the affected family to recover the loss while the Revenue Department Durbuk was directed to assess the livestock loss.
This was the fourth wild animal attack on livestock within four weeks in the district, resulting in the killing of 170 cattle including 52 Pashmina goat kids in a wolf attack reported in the same village (Yourgo) on March 30.
Earlier on March 28, a snow Leopard killed 39 sheep at Ronjuk Khardong and two days later a Lynx killed 42 sheep and goats at Kherapulla Kargyam village.
Eurasian Lynx or Ee in Ladakhi is one of the medium-sized Wildlife cats which roam the high and cold snow covered mountains of Ladakh Himalaya.
The cat is agile and strong and is highly adapted to the thin air atmosphere of Ladakh.","success(trafilatura, resolved_via_decode, 1725 chars)"
"Snow leopard which killed over 40 sheep in HP’s Spiti captured, sent to Himalayan Nature Park in Kufri - The Statesman",2020-05-04,Himachal Pradesh,,Snow Leopard,Livestock Attack,40.0,0.0,0.0,Snow leopard that killed livestock captured in Himachal Pradesh.,0.98,single_incident,,The Statesman,https://news.google.com/rss/articles/CBMi5gFBVV95cUxQZi1SQlBQczBkSGRoNnF0RTBFaGItNGRYZTRaRGJiVXdLZjRBbThPRzlIQmhiV2NFOUw4UWdCNXpXaHVGVGdtOF9NWmQwQWIyMzBhM2ZDRU9YZjcyMmtxTE1QNjZPWXZZcmtYWFBXc1ZWQ2pGRGtOeEZtTzJKbE5rV01wNGpLMmxveEJsQ0RIOFhabmo3bW1GVGs2YjdnVHozUWhVd1hyQkMtOEswNTMwVTNDbDdrNVRTOHhOLVpDWVRFWnBObW0wcklUbU5kZllaV1Myd0kyR3M2WDBTeXNhanR1SnhJZ9IB6wFBVV95cUxONDVUMXZJNm5oampyZmVhVFdQdGZGWG44LUk5V045OVlVbTVYeVFnS2JXd2NMUjBtamlhN3B3OWg5bkV3U3o3ZC1iRHRqTTRMYmpCRHdtcVpWNGw4ZFlrcjQ2emx2YU9ILU0wYW4xa0d2aFlkTWVxTEVzS0EyY3JTWkhlSERMOTdlYlhlNnluWXNNVTd4dTFyWGhjM1NvcXJ4Qnd6U2pZb2dRcXlSdFh4LWh5OXBLWGJ6V1V1N2NobHpkZHVIMXFDZmZfa1BZUG5fQl9Ka0p1YWpIbXVzLVoyNGxUS2Z2OG5LcEo4?oc=5,,,"The forest department is caught in the middle, trying to protect both wildlife and people in a landscape where the boundary between the two worlds is becoming increasingly thin.
The Forest department in Himachal Pradesh’s Lahaul and Spiti, with the help of locals captured a snow leopard which had killed over 40 sheep in the past four days in the district, officials said on Sunday.
“The snow leopard was captured in Geu village of Spiti on Saturday,” said Kaza Divisional Forest Officer (DFO) Hardev Negi.
Advertisement
The snow leopard was sent to the Himalayan Nature Park in Kufri of Shimla district, he added.
Advertisement
In India the five Himalayan states, Jammu and Kashmir, Uttarakhand, Himachal Pradesh, Sikkim and Arunachal Pradesh, are the abode of snow leopard.
The species is found generally in the cold deserts above the treeline. It has been spotted in Ladakh (J&K) and Lahaul-Spiti (Himachal Pradesh).
Besides India, snow leopard is found in China, Bhutan, Mongolia, Nepal, Pakistan, Russia, Tajikistan, Afghanistan, Kazakhstan, Burma, Uzbekistan, Kyrgyzstan.
The habitat of the species has been disturbed with the ongoing road projects, particularly the China-Pakistan Economic Corridor and the network of roads being laid by China in the mountain region.
Wildlife experts have many a times expressed concern on the issue of interference of human beings in the habitat of snow leopard.
Last year, on the occasion of International Snow Leopard Day, on October 23, Union Environment Minister Prakash Javadekar had said that a protocol has been decided among the member countries to formulate the roadmap for enumeration of snow leopards while addressing the inaugural session of the fourth steering committee meeting of the Global Snow Leopard and Ecosystem Protection (GSLEP) programme.
Javadekar added that the plan is to increase the population of snow leopards by doubling the figures once the enumeration is completed in the world.
The minister further added that the maximum population of snow leopards is in Mongolia and China.
In a tweet, Javedekar reiterated that with the cooperation of the range countries, the population of Snow Leopards will also be doubled in the coming decade.”
Advertisement","success(trafilatura, resolved_via_decode, 2225 chars)"
"Snow leopard which killed 43 sheep, goats captured in Lahaul and Spiti village | Hindustan Times - Hindustan Times",2020-05-03,Himachal Pradesh,,Snow Leopard,Livestock Attack,43.0,0.0,0.0,Snow leopard captured after killing livestock in Himachal Pradesh.,0.98,single_incident,,Hindustan Times,https://news.google.com/rss/articles/CBMi4wFBVV95cUxQYklwXzRGREhvUkxyMzdUTl9TendnWGRRTDdVRW9MSlVDNDlCLXhVMEh5X0pCTzJ0aDlvWFZROU43RGtWQ2VpRUt4NXh6UHhEcldPQ1ZwenA1V3YtVlhUcVJmTmdWbjV1U0NfdWtldEFjSUtBMXBCRkhOQmIyaWtSTTFsaVNvbGFzQ2R2ZnJUek55dVBkbS1nUzN1ZEtOVkFsMkRUcm5XRm1vckI1bE1kaTdXVGJWX2FEYi1POHR6Q0pfaXVrRTJtOUtxN2Vja1ZUdjVnZFN1QlRDc2RoWm8xNkZtc9IB6AFBVV95cUxPY0hqZW1ESFE0V1dfZkp2RHJMNzJLeXBWTEhMNU1fR0t1bTRua2xwV2Zvb0tIeHoxdHhWQVpaMGtNQkNFNlh0MDk2Ry1zQ3pVN0pTTzAzRElHZ09zM3NZN3FXM3RBcHBOZm1hRjJPRHBpbG51bHNUZTlWZmR1djhWbS1SaEJUb3pUUmU2T0ktam5iODJrQTJPR2o1T2JEVTdXdnI3TEtLeFgxblZiZjFrY2tjbUpSV25QWHRhRnMySm1HNlVubnJ5WFhFRWlkeXN5U2NKRUdSUG5hMG85VmwzdVZ3NDNsa0pZ?oc=5,,,"Snow leopard which killed 43 sheep, goats captured in Lahaul and Spiti village
Spotted by a local livestock owner first, the animal was trapped by officials of the forest department’s wildlife wing and brought to Shimla
A snow leopard that’s believed to have reportedly killed more than 40 goats and sheep in the remote village of Gue, located 10,000 feet above sea level in Lahaul and Spiti district, has been captured by officials of the forest department’s wildlife wing and brought to Shimla.
After medical tests to check for injuries the animal was quarantined at the Himalayan Nature Park in Kufri.
Special transportation arrangements were made to move it animal due to the Covid-19 lockdown in the state
Gue, which is 500 km away from the state capital, is located between the towns Sumdo and Tabo and is famed for a Tibetan monk mummified there that’s believed to be 500 years old. The snow leopard had in four attacks on livestock corralled in the village in the last two weeks killed around 43 sheep and goats. According to the villagers, three days back a livestock owner had walked into a shed at his farm where cattle, horses and sheep were kept and saw the leopard trapped there and sheep carcasses lying on the floor.
Frightened he called other villagers to help and they later informed the civil authorities at Spiti after which additional district magistrate, Gian Sagar Negi, dispatched a team headed by the forest ranger to trap the leopard.
The officials then trekked for four hours to reach the spot, fixed the wires of the enclosure to make sure the leopard remained trapped, and captured it.
“The team adopted standard operation procedures to trap the leopard,” Negi said. Wildlife team members believe the same leopard killed 15 sheep on April 20; 12 sheep on April 29 and 11 goats on April 30.
“It is evident that the snow leopard is not fit to prey in the wild and is looking for easy prey in the enclosures. Now that it has been rescued and there’s possibility of internal injury, so it’s not advisable to release it in its natural habitat without a medical checkup,” Negi added.
The captured animal was later moved to the Rescue and Rehabilitation Centre, Shimla, in a pick-up van for medical examination before being quarantined.
The state animal of Himachal Pradesh, the snow leopard can be found at altitudes of 9,800 to 17,000 feet in high and rugged terrains. It’s range spans the Kibber Wildlife Sanctuary in Lahaul and Spiti to Pangi in Chamba district.
A survey done by the wildlife wing with the Nature Conservation Foundation of India covering parts of the animal’s habitat across HP revealed a population of 100 in the region. The animals had been spotted in seven areas, including Miyar, Thandi, Chandra and Bagha in the upper Spiti region of Lahaul and Spiti district.","success(trafilatura, resolved_via_decode, 2809 chars)"
Man-animal conflict: Leopard attack claims third life in 1 week in Uttarakhand’s Nainital - Times Now,2020-10-26,Uttarakhand,,Leopard,Human Death,0.0,0.0,1.0,Leopard attack resulted in a human death in Uttarakhand.,0.98,single_incident,,Times Now,https://news.google.com/rss/articles/CBMi1AFBVV95cUxQdGE1alhwS1VZTkRhRjdIVlBXbm5iUDNJcURDelRfU1J3SWx5M1dEbU5RTnhxcS1Wd3A3YnNJNGkxbFlGX0QzUTVEZnFVWUptcHRrWFNjZUxVS05BSldlQmc5dF9fejFCZk1ka3EtYm9EU3N4alItZE1WWldjTlFHdmtLNWpad3NYUXFlQjJGZzQ5RHNPVVlnTjJtUnVoMUd2d2xXYXRMQ1dxNTB5ZkgzampUMkFLbldzcThTUU1zSktBeDlHZks2eHItdDZjMnplb0o2YtIB2gFBVV95cUxQM0JsWG1EYVVWX1dfMUh1WTJVOWRHRjE0OWstRzVVaWxVVVVGcDE0Q0RTd01wTkJsV1ppOVhDYVltUVU5RGYyOWZXTGVvSGRadGdaOS00U1lkSktfWG9oTXB2MGVXaGYtZmtVMWNuMUZ0OUhEdV9oV3dRQzQzLU5kTmd4eHh6VFNuMHhFMDd3ZDE4aGNsYUpNT25hQmZWTkNVSjI4dV80aFdnNXZfM2ZENW5rV0V0dzFtODZ2MURZUzdGdmliSXZwbW9GcXBVY0tyMEV5R25ybHBkZw?oc=5,,,"Dehradun: In yet another incident of human-wildlife conflict, a leopard attacked and killed a 45-year-old woman in Okhalkanda block of Uttarakhand’s Nainital district on Saturday. She was the third person to fall prey to a leopard attack in the block since October 21.
Khilmuli Devi, a resident of the block’s Dehna gram Sabha, was collecting fodder for her animals on Saturday when a leopard pounced on her and mauled her to death. The big cat, after hearing screams of villagers, left Devi’s body and fled.
Speaking to The Times of India, Mayank Jha, divisional forest officer (Champawat), said, “We have sought permission from senior officials to either rap or tranquilise the animal. A team of around dozen people are actively scanning the forests and are in alert to trap the leopard.
Other two victims of leopard attacks in Nainital's Okhalkanda block
On Thursday (October 22), an 18-year-old girl was killed by a leopard in Okhalkanda block’s Bajwan village and on Wednesday (October 21), a 13-year-old girl was mauled to death by a leopard in Tushran village which also comes under Okhalkanda.
It may be noted that the forest department has already declared two leopards in the block as man-eaters. Efforts are underway to either tranquilise or shoot them.
Another incident
Meanwhile, Thane Police’s Crime Branch, on Friday night, arrested two men with leopard skin worth Rs 10 lakh in the illicit market.
Acting on a tip-off, Unit I of the Crime Branch arrested the two accused, identified as Sahaji Dande (30) and Sachin Bhosale (33), near CIDCO bus stop on Friday night, a police official said.
The accused, both residents of Pune, have been booked under the Wildlife (Protection) Act.","success(trafilatura, resolved_via_decode, 1696 chars)"
"Suspected leopard attack leaves 16 sheep dead, 17 injured in Budgam - Telangana Today",2026-09-10,Jammu & Kashmir,,Leopard,Livestock Attack,16.0,17.0,0.0,Leopard suspected of killing livestock and injuring others in Budgam.,0.98,single_incident,,Telangana Today,https://news.google.com/rss/articles/CBMimAFBVV95cUxQUFBSTFhmSno5U1NiQnZDZHVRbHNiSC1hd2xxVXJHdkR3VklwRmtNcGV1WGhDYk51RWlNV0JDbXZ2aUJYdmUtb1FyUE5RUjhFZHR6dDZjdW5lT2tsX09SblRoOFU1NDJDbktWMTQ2NlhDYlFWTzdHbkFNQS1JS0xldi1Bb1RfT29RNWlYakg0VEdUczRVVkh2MQ?oc=5,,,"Srinagar: As many as 16 sheep were killed and 17 others injured in a suspected leopard attack on a flock in J&K’s Budgam district early on Thursday.
The flock was attacked in the Chadoora area of Budgam during the intervening night of Wednesday and Thursday.
The owner of the flock, Imtiyaz Ahmad Chopan, told reporters that a leopard had attacked his sheep, though the animal’s identity is yet to be confirmed.
He said the animal entered the livestock enclosure in Badipora village of Chadoora during the night and attacked the flock.
“We depend on livestock for our livelihood, and the incident has caused significant financial losses for us,” he said.
The flock owner appealed to the government and departments concerned to provide immediate assistance and compensation for the loss of livestock.
Meanwhile, locals also urged the Wildlife Department to inspect the site and take necessary measures to prevent further attacks in the area.
Wild predators such as Asiatic black bears and leopards frequently enter human settlements in Jammu and Kashmir due to severe habitat loss, climate change and dwindling food sources in the wild.
Between 2020 and mid-2025, Jammu and Kashmir recorded over 17,200 human-wildlife conflict incidents, resulting in more than 100 deaths and nearly 1,100 injuries. Asiatic black bears and leopards cause the majority of attacks, straying into villages, agricultural fields and apple orchards.
The chief reasons for human-animal conflict in J&K are unplanned development, deforestation and the conversion of buffer zones into residential areas or orchards, which shrink natural spaces.
Open garbage dumps, livestock and abundant fruit in orchards near forest fringes attract predators repeatedly.
Irregular weather and shifting snowfall patterns reduce natural forage and water availability at higher elevations, forcing animals down into human habitations.","success(trafilatura, resolved_via_decode, 1889 chars)"
2 Women Among 7 Injured In Leopard Attack - Kashmir Life,2020-04-29,Jammu & Kashmir,,Leopard,Human Injury,0.0,7.0,0.0,Leopard attack resulted in injuries to multiple individuals.,0.98,single_incident,,Kashmir Life,https://news.google.com/rss/articles/CBMifkFVX3lxTE41bG5EMmxVMlJvSXI1WFhURlUwaTdQVm5MX09jcUk5RnUxdDh4NUxXZ1NGaHkyZ2VHZVEtSU45NFBzOC1VMHp4VEhJUGhzSkFsNF9mQmdWcTN4eFZieTBsek1YdFdYNnU4QXJBbFZqMmNGU0Z4T00ydjY2QUxXUQ?oc=5,,,"Srinagar

Seven persons including two women were injured after they were attacked by a leopard in Pohrupeth area of Handwara in north Kashmir’s Kupwara district on Wednesday.

Reports said that the leopard barged inside a residential house and attacked the inmates. In the meantime, neighbours gathered around the house and meanwhile informed the wildlife department about it. While the neighbours managed to rescue the family members, a team of wildlife officials reached the spot and tranquillized the animals inside the house.

Meanwhile, the victims were shifted to Sub District hospital Handwara for treatment.

Among the injured, five were identified as Meema Begum (45) wife of Mohd Sarwar Khan, Gulshan Begum (55) wife of Ghulam Nabi Dar, Mushtaq Ahmad Ganie son of Abdul Samad Ganai and two brothers namely Dilawar Dar (30), Manzoor Ahmad Dar (35) sons of Abdul Jabar Dar. A police officer also confirmed the injuries in the leopard attack. (GNS)","success(newspaper3k, resolved_via_decode, 955 chars)"
5-Yr-Old Killed In Leopard Attack In Anantnag - Kashmir Observer,2025-12-17,Jammu & Kashmir,,Leopard,Human Death,0.0,0.0,1.0,A five-year-old boy was killed in a leopard attack in Anantnag.,0.98,single_incident,,Kashmir Observer,https://news.google.com/rss/articles/CBMioAFBVV95cUxNbmhIUTBmMDF5WF9mX24zUnlFR0x0RU1qWXZpMU5USGIxWllZZ05WZ3RldFo1TDA3U2Rydm5rTzRGekh1Z2cwb0dsaHdJSnhJTlpjeHY5ZjVDMmdRa2w2WUZpWHNjNEhkTzJ3Ui1qeVNQb2lId01NcWt2c3dHMUtGTk9rZTI0dElTVWdYS2FNQjZ1WERKcXlBcm4xVlJ6Y2x6?oc=5,,,"Representational Photo

Srinagar- Panic gripped Gallan Gujjar Basti in the Khiram area of south Kashmir’s Anantnag district on Wednesday evening after a leopard mauled a five-year-old girl to death.

ADVERTISEMENT

Officials said the leopard attacked the child, identified as Sumiya Jan, daughter of Riyaz Ahmad Paswal, outside her home in Galan Achdar Khiram and dragged her away, triggering fear among residents who rushed to the spot and raised an alarm.

After the residents intervened, the leopard fled, leaving the girl critically injured. She was immediately taken to the Primary Health Centre at Srigufwara, where doctors declared her dead.

The incident sparked panic in the locality, with residents demanding immediate intervention by the Wildlife Department to trap the animal and prevent further loss of life.

Officials said the matter has been brought to the notice of the concerned authorities and necessary measures are expected to be taken to ensure the safety of people in the area.","success(newspaper3k, resolved_via_decode, 1000 chars)"
Beasts On Prowl: Leopard Mauls Minor To Death In Bandipora - Kashmir Observer,2023-08-29,Jammu & Kashmir,Bandipora,Leopard,Human Death,0.0,0.0,1.0,Leopard mauled a minor to death in Bandipora.,0.98,single_incident,,Kashmir Observer,https://news.google.com/rss/articles/CBMinwFBVV95cUxQa3NQVFJrV1ZEYl90bldtLUdMOU9zVy1SR0ZwRmc2TDJuUXRZSkt0WjFvQW0yS0JsSDNlNGJNYXkyaW44aHpnTWhWN2l3ZWtvbnc0NUFwc00xaVFEQllGdWhOR0tqY2JHTVNXUlp3RGY0SEJtVkQ5Q0RxS3NVcEJvUjBXeXVpM2ExWnlYS25KNnd4TjJNS25Gb1dNeGZmRDA?oc=5,,,"Representational Photo

Srinagar- In yet another deadly incident of man-animal conflict, a seven-year-old boy on Tuesday was mauled to death by a leopard in Nesbal area of North Kashmir’s Bandipora district.

ADVERTISEMENT

7-year-old Zaid Bashir had gone missing from his native Nesbal village on Monday evening following which a massive search operation was launched by Police, army’s 13RR. CRPF with the assistance of the locals, officials said Tuesday.

According to them, bloodstains and clothes of the boy were found near a field, leading them to suspect that a leopard, which had been sighted often in the area, had attacked the boy.

After overnight search, the boy’s mutilated body was found in a nearby hillock in Nesbal in the early morning on Tuesday.

After legal-medical formalities, the body was handed over to his family members for last rites.

Meanwhile, three people, including a woman were attacked and injured on Tuesday by a black bear in Damhal Hanjipora area of South Kashmir Kulgam district.

ADVERTISEMENT

Muhammad Ramzan Malik, Muhammad Shafi Malik and Raja Begum were working in an orchard in their native Nagam village of DH Pora when a bear appeared there and attacked them, reports said. The trio sustained injuries in the surprise bear attack. They raised an alarm following which other villagers rushed to their rescue.

All the injured, reports said, were removed to the district hospital, Kulgam for treatment.

“We were passing through the area when we learnt that a bear had mauled a man. We rushed to the spot and found three people, including a woman injured,” Zahid Iqbal, an eyewitness said.

He said that the area has been witnessing frequent attacks by wild animals. Iqbal urged the Deputy Commissioner (DC) Kulgam and wildlife department to look into the matter and save villagers from further beast attacks. (With KNO inputs)","success(newspaper3k, resolved_via_decode, 1871 chars)"
J&K: Leopard attacks nearly dozen goats in Samba region - The Siasat Daily,2023-04-23,Jammu & Kashmir,Samba,Leopard,Livestock Attack,0.0,0.0,0.0,Leopard attacked goats in Samba region.,0.95,single_incident,,The Siasat Daily,https://news.google.com/rss/articles/CBMimgFBVV95cUxQWDlGTWpOSkJUVFdCbE15RWJUNG8za1NoN1piMk5laWxGc2gxY2Y1RXNvbzhpVDMtWGdLYnViQ3UtaUxrM1VILUZDSW0yX19lZDl0ODNoaU5IWWRObG9yZUxCQ1l2NFdQNldWSGhKVldQOE9FZEhySm9UQ3I2eExSazVIYlc3OW56RXIxbGZjWjZVNGozc0NINFZB?oc=5,,,"Jammu: A leopard killed nearly a dozen sheep in the Gurha Slathia area of Jammu and Kashmir’s Samba district on Sunday, police officials said.
Joint teams have been formed and traps placed to capture the big cat, they said.
The leopard ventured into the Ghar Mandi locality of Gurha Slathia from the nearby forest area and attacked a herd of goats, they said, adding that while eight goats were found dead on the spot, three others are missing and are believed to have been taken away by the animal.
A couple of days back, a girl sustained serious injuries after being attacked by a leopard near the Parmandal area.
The wildlife department has been informed about the frequent visit of leopards in the villages adjoining the forest area, officials said, adding that the animal will be caught soon.","success(trafilatura, resolved_via_decode, 797 chars)"
"16 sheep killed, 17 injured in leopard attack in Chadoora Budgam - kashmirpen.in",2026-09-10,Jammu & Kashmir,Budgam,Leopard,Livestock Attack,16.0,17.0,0.0,Leopard attack resulted in the death of 16 sheep and injury to 17.,0.98,single_incident,,kashmirpen.in,https://news.google.com/rss/articles/CBMilAFBVV95cUxNRnpwdFVzdEZ6R0JWdElTSGc0S1JXZ3hac00zZzAzOVptSFNPY1VGZU82VG9HUVFVMTlLRDRoWFo2V0t0ZnBXOVo5UmdTVUtyQk50YXVMQ1k2YXkwaEY0RndkUnE4cVZaanZUY3hncFZoMGphdzhQQTEwSFBndVItQzlubjhyRkVBbmtxOFR1dHNSSXVO?oc=5,,,"Budgam, Sep 10: Sixteen sheep were killed and 17 others injured after a leopard attacked a flock in the Chadoora area of Budgam district during the intervening night of Wednesday and Thursday.
Imtiyaz Ahmad Chopan, owner of the flock, said that he believed a leopard had attacked his sheep, though the animal’s identity is yet to be confirmed.
He said the animal entered the livestock enclosure in Badipora village of Chadoora during the night and attacked the flock. “We depend on livestock for our livelihood, and the incident has caused significant financial losses for us,” he said.
Chopan appealed to the government and concerned departments to provide immediate assistance and compensation for the loss of livestock.
Meanwhile, locals also urged the Wildlife Department to inspect the site and take necessary measures to prevent further attacks in the area.","success(trafilatura, resolved_via_decode, 863 chars)"
Leopard kills 9-year-old boy in Kupwara village - thekashmirhorizon.com,2026-06-08,Jammu & Kashmir,Kupwara,Leopard,Human Death,0.0,0.0,1.0,A 9-year-old boy was killed by a leopard in Kupwara village.,0.98,single_incident,,thekashmirhorizon.com,https://news.google.com/rss/articles/CBMikwFBVV95cUxOWUVLMDczTkJIQzQtNXZnUGhXdTl5YThVVlhsbEM5NGJNSnRzVC10LVJLNWNVaVlxR1RDNGVsMkFTUTVWS0FnV01IOVBHZmMxOEVLRGtkOUtDQlM2a0Z2bHgzRGJiS1piZm1Da1BZOHdDYTBHQXVXMUc3SjlIZjJVWFJmNVpPMURYamZSOWtWc0sxcTg?oc=5,,,"Kupwara, Jun 08: A nine-year-old boy was killed in a leopard attack at Manzpathra village of Chowkibal area in North Kashmir’s Kupwara district on Monday, triggering panic among local residents.

The man-animal encounter as per the news agency—Kashmir News Observer (KNO) occurred near high school and left the child severely injured. However, the victim succumbed to his injuries later.

The incident spread fear across the area, particularly as it came just weeks after another child from the same village was attacked by a leopard and injured.

Locals have urged the Wildlife Department and district administration to launch an immediate operation to capture the leopard and prevent further attacks—(KNO)","success(newspaper3k, resolved_via_decode, 707 chars)"
Leopard Attack in North Kashmir Kills Seven Sheep - Kashmir Life,2025-12-18,Jammu & Kashmir,,Leopard,Livestock Attack,7.0,0.0,0.0,Leopard killed seven sheep in North Kashmir.,0.98,single_incident,,Kashmir Life,https://news.google.com/rss/articles/CBMiiAFBVV95cUxPdFJVc3d2M0ctY0ZYbHhoWGxzMUI0VDlXXzNkUjdzcjNRNHFJbVJ3VFdRRDhmZ3BIM1NVSGtnSDNscWVaWXc3V29aZHNuTjVzYXBfMWtVSUFlYVJxcXRwV194dHc1cEotWFhNZzZLLXBFNkdTTTI3bEJuUEJKOUM4VnVFb3N0V2Za?oc=5,,,"SRINAGAR: Panic gripped Shiva village on the outskirts of Sopore in north Kashmir’s Baramulla district after a leopard attacked a flock of sheep, killing at least seven and injuring many others.

An official said that the wild animal entered the sheep shed belonging to one Showket Ahmad Dar during the intervening night and mauled several livestock. “Seven sheep were found dead on the spot, while seven others sustained grievous injuries,” he said.

The incident has triggered fear among residents, who have appealed to the Wildlife Department to deploy teams and set up cages in the area to capture the leopard before it causes further damage.

Meanwhile, a team from the Wildlife Department reached the village soon after the incident and launched a hunt to track and capture the wild animal. (KNO)","success(newspaper3k, resolved_via_decode, 802 chars)"
"Man dies in leopard attack in Mandi, 5 others injured; animal succumbs after villagers retaliate - The Indian Express",2025-12-24,Himachal Pradesh,Mandi,Leopard,Human Death,0.0,5.0,1.0,"A man died in a leopard attack in Mandi, and 5 others were injured.",0.98,single_incident,,The Indian Express,https://news.google.com/rss/articles/CBMi0AFBVV95cUxNclpLSFM3dzJfMDlPd1VkVkRneGNnUWRrZ0lmd0RnTmpOZGIwdjVlQndBV25iYlR2Z1c3VFpWNWVrNkFsRFRNU2pfZUJqRHRCU0hnWHItS1EyQ1Y3WDdkR0dyOFhTNWx6dGxiX3c1Yld4Sm1tNlBfNWw3R1lIaEdFd0hqSTNULUxwaW5vdGdIc2p3U1lrNTNycVRpSFBHbWV6V3hQdVVWY3F0MGdlZHVzaVJMRkNpLVE3Qk9aYlpubzFEU3NvekFPVkFockR4SmtV0gHXAUFVX3lxTE9UdkI5RkxfbUFKRDlUN0hXbDJKZjR6aDZ2MGdQWjlsaWNDYnVaLVA2WjdxWG40eENZejZ2R0wtNkhnTFZ0MnNQTDFVek5HNFNlMkplTFhqbV9meUQ4MXZIb2hDbGpnclp5LXRMQURMZVB1MzZYOWJtbTJ2ZU1BekZ3Smttd3ZxSUs2RDhxenFpc2JQemR5Z3NYS2RlbFZhcm0yVzE2RVRKdHdBZEstTmI5MEJHY3RGanM5QnR3X3RfZ0tPVmIxSUJZZElmZ19vOTNLTkdxN0tB?oc=5,,,"Man dies in leopard attack in Mandi, 5 others injured; animal succumbs after villagers retaliate
The leopard first targeted residents of Chandiyal in Mandi before entering Bhadyal, where four people were seriously injured in separate attacks. It then attacked Balbir Singh in Malwana, killing him.
A man was killed and five others, including two women, were injured after a leopard attacked them around 7 am in Himachal Pradesh’s Mandi district Wednesday morning. The leopard was later attacked by villagers and succumbed to the injuries.
Forest officials identified the victim as Balbir Singh, 39, who had come to Malwana village to visit relatives. The injured have been identified as Sahib Singh, Deena Nath, Champa Devi, Janit, and Rekha Devi. They were admitted to Shri Lal Bahadur Shastri Medical College in Nerchowk.
Preliminary findings suggest that Balbir had stepped out to relieve himself when the leopard attacked him. The injured belonged to three different villages in the Balh Valley. The animal first targeted residents of Chandiyal village before entering Bhadyal, where four people were seriously injured in separate attacks. It later attacked Balbir in Malwana village, killing him on the spot.","success(trafilatura, resolved_via_decode, 1213 chars)"
Maharashtra: Leopard mauls 10-year-old to death; body found 1.5 km away from spot of attack - Times Now,2020-11-28,,,Leopard,Human Death,0.0,0.0,1.0,A leopard mauled a 10-year-old to death.,0.5,single_incident,,Times Now,https://news.google.com/rss/articles/CBMi1gFBVV95cUxOdFJUMXpiN2VmczQxTUVkWWVmSDNvSzgzTlVneElaTFNacVlVRUFTYUpCU1hzZUdNNzdIeEdHOXllck1MRUdwMzdYQ05qcWhLMXpkb1A4UkVLLXMzWUFVbnZ5YndYRFRsT1Z3YnRtb3ozY1Z4bkNzdzR6N1lwVUY0Q2dQeERNeWxOVXN5VGVWNUVRTE01TU44VHpzRmJ3WnJnN19hRmY3SEpKNnJqdExCeFYxSDhZY093UWk3Ukc5T2FOa1dnanJySENoQ0ZIbmNkSFlkTWtR0gHbAUFVX3lxTFBIRTBSdVpnbXRpV1NwdTFUbEE0SDJuTXNyWDVGY3JTb282V2duYzZ2VV80S2pMQ2VTampuYjVvRTYyYmhVSmpLTmVidHI2cVlIRlpGS3dxZ2c3RnJLMFE5MjFWcjRkbzRtM1lJcWsxTHVhQ3UtUFRiOGFWU3dycjRtZi1PLS1nS0FkTGRWMUo2YTlHMjhRT0l4Y2JXZ19KTDh0eWJHZ3FxaER1TUpYdEZwQlZOaEFVQS1jRkZxTDJYVHRfdE53d28tbnBNVVpSUmdUc3czM2E1M2poQQ?oc=5,,,"Aurangabad: In yet another incident of human-wildlife conflict, a leopard attacked and killed a 10-year-old boy at a village in Beed district of Maharashtra on Friday. The body of the victim was found more than 1 km away from the spot of the attack.
The incident took place at Kinhi village in the district’s Ashti taluka on Friday afternoon. The now-deceased boy, identified as Sarthak Bankar, was attacked by the leopard when he was on a farm. Farmers who were working in nearby fields rushed to save him after hearing his cries for help, but in vain as the big cat had dragged him away.
Boy's dead body found in bushes
“The farmers found the boy’s body in the bushes, at a distance of about 1.5 km, after a two-hour search with wounds on the neck and some other parts of the body,” a report by The Times of India quoted forest officials as saying.
Responding to a question, forest range officer Amol Munde it was too early to declare the leopard a man-eater. A combing operation in the area is underway. Sources told TOI that the local police and forest officials are planning to track the big cat with the help of drone cameras.
Similar incident
A 40-year-old farmer, identified as Nagnath Garje, was mauled to death by a leopard in a neighbour village three days ago.
The leopard killed Garje when he was working on his field in Surdi village on Tuesday. When he didn’t return home after work, a search was carried out in the area and he was found dead.","success(trafilatura, resolved_via_decode, 1458 chars)"
Water pipeline worker attacked by leopard in Himachal Pradesh - Indiablooms,2020-12-24,Himachal Pradesh,,Leopard,Human Injury,0.0,1.0,0.0,Water pipeline worker attacked by leopard.,0.98,single_incident,,Indiablooms,https://news.google.com/rss/articles/CBMipwFBVV95cUxQcVM4ME9RWWJkSzVmaWZKTS1BTk80UjFxa2tNSjVsSnpVaDNsOWoxUEZqNlliM3RHWUJxdzA1YjJfSUhJX1FULXVURGplY2ZoczBhVEJnbGV4SE85YW4ySzVtZEV6VFMwN1JKa0FlbnJ6SFJhQTVjbkkwX0JrT2dHSnFDeW0yY2RWeG5HUVdINDhOdXJQWWxiaTg2LWFEcXhLMXkyeGRNSQ?oc=5,,,"Water pipeline worker attacked by leopard in Himachal Pradesh
Shimla/UNI: A 45-year-old man working in a forest near Shimla was injured after being attacked by a leopard, police said on Thursday.
The leopard, who reportedly attacked the man while he was laying a water pipeline, fled the spot when the victim's co-workers arrived on hearing his cries.
According to police, the incident occurred in the forest adjoining Salana village near Shoghi at about 1530 hrs on Wednesday afternoon, when some workers were laying water pipelines in the area for an irrigation and public health (IPH) project.
	
“One of them, Abdul Gafur, was allegedly attacked by the leopard while he was at work. The rest of the workers were present some distance away. They rushed to the spot after hearing Gafur's cries and the animal fled on seeing them,” said a police official.
Gafur received injuries on his right leg where the leopard attacked him with its paw, and was given first aid before being rushed to the IGMC hospital in Shimla for treatment, the police said.
	
The victim is a resident of Mandi in Poonch district of Jammu and Kashmir, and had arrived in Shimla along with his two sons and five others after being hired by an IPH contractor, officials said.
“We have alerted the forest authorities, and the concerned divisional forest officer has sent a wildlife team to the spot to search and capture the animal,” he added.
Support Our Journalism
We cannot do without you.. your contribution supports unbiased journalism
IBNS is not driven by any ism- not wokeism, not racism, not skewed secularism, not hyper right-wing or left liberal ideals, nor by any hardline religious beliefs or hyper nationalism. We want to serve you good old objective news, as they are. We do not judge or preach. We let people decide for themselves. We only try to present factual and well-sourced news.","success(trafilatura, resolved_via_decode, 1872 chars)"
Man vs leopard: Big cat attacks man; gets killed by irate villagers in front of forest department officials - Times Now,2020-04-12,,,Leopard,Retaliation Against Wildlife,0.0,0.0,0.0,A leopard attacked a man and was killed by villagers.,0.98,single_incident,,Times Now,https://news.google.com/rss/articles/CBMi_gFBVV95cUxQVzhuNDJlNkNrTzJOZjd1WGl3cGotclJlWGxrd3VKTlh2NmFMSXlvZHZtekJsSmZfSFF4VW9vNnk0X0lVa2NVaEk2VFFLWEEwcFJFU1FPc1B1clpja2pXcEprQ0c2Q0dNdGZ5ZHZ3WWlkSEZSSU9IWHRsZmtzbjdEMWpCQVlfblpzOFJ3Tnc4b2h6ME5wOEdMbl80TFR0TzNfZW5FamRrLUZldDJWOWlkSVRYbXlTR2VJSnFYMFRCMEVNb1FyTDVNT1BGNGZ4YzhkenROb1A1cW1US3hTalB2cmNJTlJNYmNrRW1BNy05aU5wVUlhaXc3czRYeWE2dw?oc=5,,,"Lucknow: In yet another incident of man-animal conflict a leopard was allegedly thrashed to death with sticks in a wheat field after it launched an attack on a local near Susundi village in Varanasi division’s Ghazipur district. The big cat, in self-defence, left three people injured when it tried to escape.
Villagers overlook instructions of police and forest officials
Divisional forest officer Ghazipur Girish Chandra Tripathi stated that the officials of the forest department and the local police repeatedly urged the villagers to leave the area and allow them to capture it, but the villagers chose to overlook their instructions and killed the beast. The incident took place within the territorial jurisdiction of the Nonahara Police Station. The accused have been booked under Section 9/51 of the Wildlife Protection Act. Further, he mentioned that the feline’s carcass was sent for conducting a post mortem examination.
Leopard attacks local
According to the Times of India, the strayed leopard attacked a local on Sunday. The victim alerted the villagers about the presence of the beast in the area. After attacking the man, the leopard entered into a wheat field and hid. Hundreds of villagers arrived at the field and encircled it to trap the big cat. Upon receiving information, a police team also arrived at the spot.
Leopard's bid to escape
The DFO said that he also arrived at the wheat field after receiving information from the district collector. Tripathi said that he and the police team repeatedly requested the villagers to leave the area and enable them to capture the big cat. But they refused to listen to them. Then, the angry mob began shouting which scared the beast and it attempted to flee from the field.
While attempting to escape from the mob surrounding the field, the leopard attacked the mob, leaving three people injured. Later, the infuriated mob thrashed the big cat with sticks. It died on the spot.","success(trafilatura, resolved_via_decode, 1941 chars)"
"Leopard mauls down a person to death, injures five in Balh valley of Mandi district - himachalguardian.com",2025-12-24,Himachal Pradesh,Mandi,Leopard,Human Death,0.0,5.0,1.0,Leopard attack resulted in one death and five injuries.,0.98,single_incident,,himachalguardian.com,https://news.google.com/rss/articles/CBMivAFBVV95cUxNTC00eHdkTFhSZFdWN1Q3LXc3UGRMem53bFdBMFUtRmRZWWthNnpBTjRFb2IzR3ZROHJOV0tNcGdTTWgxczFZeTVIbHFPaVRfWUhRYTNJU3RqVGZJTEFfQWtrS1YtQmtZZHp1czcyYmUxd1R3aFgwdUlIQURUUVljUW9IZFY1Y21pOEhGc2VVdVEzcHZFZUQ1SktZczVReC1oZlpZcnZvRU02MU40dlhQR0Z1cmJhN1JWOUt0Xw?oc=5,,,"One person was mauled down to death by a leopard and five others injured in Bhadyal and surrounding villages in Balh valley of Mandi district on Wednesday morning creating a scare among people, who later killed the beast.
The first attack was reported in the early morning at about 5.30 am in Chandyal village when the leopard attacked migrant workers heading towards a sand mine.
As per a villager Pradeep, “After attacking workers it ran towards a ravine and mowed down Balvir Singh (40), a resident of Mandi who had come to visit his relatives living in Bhadyal village; it reportedly slit his throat with his paw and killed him.
As per a forest official, “It injured Sahib Singh, Dina Nath, Janit and Rekha Devi in Chandyal village and Champa Devi in Malwana village.”
All Injured are being treated at Shri Lal Bahadur Shastri Government Medical College and Hospital, Nerchowk.
Pradeep said , “ As the news of the attack by the leopard spread the panicked villagers gathered carrying sickles, sharp instruments and long sticks, they hit the animal to save themselves from further attack and killed it.”","success(trafilatura, resolved_via_decode, 1106 chars)"
Elderly man killed by leopard in Uttarakhand’s Chamoli district | India News - Hindustan Times,2020-12-01,Uttarakhand,Chamoli,Leopard,Human Death,0.0,0.0,1.0,An elderly man was killed by a leopard.,0.98,single_incident,,Hindustan Times,https://news.google.com/rss/articles/CBMi1gFBVV95cUxPbkdNQlFuTFdsZzRicXdsNEFNX0dadkNGNVFHVGdLZWc1UksyOVE2dEU3ajhMVGxSa3hwSTJleDBHel90ZXRjaV8zcll2NFQtdUhGNFhEV3BobFJtUzczSzBUYlhRRHg3djJsT3liQndsTHBoZDdhT3E3Z2FLRVRxMW9tM1hwWnZMMUdzLTNEejZKZlcxcmplSFQ1SU9qcDRmQnFRNzJCU1ZleFQzYmQ4V1JsamJvUm5DX29rSkFDX2xkZllzOFU1bmQtbnNDRG50U2t0dm9n0gHbAUFVX3lxTFBwRkNNcGxNVkwyalhfbnNMdmV0Rk1uSGVPamhrRkwySmFiTWFuM1o5V2xDTktocENJdG8yVHJMX3Z2clhhal9jLXozbVA5VFdHbzNOV19SaVZnaElvV0ZGUEoyc0syZFM4YXpYdmpLSWJiY1JSd0RMWThuRDVHSV9LR2JNcFUtaEZZaDhnUm1VcWxBY09ia29wemZfaVNCVmJXSDc2dzViVEtrTFVTbjlNc1l3dU9faV9qS2dNY2pUSkxKTVhJcDJENjBfM051VmVOU3lmVUtFdGVRUQ?oc=5,,,"Elderly man killed by leopard in Uttarakhand’s Chamoli district
This is not the first such attack to be reported from the state, where human-leopard conflict has been increasing. In the first week of November a 21-year-old woman was killed in a leopard attack in Champawat district.
A 65-year-old man was killed in a leopard attack on Monday in Chamoli district, forest officials said.
The man was attacked by the leopard on his way to the market on Monday morning in Joshimath block of the district.
After the attack, locals present at the spot made a noise due to which the leopard went back to the forest area, but angry locals protested till evening with the deceased’s body on the road.
JS Suhag, chief wildlife warden of the Uttarakhand forest department said, “I have ordered to install cages in the area to try to capture the leopard. This is the second incident of an attack by a leopard from the area. A few days ago a Nepali worker was attacked by a leopard.”
The senior forest official said that the leopard will be declared a man-eater if any further attacks take place.
This is not the first such attack to be reported from the state, where human-leopard conflict has been increasing. In the first week of November a 21-year-old woman was killed in a leopard attack in Champawat district.
Three women, including a teenager lost their lives in a week in October in Okhalkanda block of Nainital.
On October 21, a 13-year-old girl was killed in a leopard attack in Nainital district when she was going to the forest to cut grass. On October 15, an 11-year-old girl was killed by a leopard in Jaspur area in US Nagar district when she was playing with her siblings outside her house.
On October 14, a 40-year-old woman was mauled to death by a leopard in Pithoragarh district when she had gone to the forests to cut grass.","success(trafilatura, resolved_via_decode, 1832 chars)"
"In Uttarakhand’s Pithoragarh, 40-year-old woman killed by leopard | India News - Hindustan Times",2020-10-15,Uttarakhand,Pithoragarh,Leopard,Human Death,0.0,0.0,1.0,A 40-year-old woman was killed by a leopard.,0.98,single_incident,,Hindustan Times,https://news.google.com/rss/articles/CBMi1wFBVV95cUxPVkt0bktvUW0zVUJ0emRGSXFBa1g4TzVkRWs2X3g2M0FwYVV1ODR6Z0dpbWNNNnBYS204TlNLb2pGQ3VPQk5rSkFZS0pzSDlIX1BCYmlxOUV3SVdZQ2NEWW8tdFkySVZlYmV6WEJvczhrNGx1QWtBdmkxRENxOWxJMk5SUVJIRkJiZXRWTVhqazl2cVNmSHdzNzJaSl9ieG9Dbm1MbUJDbG5JZHlfSGtzancwbHhlRHZVRFdCYUNZeWZ3XzhqMlZXMExUb3Z2VUMtRTB1bWdsNNIB3AFBVV95cUxNWm1FOTdCSTAyWEJSOXJQSkpMY2dyTUpldDZ0M2ViYWxrNkRaM0tUNXFtN2FUcmFXVzV1cnZTeC1LS1QyamJLTmRuOEdZRVFFa0g5dmIzazJjNkVHUl9jWXhlRXM0WkhBUklUQ2l5OWNqOEJjNWhsVkgtRXAtX3hkRHNfSlNKbXJCTThIeS1DS3JMZG80NmM2Q0FKMG16Z3lVQWtTQ2NEdy1KNTg3UkdyVU5IczNYZ2s1QVFqeUtuY3JYaFlzWDQ4aGZVcVNEVDI4c0RYdnRyV3pOZ2F6?oc=5,,,"In Uttarakhand’s Pithoragarh, 40-year-old woman killed by leopard
This is not the first incident of a leopard attack in the state. On October 11, a 7-year-old girl was killed by a leopard in Tehri Garhwal district when she had gone to use the washroom outside her house. This was the fifth case of a child being killed by a leopard in the past one month.
In yet another incident of leopard attack, a 40-year-old woman was mauled to death by a leopard in Pithoragarh district on Wednesday evening when she had gone to the forests to cut grass.
Vinay Bhargav, divisional forest officer of Pithoragarh division said the incident happened around 4 pm on Wednesday in Papdeo Van Panchayat area.
“When the woman had gone to cut grass in the forests, she was mauled by the leopard and the animal further dragged her around 50 metres into dense bushes. Upon hearing her scream, other women who had accompanied her reached the site by tracing the blood trail, but the woman had died by then,” Bhargav said.
The body was recovered by local forest staff and sent to the district hospital for a post-mortem examination.
“As the incident happened inside a forest area, it prima facie appears to be a result of confrontation and panic attack,” said the forest official.
This is not the first incident of a leopard attack in the state. On October 11, a 7-year-old girl was killed by a leopard in Tehri Garhwal district when she had gone to use the washroom outside her house. This was the fifth case of a child being killed by a leopard in the past one month. On October 7, a 7-year-old girl was killed in a leopard attack outside her house in Berinag division of Pithoragarh district. On October 1, a 14-year-old boy was killed in a leopard attack in Pauri Garhwal district when he took his cattle for grazing in the forest area.
On September 24, an 11-year-old girl was killed in a leopard attack in Pithoragarh district when she was working near her house and collecting fodder. On September 19, a 7-year-old girl was mauled to death by a leopard when she was playing near her house in Almora district. On September 22, a 40-year-old man was also killed by a leopard in the Pithoragarh district.","success(trafilatura, resolved_via_decode, 2183 chars)"
"'Man-eater' leopard attacks woman, tears her stomach apart in Uttarakhand - Times Now",2020-08-09,Uttarakhand,,Leopard,Human Injury,0.0,1.0,0.0,Leopard attacked and injured a woman in Uttarakhand.,0.98,single_incident,,Times Now,https://news.google.com/rss/articles/CBMizwFBVV95cUxQcWNuOHVRbUdDNkdLYUlVcm1XYzFaQzZwNGRhZ0FNMHloSlJYVVFldXhxLXptdlZKOWsxVF95N0pLSDFBQ2FSZmVtVGpLdk9XajBCTlhhM1RSbjUzWXVsSmpkUHdvcjhUeW1EYi15dFh4ano4a01jcXpYVGZhSWRDZHpqNGt2bzBiVDJOQVA2WFpPMmNzZ29Pa0dEMmc1RDVJUG5lWU1PUkpZTmxMNHp6OVI3U1JId1p2WHhPM3JKVkdXcmlTQmdLZE1SZ0daUnPSAdQBQVVfeXFMUDR6VjM1MFduOE9mYUtET3hYazZFZjdmYzA1U0dUazFOUTJsZ1F1eUpxMXd1VndLUVBPbHpzV2xzZnNZOHBlenRPRjNsbDVRb0NGeVNEajJxUUNrckFlN3Fzc1dfcUxtZE9aNEg3bk9kTmRwQTdfWnFSeVRlZFI3TFV5NW82MTk3TmhNdTJOODhWN0hsOUY4bXktY010SFhuWWZGZnV0YWFPenpfM3owbDYyNlRDbWFmTHJhVGp0T3N4NzdqSzlFOFEyNWlTZE8xRHZIZXU?oc=5,,,"Dehradun: In yet another incident of human-wildlife conflict, a “man-eater” leopard mauled a 35-year-old woman to death in Tehri district of Uttarakhand on Friday night. This is the second incident of death due to a leopard attack in the district in six days. An eight-year-old girl was killed in Pratapnagar block on August 3.
The incident took place in Maletha area of Narendra Nagar forest division at 10 pm on Friday. The now-deceased woman was sitting in the courtyard of her house when the big walked in and pounced on her. She was killed in a brutal manner. Intestines were oozing out of the woman's body as the leopard had torn her stomach apart, a forest official said
Not an accidental killing, says SDO
The victim’s body was sent to Srinagar Medical College Hospital for conducting post-mortem examination. “The attack was not accidental and the leopard has turned into a man-eater. It kept an eye on its prey, attacked it, killed it and then ate it,” a report by The Times of India quoted DP Balooni, SDO, Narendra Nagar Forest Division as saying. The nature of killing is different during accidental human-leopard interactions, the SDO added.
Permission granted to trap leopard
A request was sent to chief wildlife warden JS Suhag to allow either trapping or termination of the leopard with a shooter’s help. Suhag has granted permission to trap the leopard. Balooni said that an initial ex-gratia of Rs 3 lakh has been given to the deceased woman’s kin.
Another incident
Last month, a seven-year-old leopard was shot dead by a team of three sharpshooters after it killed two children in Narayasnbagarh forest range of Chamoli district. The authorities declared the big cat as “dangerous to human life” and began combing operations. It was killed when it visited the spot of its second killing.","success(trafilatura, resolved_via_decode, 1807 chars)"
‘Dangerous to human life’: Leopard shot dead after it killed 2 children in Uttarakhand - Times Now,2020-07-12,Uttarakhand,,Leopard,Human Death,0.0,0.0,2.0,Leopard that killed two children was shot dead in Uttarakhand.,0.98,single_incident,,Times Now,https://news.google.com/rss/articles/CBMi4AFBVV95cUxPN0ZIRml0VmFHaEx0cXB3dHVVY2E4VHNBRDZJMXRicFZONkVqU3BkM2tzYl9TNnN2cnpnVk9iMEJ6TXB4XzNyLXlma1JYNDJIdWVLSFltdUFubjhLbXhyZW1vdllqWXY1M1BFbG9HcGpVRnM1Y2dpM3NpTTZwLWNQWFF4M3laTU9ZWG50WXFsLTR6QzZYX2ZKczV4d2dkVC1nSnd4ZGcwTW5YVU93X1RFODN0bm5tdXNzMUZXUUtET25BdUVIZHRZVng4UVl6Q2l3eGQ3aVRHS0lEbkpObmtFdw?oc=5,,,"Dehradun: A leopard that had mauled two children to death was shot dead by a team of three shooters and forest department officials in Narayasnbagarh forest range in Uttarakhand’s Chamoli district on Friday. The combing operations began ten days ago after authorities declared the seven-year-old big cat as ‘dangerous to human life’.
The first attack took place in Bhayada Malethi village where the leopard killed a four-year-old boy on May 29. Then, exactly a month later on June 29, it mauled an eleven-year-old girl to death in Gairbam village. The aerial distance between the two villages is just 2 km.
The forest officials identified the big cat with the help its pugmarks. It was shot dead by shooter Joy Hukkil when it revisited the spot of its second kill in Gairbam village on Friday night, Chamoli divisional forest officer Ashutosh Singh told The Times of India.
Third leopard shot dead since January
According to the sources, this is the third leopard that has been shot dead in Uttarakhand since January 2020. A total of six big cats have been declared as ‘dangerous to human life’ in in the state. Meanwhile, combing operations are on for two more leopards in Nainital and Almora that are responsible for killing three people each.
Search on for two more leopards
Sources told TOI that the big cat in Almora is active in Bhasiyachana block. It has mauled three people to death since April. Authorities have issued a ‘red alert’ to the villagers. Shooters from Bijnor and Nainital are tracing the animal.
Meanwhile, in Nainital, the forest officials have obtained permission to either capture or shoot the leopard that killed three people. The plan to deploy shooters is underway besides setting up camera traps and intensive patrolling in the vulnerable areas of the forest zone.","success(trafilatura, resolved_via_decode, 1793 chars)"
Leopard Kills 5-Year-Old Boy In Uttarakhand: Forest Official - NDTV,2022-11-22,Uttarakhand,,Leopard,Human Death,0.0,0.0,1.0,Leopard killed a 5-year-old boy in Uttarakhand.,0.98,single_incident,,NDTV,https://news.google.com/rss/articles/CBMioAFBVV95cUxQbHJVc2l3aWtVYmZvaEhnbndQdGRmQ2U3cG5NNWFwTHZpczJtRkUwMkZIcjRQWlVTWWMtZXloUEhVUmc4UnNEdmJSc0tDSTFBSEsyc2tvNzd5TzFVX3RmRWlkbW1BZFFfYVdTMzVSSHgwTi1OTVVqbzRiT2tlUnY1ZFJKSzlSSkFtVHZaY29Ta0k0TkY5d3FHSkptbjVKQWVm0gGoAUFVX3lxTE00NnFpaWxtMlZoZVVpMUlDSlFaSWVtRzlENS1jdVNxYURxcm45SFhKSVdvcTUtVE8wRGZKeWtDTzNIeGNKemJaTHI2dEptNHFSXzU0SGNfQ0NlQXBYM25RcW9oM3l4N2p5SFJ0T2xVQzZFN0Nqbm1mQmdoRU95Ql9CbU42MXFDNThabUdrWmQtMnE2a1ZwZ3lXVkdvbUlmQjNtUGctUmxCcQ?oc=5,,,,extraction_failed(page_fetch_failed after resolved_via_decode)
"Leopard kills man in Pauri, 2nd fatal attack in U’khand in 3 days - The Times of India",2025-06-03,Uttarakhand,Pauri,Leopard,Human Death,0.0,0.0,1.0,"Leopard killed a man in Pauri, marking the second fatal attack in three days in Uttarakhand.",0.98,single_incident,,The Times of India,https://news.google.com/rss/articles/CBMi1gFBVV95cUxNNklneGo4RWRmNFh6Mzh4SDBDRmwxVkdpU1J4RVY3WFR2Uzh1aE9Zd1h2eF9aMWFQR3lFZ3B5UVFmcm9US0g3Rk5VV2JFMFRCSG1reFc0VFpmODJPQjdqTXpGNWlZdUxrOXlqSkcwVC0zbW45WE8zR25qaW1pMGU3VHVua2R2YTJGQXNHb09YaXhUMUV3bXZsS1N2TUhTNDIxempzNk9sMnBTZkRaMzVhcTA2cG1GQVZlQ3lWRVBULV9KQ2F3M1ZDdDlCWEpZZTJSMmZmRFNn0gHbAUFVX3lxTE5xajZwWEM2Q2t6RDZfYnR3TVhwZWFmQzNSTkZBLVZUMVdfMWlNS1l2SUlSMHdhLWFwbmVpV05ITnlxYndud1pvZ3p5R05IYnlhWnlIZnZ3U09uWllmblFnLUdaaGlEYng2N3lpOVk1NWtRWjlqc2d2TnJqaVVGdnhkUWNGamlwb0E3WjA4YV9hVVZrTjVvaUpSakEtbklzbzRRUDZYS1pHeTRCX2sxS2ZwQVVuYjJ1YlJCTVNUWGE4WVExWnRKQ1NmLTdjSjhQcklxQzNjbjdKUnpNQQ?oc=5,,,"Dehradun: A 55-year-old man was mauled to death by a leopard in Uttarakhand's Pauri district on Tuesday morning, marking the second fatal leopard attack in the state within three days.
Victim Puran Singh of Siroli village in Ekeshwar block had gone to the market on Monday evening but did not return till late in the night. His family informed local authorities and a search was initiated. Singh's body was found the next morning in a nearby forested area, with forest officials confirming that it was a leopard attack.
""This is the first leopard attack in the district in 10 months. We have deployed cages, trap cameras and tranquilisation teams. Patrolling has been intensified, and locals have been advised to remain vigilant,"" said divisional forest officer Swapnil Anirudh.
Monday's incident follows closely on the heels of another fatal leopard attack on Saturday night in Bhujiyaghat, located in Manora range of Nainital Forest Division, where a 70-year-old woman was killed. Pushpa Devi of Mora village stepped outside her home around 10.30 pm when a prowling leopard attacked her and tried to drag her into the nearby forest. 
Her screams alerted family members and neighbours, who rushed out and raised an alarm, prompting the leopard to release her and flee. Devi, who suffered severe injuries, was declared dead on arrival at Sushila Tiwari Hospital in Haldwani.
In another instance of escalating human-wildlife conflict in the state, a leopard snatched and killed a four-year-old boy from his mother's arms on May 3 in Mana Kabhra village, Bageshwar district. 
In April, Jogiyadi village in Garampani area of Betalghat block reported repeated sightings of a prowling leopard that killed several domestic animals over a month, sparking fear among residents and disrupting daily life. Earlier in January, a woman collecting fodder was seriously injured in a leopard attack in Bhelunta village, Tehri district.
In light of the growing threat, the state govt has issued safety advisories, urging residents to avoid venturing alone in forested areas, travel in groups and ensure adequate lighting around homes and livestock enclosures.","success(trafilatura, resolved_via_decode, 2143 chars)"
Leopard kills woman grazing goats in Pauri Garhwal - The Times of India,2025-06-22,Uttarakhand,Pauri,Leopard,Human Death,0.0,0.0,1.0,Leopard killed a woman grazing goats in Pauri Garhwal.,0.98,single_incident,,The Times of India,https://news.google.com/rss/articles/CBMixAFBVV95cUxQLTU2NTVLMGs0SkN1eHloNFNEM05kVnRPbVpDWDZTeXc4VFA5aG93SnpLRlVEVFpiNGRQSmlKekNjQjRlUF92SXJYSXA0VnFJc1FjS3otRHJpZmhvMGFWSy1GNzY1RHNwVGltNzNyLTI0YTBfYjlvdWRVaG9HLWIwcmFYcWpIQko0MWU0X3dfTm1oYWVtU2NWYXBYYlBqdXRGaXhxdkRPNkdNUXlRWG9IZ3hXQlpyS2FhTkMwTm5iUERnQURN0gHKAUFVX3lxTFBrTlVDZ1Q1ZnRtUmgyUU10cS1aVnJ5dllMdTNuSlhXMjJpRlhIR1ZTWFZPOGRGM09xcm5fdnUtSFJKb295b2xXX2k5ZWZfOUhSandmRFp0LWs1TVNzRnA2ZDU2UjhIczBJeXVMMkFSc1NMRV96OTdwTmhvNGVqazhKRnlFdmI3MnA4dl8tcXVZRU1VZ0g3cHd3MnlvazNXVm9JNVVEVk1ReUJqR3ppWHQ1TFVJNS1wMlhtUVBhQW1MNkZtZDlOakxMZmc?oc=5,,,"Dehradun: A leopard mauled a 35-year-old woman to death while she was grazing goats in her fields near forests after the predator ambushed her from behind bushes at Halsi village in Pauri Garhwal's Lansdowne forest division, Dwarikhal block, on Sunday evening. This was the third fatal leopard attack in the region within a month despite intensified patrolling and other mitigation measures by forest officials. 
Former gram panchayat of Jawad, Rajesh Miya, said Lata Devi screamed for help when the leopard attacked her but villagers were unable to save her. Forest and district administration officials reached the location soon after the incident to assist the victim's family. Villagers from nearby areas such as Banali, Kandakhal, Bistana, Jawar, and Birmoli demanded that forest officials kill the leopard, fearing it could attack others in the vicinity. 
Divisional forest officer (DFO) of Lansdowne, Aakash Gangwar, who met the family along with frontline staff, said the ex-gratia compensation process for the victim's family had begun. ""Camera traps and cages are being installed, and patrolling has increased to prevent further incidents,"" he added. 
Gangwar said Halsi village is surrounded by dense forests and bushes like Lantana camara, providing ideal cover for predators. He added, ""Only three families reside in that area, making isolated residents especially vulnerable to attacks, particularly during rains."" 
Leopard attacks have sharply risen in Uttarakhand, particularly in districts like Pauri, Almora, and Rudraprayag. Experts attribute this increasing conflict to shrinking habitats, reduced wild prey availability, and villagers regularly venturing into forests for livelihood activities. Over two dozen people have died in wildlife attacks across Uttarakhand this year, according to preliminary forest department data.","success(trafilatura, resolved_via_decode, 1846 chars)"
Leopard kills 7-year-old girl in Uttarakhand’s Almora | Hindustan Times - Hindustan Times,2020-09-20,Uttarakhand,Almora,Leopard,Human Death,0.0,0.0,1.0,"Leopard killed a 7-year-old girl in Almora, Uttarakhand.",0.98,single_incident,,Hindustan Times,https://news.google.com/rss/articles/CBMixgFBVV95cUxOV0pOUUxQNDhjeXJJeVRFY2xESDFJX1RWc0xBM21EdHpHZVFMbTRST183WTZhRVc3U1JIYmFrSF9fcFdXdTRLR3FDdlhOX2F1YVZTa0xNbDZYMnBURTlqam5TRENxalRNQ2c3X0xnR0dfeHE4TTBKdUxYcVBDUEdqbWdjcDZRcXJkRGZDVzJMcC1Samg3bTN2Q2s1TVlKSDBXY29Zd3BubkJwNk44SVgtTFdtd0ZzS0R4S2tYTWtfMU1wcVpmc1HSAcsBQVVfeXFMTzVOZHVGcktLeUIwMVotemRndlhZRFRvSHBVSVJJSVR6VHc0WUpKVmY2cWdHSlA5V3VjQjJOdWdmWjg2NFJ1d3VKd3Bza3lXY1hucTFNSGNOSzl5TGtqUWdweXdiNEVadXNEWmJpVHJNT2VhNWlHemRnbGl5a2tKbUVmVUNkY2xjS2dMb2JwWHNZeXJXTnlsY0d4dVc2ZEJJems5WjQwT2xndmY3X2xFOUlxTlB5eDdjd1Z2dGIxcjZHTm5RUmZhQ012R2M?oc=5,,,"Leopard kills 7-year-old girl in Uttarakhand’s Almora
Children, who were playing with her, raised an alarm and informed local villagers about the incident
A girl (7) was mauled to death by a leopard when she was playing near her house in Uttarakhand’s Almora district, said forest officials.
The incident occurred on Saturday evening in a village that falls under the jurisdiction of Bhikiasain nagar panchayat.
Mohan Ram Arya, forest range officer, Bhikiasain, said, “The girl’s body has been recovered from a nearby bush of the village following a search operation. A cage is being installed to catch the leopard.”
Also Read: Maha forest department to tag leopards as part of four-year academic study
Divya, the daughter of Girish Bisht, was playing with other children under a mango tree near her house when the leopard appeared and attacked her. Her mother Kavita and her grandparents were away working on their farm.
The leopard dragged Divya to a nearby bush. Children, who were playing with her, raised an alarm and informed local villagers about the incident.
Soon, Kavita and other villagers rushed to the spot. Forest and revenue officials also reached the spot and started a search operation. Later, her body was recovered from a nearby bush, said Arya.
Divya was a Grade II student and her father works in a private firm in Delhi, he added.
Arya was informed by local villagers about a leopard that had been on the prowl in the area for the past three months and had killed a few cattle and dogs.
Bisht, a member of Bhikiasain nagar panchayat, demanded an immediate setting up of a cage to catch the leopard.","success(trafilatura, resolved_via_decode, 1620 chars)"
"16 sheep killed, 17 injured in leopard attack in J&K’s Budgam - Bilkul Online",2026-09-10,Jammu & Kashmir,Budgam,Leopard,Livestock Attack,16.0,17.0,0.0,Leopard attacked and killed livestock in Budgam.,0.98,single_incident,,Bilkul Online,https://news.google.com/rss/articles/CBMiowFBVV95cUxQS0tKRW1iSnpqVTZDQUVfT0ZNNTVCRXBBNXdfNlk3Z1lYdTlYQi1sUkN1Y0plLV9RQjhhNGpSMmtrV0t1V0Q2X2toT0p4NkVrbXlZSHFXWXM2NmM4akFlVnNrdlNNeGNNMlFSc0NVOUFiRENjWTI5TndKdjdidVNxTFd0ay1TR2RhazVlSElmRUFyUWF3QTJaUlQ2bG5MMWd6dmZr?oc=5,,,"Srinagar
As many as 16 sheep were killed and 17 others injured in a purported leopard attack on a flock in J&K’s Budgam district early on Thursday. The flock was attacked in the Chadoora area of Budgam during the intervening night of Wednesday and Thursday. The owner of the flock, Imtiyaz Ahmad Chopan, told some reporters that a leopard had attacked his sheep, though the animal’s identity is yet to be confirmed. He said the animal entered the livestock enclosure in Badipora village of Chadoora during the night and attacked the flock. “We depend on livestock for our livelihood, and the incident has caused significant financial losses for us,” he said.
The flock owner appealed to the government and departments concerned to provide immediate assistance and compensation for the loss of livestock. Meanwhile, locals also urged the Wildlife Department to inspect the site and take necessary measures to prevent further attacks in the area. Wild predators like Asiatic black bears and leopards frequently enter human settlements in Jammu and Kashmir due to severe habitat loss, climate change, and dwindling food sources in the wild. Between 2020 and mid-2025, Jammu and Kashmir recorded over 17,200 human-wildlife conflict incidents, resulting in more than 100 deaths and nearly 1,100 injuries. Asiatic black bears and leopards cause the majority of attacks, straying into villages, agricultural fields, and apple orchards.
The chief reasons for human-animal conflict in J&K are unplanned development, deforestation, and the conversion of buffer zones into residential areas or orchards, which shrink natural spaces. Open garbage dumps, livestock, and abundant fruit in orchards near forest fringes attract predators repeatedly. Irregular weather and shifting snowfall patterns reduce natural forage and water availability in higher elevations, forcing animals down into human habitations.","success(trafilatura, resolved_via_decode, 1894 chars)"
"Uttarakhand grapples with a black bear problem: 5 people killed in attacks, authorities scramble for solutions - The Indian Express",2025-11-22,Uttarakhand,,Asiatic Black Bear,Human Death,0.0,0.0,5.0,A series of attacks by black bears resulted in multiple human fatalities.,0.98,aggregate_period_total,,The Indian Express,https://news.google.com/rss/articles/CBMi7wFBVV95cUxQdVlrYWhNdnBzUDYzRS1hV09Sb1pUSkx2SERlbG9RaFp1d2hmYWp5SVpLUkMzTFlvbnFTclE5TkVkR1RrMUhkVWhidW5IeVI4eGh4Q1VfVzd6T19ZeURmNC1MOVNDRzVwX1BYaHhZQVNQQmJIMGEyYjZrNVNLRFA5ZVVfM0g3UUNRMnhscXQzU3FiaU9iQWtyb2J4VVJ2RW1ZVmRFVElteWwxaTkzeWlyTFBoM2VZOUdLRkstRXBIMHdMNVdzWkVZSy1uc3VTTkFPQVFYY3duQ3A1ZWU0Qy1xcWZ0akZqdEJrRjRoVmxKONIB9gFBVV95cUxQbV9wbmQwQmhjbkZqdkUyOVViVzZYVGtMZzVHQ09qdmpDV1ZyZ3QxV1I0Y3ZweDgzLUZrbGkzNkVUMndqMlJwN2tYdE1pSzlBdEduZkZaakZ2LVN6cDhlbkM1WmpsSlJrdTJLdEwyTG1jMDFyMVlSOHJtdkJlZmdOVEFWVkxHQzJxWTNrM25SdkZ5YUsydW8tM2lLemJRYUI3ai1BVWNjUW5INGVhTElZMTNxMTVERGlNdlpDLTJaTDJfQ3NKZWxPM3BKTmdlVGhBUEw2WFkwR3k3aXMzQmMxdVc2bWxhRGltSWl6NWRHRlBUaEdKeXc?oc=5,,,"Uttarakhand grapples with a black bear problem: 5 people killed in attacks, authorities scramble for solutions
Climate change, habitat degradation among reasons cited by forest department for increased conflict between humans and the Asiatic black bear
Following a spate of attacks by Asiatic black bears in Uttarakhand, the forest department has released a slew of directions, including shooting to kill as a last resort. Five people have died in these attacks this year.
The guidelines for the prevention and management of human–bear conflict during the winter season were issued on Thursday. This is the pre-hibernation period for bears, when bears that hibernate during winter are found active in several areas, the department said. It attributed the possible causes for changes in bear behaviour to climate change, reduced food availability, improper waste management, and disturbance to habitat.","success(trafilatura, resolved_via_decode, 901 chars)"
Three Bear Attacks In Srinagar In 24 Hours Underscore Rising Human-Wildlife Conflict Cases In J&K - ETV Bharat,2026-08-17,Jammu & Kashmir,Srinagar,Asiatic Black Bear,Human Injury,0.0,0.0,0.0,"Multiple bear attacks reported, highlighting increasing conflicts.",0.98,aggregate_period_total,,ETV Bharat,https://news.google.com/rss/articles/CBMi3wFBVV95cUxOV1FfdXduRlgxY3lMaTZCdy0wN1cwSGZrbXA2SWR2SEFVemVlbjd2NVZmXzIyNHMzbHp5VnQ1ZXBEeTRaZTJ5VXJHaXAyR2RpYldEbTdYYnQxdm4yREREUmR5R3Znb2RVRnVTclB0N0dLakxJNHM0aW5UcmxoOFg3SHhieVBRSmh3dUQ0S0NrMDE1QjJQUDcxQ2FpT1JiMS14SUtwaEZwcl9KMExHMDFSNnZYb05Mek44bUNPenZzVlhVWk1CV2l1RC1nSGlRNHNYNWNzSnBSWWxNTm5hcmNj0gHkAUFVX3lxTE43NVV1X2lNM3dfa1M1OUdrWWROMGJnTXZyanZCbUNzNkFWdm5PUExPdGRRdWpwc3FJSHdabDhvdF93ek14WllVdHVwWThLX0I5cXhoWERzbDNaWE83OVFxbXJEVy1CR3NLOXhQSmtzeUdfVDRVa1FuQmtzUnE3bUdfZlBBSkNPbGFZVTZEMUlMbDk0UHpqYVZSTVd3RURBb2V3X0xTOEx6bWVVcDBNR3lodWo3MHNMdVlnX0FreXlvcmlGcVBDX3I5ckZYOU91UEg4WFRNR1I1cWFCSnFQam05c3lhTA?oc=5,,,"Three Bear Attacks In Srinagar In 24 Hours Underscore Rising Human-Wildlife Conflict Cases In J&K
Locals in Khonmoh area of Srinagar are in panic due to three back to back attacks that has left three residents injured.
Srinagar: In an alarming incident marking the rising human-wildlife conflict cases, as many as three persons were mauled by a bear on the outskirts of Srinagar city of Jammu and Kashmir causing panic among the residents.
According to officials, a black bear attacked a woman Fatima, 57, wife of Muhammad Maqbool Wani near her house at Shah Mohalla of Khonmoh area of the city on Monday morning leaving her injured. After immediate first aid, Fatima was shifted to a nearby hospital for treatment.
Another incident on Monday morning took place in Sirhindi Colony of the same area where the same beast injured 30-year-old Muzaffar Ahmed Butt, son of Ghulam Hassan Butt. Butt is also undergoing treatment at the hospital.
Both these incidents took place a day after the bear attacked a local resident Ijaz Ahmed Butt, son of Abdul Rashid Butt person in the Shiv Dikri area of Khonmoh. He was injured in the attack, after which his family immediately shifted him to the hospital.
After the continuous attacks, the authorities have deployed teams of the Wildlife Department in the area. Officials said that they have taken notice of the incidents and are continuously monitoring the situation. An official of the Wildlife Department said that the bear has been located, adding it will be rescued soon.
Three attacks in less than 24 hours have increased the concerns of the people living in the area, where many houses are located near forest areas.
According to data compiled by the Jammu and Kashmir Wildlife Protection Department, more than 17,200 incidents of human-wildlife collisions were recorded from 2020 to July 2025. More than 100 people were killed and nearly 1,100 injured in these incidents.
The latest attacks in Khonmoh come about a month after a man was killed by a black bear while working in an orchard in Kulgam district of south Kashmir. Earlier in June, a casual labourer was also injured in a bear attack while on night duty at the Royal Springs Golf Course in Srinagar.
Read More:","success(trafilatura, resolved_via_decode, 2217 chars)"
"Himalayan black bear attacks couple, mauls woman to death as husband survives by climbing tree - Times Now",2020-11-21,,,Himalayan Black Bear,Human Death,0.0,0.0,1.0,A woman was killed in a bear attack; her husband escaped.,0.98,single_incident,,Times Now,https://news.google.com/rss/articles/CBMi6wFBVV95cUxQVDFEeFZSR1dLeGxlLW5zV3BwTy1rTUtFWnhYaERibjBQNG4zZFRybFZtUVg0a3hrVVZTSWZMdmJLM0lQcVMtOE9Gd3NENHB6N2N3N2ZBczd4OEx5NzM0cVVZdG5LUTNLRlB6aWdkRnlxWEVtNEJXUEdVZW1EU3lvUGxnQjdHWHo1VUNiWmFLRXFVRjd1SmVyZk92S3JGT1hFTi1QWGhERzlDTUljbm9leUp0V29HRUx6RVdlcFZKdm9QandLRW44V0VUR0pBSGZQOVNPbDZLMURobTZlSjNtUjB1UmlNc1h0aFRz?oc=5,,,"Dehradun: A woman from Uttarakhand's Chamoli district was mauled to death by a Himalayan black bear on Friday. While the woman lost her life to the man-animal conflict, her husband managed to save himself by climbing a tree.
The 47-year-old woman was identified as Maheshi Devi. On Friday, Devi and her husband went to a forest near their residence to cut grass for cattle fodder.
Woman mauled to death, husband climbs tree
When the residents of Vadhuk village were in the forest, they were attacked by a Himalayan black bear. The woman's husband climbed a tree and saved himself from the bear attack. Meanwhile, the woman was mauled to death by the bear.
Ashutosh Singh, divisional forest officer (DFO) Badrinath told Hindustan Times that compensation would be granted to the woman's family after the formalities are completed.
According to the forest official, the woman died on the spot. Singh added, ""With the onset of winters, bear attacks increase as bears come down from snowy higher reaches in search of food. This is one of the main causes of the surge in man-bear conflict here in winter months.""
Listed as a vulnerable species under the International Union for Conservation of Nature’s (IUCN) Red List of Threatened Species, the Himalayan black bear is found near the Himalayan meadows at an altitude of 10,000 to 12,000 feet. During the winters, the bears come down to 5,000 to 6,000 feet in search of food.","success(trafilatura, resolved_via_decode, 1419 chars)"
3 Injured in a Wild Boar Attack in Rajouri - Kashmir Observer,2025-11-18,Jammu & Kashmir,Rajouri,Wild Boar,Human Injury,0.0,3.0,0.0,A wild boar resulted in injuries to three individuals in Rajouri.,0.98,single_incident,,Kashmir Observer,https://news.google.com/rss/articles/CBMiigFBVV95cUxQUVpJTERWcXRMYWo3SFl0RGpmS3RKMjdzdzJ5bGVYZFp2SGNKdzlsdmdNcWJVWlZOVWpOaGJyWTZOUDctYzl5bE1wTDY1TGdINUJRbUxNT3lTcmVLNTF2blU4eUJJWEFuY1pRMUh6WERyUXJoUFpZeGNhcnhjVi05cVVGWTZDaWZpMkE?oc=5,,,"A wild boar – Picture credit: Anzar Khuroo & Ruquia Gulzar



Jammu- Three persons, including a couple, were injured in a boar attack near a forest in Jammu and Kashmir’s Rajouri district, officials said on Tuesday.

ADVERTISEMENT

Mohammad Mazhar (30), Afsana Kouser (25), and another person sustained injuries after being attacked by wild boars on Monday night in the Khabla area of Thanamandi tehsil, they said.

They were rushed to the hospital with multiple injuries to their head, arms, and legs, and are being treated, doctors said.","success(newspaper3k, resolved_via_decode, 539 chars)"
Over 500 lives lost in elephant attacks in past decade in U’khand - Garhwal Post,2025-11-07,Uttarakhand,,Asian Elephant,Human Death,0.0,0.0,500.0,Analysis on human fatalities over a decade due to elephant attacks.,0.98,aggregate_period_total,,Garhwal Post,https://news.google.com/rss/articles/CBMikgFBVV95cUxOcHpZck9aYlRRTmN1OEJ2RG9VUW1SajZCSjhxSXMwcUEwR3dTcTRIQnA4RmJCMVZpTkRubDZ1ZWxqQ0VMa3lKY0JjdnFBMG1uVFpSdlFNSGNITVlqMk1kb0o3T3NtMUFTR0RnYXpQTzhta2FkMWo5SmIxSVZVQV9QVm95dHliT3cxR1owcGJYQ0Vkdw?oc=5,,,"By Arun Pratap Singh
Garhwal Post Bureau
Dehradun, 6 Nov: With more than 500 people having lost their lives in elephant attacks over the past ten years, the Uttarakhand Forest Department is facing one of its most serious wildlife challenges to date. The growing frequency of human-elephant encounters, particularly in Haridwar district, has compelled the department to revive its earlier ‘Elephant Friend’ (Hathi Mitra) initiative. The move is being planned in view of mounting concerns over the increasing movement of elephants into human habitations and the consequent rise in conflict incidents.
The ‘Elephant Friend’ concept, first introduced several years ago, is being restructured to involve trained local volunteers, mainly former mahouts and other experienced and trained volunteers to act as the department’s first line of communication and response. These volunteers will be expected to monitor the movement of elephants in rural and semi-urban regions, alert forest officials promptly, and help guide elephants safely back to forested areas to prevent clashes.
According to PCCF, Wildlife, RK Mishra, changing elephant behaviour and shrinking natural habitats have necessitated greater vigilance and community involvement. He said the renewed initiative aims to ensure that those best acquainted with elephant habits, locals and mahouts, can assist in observation, early warning, and conflict mitigation. These ‘Elephant Friends’ will also spread awareness among villagers about elephant behaviour, migratory routes, and safety measures, helping to bridge the gap between the department and the community.
Experts attribute the rising conflict to expanding development in forested areas, disruption of natural corridors, and extreme weather events. As elephants find their traditional routes blocked by infrastructure such as highways, railways, and housing projects, they increasingly stray into human settlements and agricultural lands.
As per the statistics of the forest department, Uttarakhand’s elephant population has steadily increased, from around 1,839 in 2017 to about 2,026 in 2020, further intensifying the challenge. During this period, eleven elephant corridors were identified, many of which have since suffered fragmentation. In 2024, the state government declared these corridors as eco-sensitive zones to ensure safer passage for elephant herds.
Under the revived ‘Elephant Friend’ programme, local volunteers will be the Forest Department’s eyes and ears on the ground. They will be responsible for reporting elephant movement promptly and guiding herds away from danger zones. The department will also conduct training and awareness sessions to ensure that both elephants and humans remain safe during interactions. Mishra emphasised that these volunteers would act as ‘frontline responders’, assisting in guiding elephants, mitigating panic, and reducing loss of life on both sides.
The forest officials maintain that effective management of eco-sensitive zones, restoration of traditional elephant corridors, continuous monitoring, and sustained community participation are vital to addressing the growing crisis. They also admit a greater need for robust communication between the forest department and the local residents, along with periodic data gathering and awareness campaigns.
As per the department’s data, more than 500 human deaths due to elephant attacks have been recorded across Uttarakhand in the last decade. In turn, several elephants have also died, many from electrocution, road collisions, or poaching. The worst-affected districts are Haridwar, Nainital, Udham Singh Nagar, and Dehradun.","success(trafilatura, resolved_via_decode, 3642 chars)"
Elephant mauls watchman to death in Uttarakhand - The Times of India,2025-04-02,Uttarakhand,,Asian Elephant,Human Death,0.0,0.0,1.0,Elephant killed a watchman in Uttarakhand.,0.98,single_incident,,The Times of India,https://news.google.com/rss/articles/CBMiwAFBVV95cUxNbTc1ODVIbXo0dnhzbUFaQ1k5dVZWek54M241T2lUakVOcE1UbjE3M1JkLW50TU1ySW1uX05teURVWlJ6TlRZRFc4Vi1JeG0yczZZMVl2QTd6LVhkdTRNZmFPT0dEblM1RnloYW9vc2ZuLTN5XzhiNXhjM0kwQWJYcjVnQkxEblRJblB5Vmt3bzdXdk5zM1JtX0h2Q291VkxXS1JNT3JfOEJrSkRCcWRuQjhlbWFNUFdDQl95VXZXY0PSAcYBQVVfeXFMT3pSbm5kUW9xYWY0OW8wYml5WnJKemQ1T2ZTYkpKQWJvaHRQRmFPaGhYY29uWTI5Vl91NGJjZHlzNEtoRlIxTFNvbDB3czRHa3NIREoxZ2UwOUVfUmVWN3hMYUcyMzVnOVF4bEJPVHRPcWhlLUtraTR6TDAwal91eGdBa21OLUdPQTA2NFBPWDRGanhzZU9KWjBWNmtORmtpb0V2bzJGTVhQdDktdDYxekhMV1RKQ1FjUXNTUTZCQkYxQ3BYQUhB?oc=5,,,"RUDRAPUR: A 60-year-old watchman was crushed to death by an elephant in the Pipalparao range of the Terai forest on Monday. Kashmir Singh was a resident of Bazpur, US Nagar district, and worked as a watchman in compartment number 24 along with his sons, Binder and Gurjinder. 
According to the family, the incident occurred when Singh went into the forest, about 400m from his hut, to relieve himself. Suddenly, a wild elephant attacked him, resulting in fatal injuries. When he did not return for a long time, his sons searched for him and found his body in the jungle. Police have sent the body for a postmortem. 
DFO UC Tiwari assured the family they would receive financial assistance. ""After the postmortem report, compensation will be provided to the victim's family as per the norms,"" he said. 
Singh's sons, Binder and Gurjinder, said their family, which includes their mother and both brothers' wives, had been working as watchmen in different forest areas, including Bareilly, before shifting to Pipalparao nine months ago.
Forest officials have urged villagers to exercise caution, especially during ongoing elephant mating season, when male elephants become more aggressive. DFO Tiwari said, ""People should make loud noises when they encounter wild animals, as this often diverts their attention and prevents attacks."" 
Frequent human fatalities due to elephant attacks have been reported in Terai forests, especially among those venturing inside for fodder collection or other needs. The 2020 census recorded 127 elephants in the five forest divisions of the Western Circle, with cross-border movement from Nepal adding to human-elephant conflicts.","success(trafilatura, resolved_via_decode, 1661 chars)"
"293 people killed in tiger attacks, 2,657 in elephant attacks in last four years: Govt - orissapost.com",2023-12-07,,,Tiger,Human Death,0.0,0.0,293.0,Cumulative casualties from tiger attacks reported.,0.95,aggregate_period_total,,orissapost.com,https://news.google.com/rss/articles/CBMisAFBVV95cUxNM3kxS251enB5RERudm5IY1d0a040UW4tUTdMa2lZQXFITk9TRlNuYkRPSlJuVjVGN2R4WTVOYXh6d0NHai1Od1RXSDRQZWgxWXNRY3pEdHlGWnNVZVBNbjE4SDJpVVRmR0czRUcyaFdib2pzbFN6RWVWLVdYM0xKM0FYX3Q3M2NQdUtZZ0F3NjNFcl9ralFqV0dLVHFfZFFBLXhwbDVXTXZodk9uVmtqMNIBsAFBVV95cUxNM3kxS251enB5RERudm5IY1d0a040UW4tUTdMa2lZQXFITk9TRlNuYkRPSlJuVjVGN2R4WTVOYXh6d0NHai1Od1RXSDRQZWgxWXNRY3pEdHlGWnNVZVBNbjE4SDJpVVRmR0czRUcyaFdib2pzbFN6RWVWLVdYM0xKM0FYX3Q3M2NQdUtZZ0F3NjNFcl9ralFqV0dLVHFfZFFBLXhwbDVXTXZodk9uVmtqMA?oc=5,,,"New Delhi: As many as 293 people lost their lives in tiger attacks between 2018-2022 and 2,657 died in elephant attacks between 2018-19 and 2022-23, the government told the Rajya Sabha Thursday.
Union Minister of State for Environment Ashwini Kumar Choubey shared the data in a written reply in the Upper House.
He said 31 people died in tiger attacks in 2018, 49 in 2019, 51 in 2020, 59 in 2021 and 103 in 2022.
Meanwhile, the number of human deaths in elephant attacks stood at 457 in 2018-19, 586 in 2019-20, 464 in 2020-21 and 545 in 2021-22.
“Incidences of wild animal attacks have been reported from various parts of the country due to several reasons which inter alia include degradation of the habitat, depletion of the natural prey base, increase in population of wild animals due to sustained protection efforts and changing crop patterns, etc.,” Choubey said.
Spelling out the measures taken to reduce human-animal conflicts, he said species-specific guidelines were released by the Environment Ministry in March 2023 for mitigation of conflict between humans and elephants, gaurs, leopards, snakes, crocodiles, rhesus macaques, wild pigs, bears, blue bulls and blackbucks.
Guidelines were also issued for cross-cutting issues such as occupational health and safety in the context of human-wildlife conflict mitigation, crowd management in human-wildlife conflict-related situations, and addressing health emergencies and potential health risks arising out of human-wildlife conflict situations.
Choubey said the Centre provides financial assistance to state and union territory governments under the centrally sponsored schemes — Development of Wildlife Habitats, Project Tiger, and Project Elephant — for management of wildlife and its habitat in the country.
The activities supported under the schemes include construction of physical barriers such as barbed wire fences, solar-powered electric fences, bio-fencing using cactus and boundary walls, etc. To prevent the entry of wild animals into crop fields.
PTI","success(trafilatura, resolved_via_decode, 2025 chars)"
"Elephants Bear the Brunt in Escalating Human-Wildlife Conflicts: Over 600 Human Deaths, 336 Elephant Fatalities in 2024 - Kashmir Life",2024-12-19,,,Asian Elephant,Human Death,0.0,0.0,600.0,Cumulative human deaths from wildlife conflicts reported in 2024.,0.95,aggregate_period_total,,Kashmir Life,https://news.google.com/rss/articles/CBMi4wFBVV95cUxOUkJ5Wk80OGYtY1NrQTRnZFNtLUVSQzE2QWRYRTdlZzI0TFU1TzlHWGEzcE5zdFdCSGtlenJHTDlCTTdaYk9BeXhabFV2alk5NG1ZUnE4T0I4UWllRWtlZmdCNkUzdWZMY3V2NW5rbjQ4TVRVYk53ZXQyaEhBRmJ2RXZvNlRVZG40SzFPcmtVQlo2SnZfT3c1aG9kQjQ5Sjh5X09YbVVLUXM2ZFU1WjNheU9lU3FRaktUOGVsSk0zWDNURjMwS0lDWjYwMDVKeVlrUi1mRXR6Vy1tamdaaUp1RGkwaw?oc=5,,,"SRINAGAR: The human-wildlife conflict in India has tragically claimed over 600 human lives in the past three years, highlighting the deadly reality of this ongoing issue. Between 2021 and 2024, a total of 295 human fatalities resulted from attacks by tigers, while 628 human deaths occurred due to encounters with elephants.

These fatalities underscore the dangers faced by communities living near wildlife habitats, where increasing human encroachment and dwindling animal territories have led to deadly encounters. Particularly vulnerable are the farmers, villagers, and workers who live on the fringes of forests and wildlife corridors, where the risk of conflict with large animals, especially elephants and tigers, is ever-present.

On the flip side, the animals themselves are also suffering. Elephants and tigers are among the major victims of these conflicts. A total of 336 elephant deaths have been recorded due to factors such as train accidents, electrocution, poaching, and poisoning from 2021 to 2024. Elephants, often forced into conflict due to shrinking habitats, are the major victims of this deadly trend. A total of 336 elephant deaths were reported from 2021 to 2024, caused by train accidents (47 deaths), electrocution (251 deaths), poaching (27 deaths), and poisoning (11 deaths). The increasing frequency of these tragic incidents underscores the urgent need for more effective conservation measures.

Tigers have also suffered heavy losses, with 370 tiger deaths reported during the same period. Of these, 295 human deaths resulted from tiger attacks, highlighting the significant threat posed to communities living near tiger habitats. Poaching, unnatural causes, and seizures contributed an additional 75 tiger fatalities. The ongoing human-wildlife conflict in India has seen a worrying escalation, with over 600 human fatalities recorded in elephant-related incidents in the past three years. Elephants, who are frequently forced into conflict with human populations due to habitat loss, have paid a heavy price, with a staggering 336 elephant deaths reported due to a combination of train accidents, electrocution, poaching, and poisoning.

According to official government data, which was shared in Rajya Sabha during question hour, the number of human deaths due to elephant attacks has been rising, with states like Assam, Odisha, and Jharkhand leading the toll. In 2021 alone, 63 human deaths occurred in Assam, a number that remained high at 80 in 2022 and 74 in 2023. These figures were mirrored by the loss of elephant lives, especially in states like Assam, Odisha, and Kerala, where fatalities from human-wildlife conflict are common.

Elephants are the major victims of this rising conflict, with 47 deaths reported due to train accidents over the last three years. Electrocution has proven to be another deadly hazard, claiming the lives of 251 elephants since 2021. Poaching and poisoning have further compounded the crisis, with 27 elephants killed by poachers and 11 poisoned over the past three years.

While the government has implemented measures to reduce these conflicts, including the creation of protected areas, animal-proof fencing, and technological interventions like tracking systems and rapid response teams, the measures have yet to effectively address the root causes of the conflicts. The increasing fatalities on both sides—humans and elephants—underscore the urgent need for more comprehensive solutions that balance wildlife conservation with the safety of affected communities.

In addition to these tragic fatalities, the ongoing loss of habitat and the encroachment of human settlements into wildlife territories continue to fuel these deadly encounters. Despite governmental efforts to mitigate the situation, including the issuance of guidelines and the deployment of advanced technologies, the toll on elephants remains devastating, making them the primary victims of the ongoing human-wildlife conflict.","success(newspaper3k, resolved_via_decode, 3975 chars)"
Minor Girl Injured In Jackal Attack In J&K’s Poonch - Kashmir Observer,2025-04-19,Jammu & Kashmir,,Rhesus Macaque,Human Injury,0.0,1.0,0.0,A minor girl was injured in a jackal attack.,0.95,single_incident,,Kashmir Observer,https://news.google.com/rss/articles/CBMikwFBVV95cUxPSjNzVDM0SlpkRXo5Sk9RMkFPbzdnUERhUl8wNUk2WFNNeUxFRXZyVXM1SkRRQzdQWlkxTnNZbnkwQ3hxMEdyaUY2WU4wdGRHUm5yZkhOdVFHT0hBaFpjc0lBUWF0OW9BX05fdTBJTjJldnFCS2RIWVY3ZnZHRm1Md1VoNnpSMUw0Nk8tbnpHMEU5Vkk?oc=5,,,"File photo

Srinagar- A 5-Year-Old girl was injured after a wild animal attacked her in Sawjian in Mandi area of Poonch district of Jammu and Kashmir on Saturday.

ADVERTISEMENT

Officials said that a girl aged 5, was injured after a Jackal attacked her on face at Sawjian, reported news agency GNS.

Family members and locals quickly rushed to her rescue, she was shifted to nearby hospital for treatment. She has been identified as Abroo (5) daughter of Mohd Sakinder resident of Gagrian.

A doctor at PHC Sawjian said that the minor girl received few stitches on her face in wild animal and has been discharged.

More details awaited.","success(newspaper3k, resolved_via_decode, 637 chars)"
Bear Attack Injures Man in North Kashmir - Kashmir Observer,2026-07-27,Jammu & Kashmir,,Asiatic Black Bear,Human Injury,0.0,1.0,0.0,A man was injured in a bear attack.,0.95,single_incident,,Kashmir Observer,https://news.google.com/rss/articles/CBMihwFBVV95cUxPcFNwUTNiQ0pJcTh3TzJjUUtRLUhUSVlFdGtHSGFQN19Xa1NJX2FxOUZoMHFqY2tyanFIbHdfNmR2RXlMUmYzQktyMlRNX3VZaXB4SXI4ZC1xaVdIeE4tNkp2NGo5M3lTaENYWjJTOFlyRnY1dldjUnF5dTBYbUxnS0ZaZjBzRkE?oc=5,,,"File Photo

Srinagar- A man was injured in a bear attack in the Boniyar area of North Kashmir’s Baramulla district on Sunday, officials said.

ADVERTISEMENT

The injured, identified as Mohammad Shareef Sheikh, a resident of Tirkanjan Kangdyal, was attacked by a bear in the Behak-Natiyan area, they said.

Army personnel stationed nearby rushed to the spot, provided first aid to the injured and assisted in evacuating him to the Primary Health Centre (PHC) Boniyar, officials said, as per news agency GNS.

After receiving initial treatment, Sheikh was referred to the Government Medical College (GMC), Baramulla, for specialised treatment, they added.

The incident has once again highlighted the growing instances of human-wildlife conflict in the region, with residents living near forest areas urged to remain vigilant.","success(newspaper3k, resolved_via_decode, 824 chars)"
"16 sheep killed, 17 injured in leopard attack in J&K’s Budgam - Punjab Kesari English",2026-09-10,Jammu & Kashmir,Budgam,Leopard,Livestock Attack,16.0,0.0,0.0,Leopard attack resulted in livestock losses.,0.98,single_incident,,Punjab Kesari English,https://news.google.com/rss/articles/CBMinwFBVV95cUxNVWt3YkdjSUFFOHRwYVFxb1VVWUFDTURyTlFfS2JVXzlNb1hDc196cWdLUmdfcTNJYTFBZ005Y0V5MzNRYTduaURyRzFDNlBweEJtalNuVzh1WjN4cFFGejE5clY3ejBvTGhUR2ZEYjBDUnVDMlZWVkROTWhsYzdUTG9zU0c3SkdVbHhpX3J4VEhHc1J4dGZjLXlja1IyNFXSAaQBQVVfeXFMT1NYMXNKaWRPbEMwWWI4ajRoMTNVRVdPMzAxZHp1OVA0UEVLV2tHQ2paOVBILUxwU3RzaXhYcUVNWXBZdk05Z0c0eTlPX1I5R25LUEhnYmI2WTQ1LVJOLUQ0WWdmTGFpbWVWSjR2akxOT3VpUUxMV1FUSWNPMjEzZHFZdGtXTGotX1I5NGU4UFNkZGM3UW42YkhMWkNCWnFmOEswUHU?oc=5,,,"Srinagar, Sep 10 (IANS) As many as 16 sheep were killed and 17 others injured in a purported leopard attack on a flock in J&K’s Budgam district early on Thursday.
The flock was attacked in the Chadoora area of Budgam during the intervening night of Wednesday and Thursday.
The owner of the flock, Imtiyaz Ahmad Chopan, told some reporters that a leopard had attacked his sheep, though the animal’s identity is yet to be confirmed.
He said the animal entered the livestock enclosure in Badipora village of Chadoora during the night and attacked the flock.
“We depend on livestock for our livelihood, and the incident has caused significant financial losses for us,” he said.
The flock owner appealed to the government and departments concerned to provide immediate assistance and compensation for the loss of livestock.
Meanwhile, locals also urged the Wildlife Department to inspect the site and take necessary measures to prevent further attacks in the area.
Wild predators like Asiatic black bears and leopards frequently enter human settlements in Jammu and Kashmir due to severe habitat loss, climate change, and dwindling food sources in the wild.
Between 2020 and mid-2025, Jammu and Kashmir recorded over 17,200 human-wildlife conflict incidents, resulting in more than 100 deaths and nearly 1,100 injuries. Asiatic black bears and leopards cause the majority of attacks, straying into villages, agricultural fields, and apple orchards.
The chief reasons for human-animal conflict in J&K are unplanned development, deforestation, and the conversion of buffer zones into residential areas or orchards, which shrink natural spaces.
Open garbage dumps, livestock, and abundant fruit in orchards near forest fringes attract predators repeatedly.
Irregular weather and shifting snowfall patterns reduce natural forage and water availability in higher elevations, forcing animals down into human habitations.
–IANS
sq/vd
(This content is sourced from a syndicated feed and is published as received. Punjab Kesari assumes no responsibility or liability for its accuracy, completeness, or content.)","success(trafilatura, resolved_via_decode, 2097 chars)"
"Missing Kashmiri girl, 4, found mauled to death by leopard in India - independent.co.uk",2021-06-04,Jammu & Kashmir,,Leopard,Human Death,0.0,0.0,1.0,A 4-year-old girl was found mauled to death by a leopard.,0.98,single_incident,,independent.co.uk,https://news.google.com/rss/articles/CBMikwFBVV95cUxOQXgzUjJNRDE4ck0tQ05DdHExeUlZQTVOczV6Ym5nMnZ3Nk9QbHRVaFZFQVhhTnR5V2ZxaHEyNFdJa3RZbkdSbUhVM3h2UTRVVmNXNmN2SHNWWnhDZnp2N3phZE5hYmVIbWJWenNfR2hUbEhCa01PcHdPdEMxamI3YWNUdEgtVFE1emZud3hibzJzalU?oc=5,,,"A four-year-old girl, who went missing from her house, was found mauled to death by a leopard in Budgam region in the federal Indian territory of Jammu and Kashmir.
The girl was playing in the lawn of her house in Ompora colony when she went missing on Thursday evening and family lodged a report at the local police station.
A police official told local reporters that the girl was taken away by the leopard and mauled to death. The rescue and search operation was carried out by wildlife officials and the local police.
Graphic visuals showed the body of the girl being carried out of a nearby nursery – a forested area – on Friday.
The crestfallen grandfather of the girl broke into tears as everyone gathered to pay their last respect as her body lay wrapped in a green shroud on the ground.
“She was our princess,” he said. “We repeatedly stressed to the government (about the wild animals). This is a very sorry state. I plead to the authorities that in the future the security of the locals should be ensured,” he said.
He said two leopards were spotted in the area but nothing was done.
The locals and family members continued their search through the night. They spotted blood marks in the area during the initial search.
The incident took place just five kilometres away from the border of Srinagar city, capital of Jammu and Kashmir.
The angered residents claimed leopards have been seen roaming in the residential area for quite some time and alleged no steps were taken by wildlife officials to ensure safety of the locals.
“We have been pleading with the wildlife officials for long to do something about it. This nursery has become so dense now and they need to take steps to ensure such gruesome incidents don’t take place”, India Today quoted Syed Khalid, a resident of the locality, as saying.
This is not the first incident of a fatal attack by a wild animal in the hilly state with thick forest cover. Several incidents have been reported of people being mauled to death by bears, leopards, and as well as the elusive snow leopard.
Last month, at least eight people were badly injured in a leopard attack in south Kashmir’s Kulgam district. The locals later killed the leopard.
In another incident this year in April, the body of a seven-year-old boy was found eight days after he went missing in the forests of Devsar in Kulgam, suspected to have been killed in a leopard attack.
According to official records, animal attacks are on rise in Jammu and Kashmir. Between 2014 and 2018, about 49 people were killed and 829 injured in such attacks.","success(trafilatura, resolved_via_decode, 2564 chars)"
"Missing 4-Year-Old Girl Found Dead, Reportedly Killed By Leopard - latintimes.com",2021-06-04,Jammu & Kashmir,,Leopard,Human Death,0.0,0.0,1.0,A 4-year-old girl was reportedly killed by a leopard.,0.98,single_incident,,latintimes.com,https://news.google.com/rss/articles/CBMimgFBVV95cUxPcHB5dFhFbE5ZX1J2bkd5cV82T0hZeDhmSHZpX1QyUWFiVkpEWndBUEtOVjhpc043aDBQUjlVTWRxWDJ6RVQ2ZUJobnF5R3RYR25zeXZ1NjhvZFJYV3B2eVQ4YTBzX0tsajI2b1JoLXNQSHg1bWFnWlh0TUtRY3YxQng5NnRORmpod2Vlc1l6dWF1ZkFwWGZsOXJR?oc=5,,,"A girl who went missing from her house in Ompora colony was found dead and believed to have been mauled to death by a leopard in Budgam region in the federal Indian territory of Jammu and Kashmir. She was last seen playing by the lawn of their home before she disappeared on Thursday. A missing person report was found with the local police thereafter.

According to the police, the girl was taken away by a leopard and then mauled to death. She was found after a rescue and search operation was carried out by them and wildlife officials. When they found her lifeless body, photos show officials carrying out the girl out of a nearby nursery in a forested area.

The girl’s grandfather broke into tears when he saw the body of the girl wrapped in a green shroud on the ground as loved ones paid their last respects.

She was our princess, says the grieving grandfather of a little girl who was mauled by a leopard in Ompora budgam. pic.twitter.com/xh7J2zGsqC — Basit Zargar (باسط) (@basiitzargar) June 4, 2021

“She was our princess,” he said. “We repeatedly stressed to the government (about the wild animals). This is a very sorry state. I plead to the authorities that in the future the security of the locals should be ensured.”

People who carried out the search had already found blood stains in the area. The incident took place five kilometers away from the border of Srinagar city, capital of Jammu and Kashmir.

Locals claim that leopards were spotted roaming around the area but wild life officials hardly took steps to address the safety of civilians.

“We have been pleading with the wildlife officials for long to do something about it. This nursery has become so dense now and they need to take steps to ensure such gruesome incidents don’t take place”, Syed Khalid, a resident of the locality, stated.

The girl’s death caused by wild animals is not the first incident in the area. There have been several other incidents that happened before that, reports of being mauled by bears, leopards and a snow leopard.

Just last month, eight people were injured in a leopard attack in the south Kashmir’s Kulgam district. It was later killed by the locals.","success(newspaper3k, resolved_via_decode, 2167 chars)"
Leopard Killed After Killing Nine Sheep - Kashmir Life,2021-01-06,Jammu & Kashmir,,Leopard,Retaliation Against Wildlife,9.0,0.0,0.0,A leopard was killed after reportedly killing nine sheep.,0.98,single_incident,,Kashmir Life,https://news.google.com/rss/articles/CBMie0FVX3lxTFBidDU5cDVQT2ZqQTQwVmRoelZrWUJaQ2N2RkVzZ2duNUNFRmkySThIRjZtbjkxX05WWVdPRTZtSzJIUjg3SUp1eFUtaW9KWXg0djJMMlNYM1JvVzVmbHI4NVdpdlZyM1ZJR3pnQUxTWk1NMGJ1VkZTaFZvRQ?oc=5,,,"SRINAGAR: A leopard was killed by locals after it mauled nine sheep to death in Shopian village on Tuesday late night.

Locals told the news agency KNO that a leopard killed nine sheep belonging to Ghulam Mohammad Mir of Oudur village in Trenz belt of Shopian district.

The locals subsequently attacked amd killed the leopard at cowshed, they said.

Wildlife Warden Division Shopian Suhail Intesar while confirming the incident said that a leopard has been killed in retialation by locals after it killed nine sheep.

He added that a team has been deputed to the area to investigate the matter.","success(newspaper3k, resolved_via_decode, 595 chars)"
Leopard mauls child in Budgam - The Hindu,2021-06-04,Jammu & Kashmir,,Leopard,Human Injury,0.0,1.0,0.0,A child was mauled by a leopard in Budgam.,0.98,single_incident,,The Hindu,https://news.google.com/rss/articles/CBMiowFBVV95cUxOWnVlQ3VnVE9QZGMyS0ZRSEU3akx4QjFhVWxzcXpVSmtlVFlqTEkxbEY0LTZaMFJCRVZXZXRJZGdEd2hSRXhsUUd3V3FFNG15SmZUQWgzUy13V3FTY3FVekVWempMMkpvX0l5bzQzdFRjVGR4enZGWHJ0c3dOd3F0MDZEV3dmSGI0UXk3OHRPRl9tbVMyVENianBLUUtWYzNaMXJ30gGqAUFVX3lxTE5zOXI5RUY3MXB2ZG5JQW94Rk1Ub3ZXbjJNUVlMa2hYSi1wc0VmdWMyTG9kU0NpR0xLNjBvQy0wTzB6Q2lpUWpvQ1VlaGlyMzhFSXpqNFRFRVdVUVIzYU5RYnN2X0hnWnRiTzdQZ0p2QkRyTEQwOXVja2lFejlCOE4yNzlDYld2RkNzLXZkSG0ydmg1YVRrd2EtUjNrZWw0TS1ldFNaLXJJbkF3?oc=5,,,"A four-year-old girl child’s death in an urban pocket, after a leap of leopards mauled and mutilated her body for several hours in central Kashmir’s Budgam, on Friday evoked protests from locals and political parties against the Jammu & Kashmir administration.
The mutilated body of Aadha Yasir Mir, who had been missing since Thursday evening, was recovered after a frantic all-night search on Friday in a nursery in near the Housing Colony, Ompora, Budgam.
A police spokesperson said the girl was attacked and carried away by a leopard on Thursday evening. “The police acted swiftly and we sent one of our best sniffer canines, Silas, and two of our best handlers, Rouf and Shafi, to the rescue,” the spokesperson said.
As the girl could not be found till late in the night, the search was also joined by personnel of other security agencies, including a team from the State Disaster Response Force.
Locals alleged that the administration was aware of the presence of a leap of leopards in the area but “did not act swiftly”.
“She was my princess. This incident has inflicted a wound that will never ever heal. The administration needs to be made aware and alert so that no other father loses his child in this manner,” the grieving father said during funeral prayers.
National Conference leader and former minister Ruhullah Mehdi accused the J&K administration of “criminal negligence”. “Incidents involving same wild animals occurred multiple times in recent months in areas close to the Deputy Commissioner’s office, as [close as] 500 metres to 1 km. This time, this innocent little soul had to pay with her life,” Mr. Mehdi said.
The incident has put a spotlight on the growing human-animal conflict in Kashmir.
According to official figures, Kashmir sees a rise in human-animal conflict during winters, when wild animals find it hard to find prey in upper reaches of the Valley. At least 228 persons have been left dead and 3,350 injured in the last 14 years in such incidents.
Survey on leopard attacks
After interviewing the families of over 200 victims, a study sponsored by the J&K Wildlife Department, titled “Predator Alert” found that 52% of all leopard attacks in Kashmir occurred close to habitations.
“Leopard attacks are higher in concentration in the Kupwara, Handawara areas (north Kashmir) with some dispersed in Khrew-Khonmoh and Shangus areas also,” it warned.
The majority of victims are either less than 7 years old or school-going children (8-18 years), the study found. “[In] 30% of leopard incidents, the victim had been selected out of groups of four or more people,” the report said.
It suggested that such incidents may be pre-empted by collecting, evaluating and processing relevant information rapidly.
“Participation from local communities (paid/voluntary) should be sought. This would ensure a constant stream of information from local communities so that no information is missing from the decision-making process,” the study had suggested.
According to the study, surveyors found a seasonal pattern in attacks by wild animals, with bear attacks occurring more in autumn, coinciding with the fruit ripening season, while leopard attacks were more common in the winter-spring seasons. “Most attacks occurred in daylight hours,” it warned.
Published - June 04, 2021 05:14 pm IST","success(trafilatura, resolved_via_decode, 3312 chars)"
4-Year-Old Girl Killed By Leopard In Jammu And Kashmir - NDTV,2021-06-05,Jammu & Kashmir,,Leopard,Human Death,0.0,0.0,1.0,A 4-year-old girl was killed by a leopard.,0.98,single_incident,,NDTV,https://news.google.com/rss/articles/CBMimgFBVV95cUxPekVOdWlfblBGTXFTa2d3WDRUZ2x0VnN5RU5zeHpaVTVaSHJMeDUtbDl6WGpLTGxCU3V4NmpRaDFOR09RVU9iZW9tR1NSLUhacWhrY0tnTWlkX3ZVSmk3NlphcEFvekFabkhwUDN0U2c1b2hEOXFQTjhUX2tSTzNtV0txc3BBOWp5ZTFoRjVaem9CQkdjb0I3TExn?oc=5,,,,extraction_failed(page_fetch_failed after resolved_via_decode)
"Leopard that killed a 4-year old girl in Jammu and Kashmir’s Budgam, caught | India News - Hindustan Times",2021-06-15,Jammu & Kashmir,,Leopard,Retaliation Against Wildlife,0.0,0.0,0.0,The leopard that killed a 4-year-old girl was caught.,0.98,single_incident,,Hindustan Times,https://news.google.com/rss/articles/CBMi0wFBVV95cUxPWEJOTkVoU0k3SENEdG5IWk45M1pzQlp4X2F5eWQ0dklIbHRrS2loSEtVTTkyOVplbklnN0ZfU3dKNWR5VkYzbXpmT1lYdjVMV2laTk9GM2NPaWNYcDFCREVhMEZlcXFZZ1lrMzV3cENOTi1KOE9aRldVVWJuOUpNMzl4OEd2Q0p4Q05hbFZkS0pMaDdRamRjMHNzWEMxQktRcUpBLU1JUkR6bHNYNk9pVmFqWHFFdkQwN2RYTFJmRGp4SFZENGZub2gzSEZPM3dQUEEw0gHYAUFVX3lxTFB0YUs0eFoyVHhtdFYtdFY0RTY2TEFfYnJpckUwWVpCQjBnekphMWxsNk5EUXJ3R3REdFdPREk2Mkx0dTAzVDY4VUNQOU8tSzlnTjdHbkFFbnppYXRfOTN4MUt5dzlBSFo3elBEcGxydjFuTEF5eVA0YXNvcHJLb1hBbV85aEkwSE5nZkdDNTg2UmllY21rN095Y2VMd0tCZ2JieTZSMHBGbFZjSUZtUG5UMUt2TzZqR1ViZ0cxd1VDY2w0dzk3Rk4xN0FSMWpJcnoyTFFwNEdNZA?oc=5,,,"Leopard that killed a 4-year old girl in Jammu and Kashmir’s Budgam, caught
The leopard dragged the four-year-old girl away when she was playing on the lawn of her house at Ompora village on June 3.
Jammu and Kashmir administration announced on Tuesday that the leopard responsible for killing a 4 year old girl, named Ada, in Budgam district on June 4 has been captured following a massive operation.
""Finally, the leopard involved in man-animal conflict is trapped by the joint team led by [the] wildlife department. Being rescued to safety. Though [the leopard’s] identity will be ascertained scientifically. Advisories may still be followed. Cats are still out there. Results of tinkering with their habitats,"" Budgam deputy commissioner Shabaz Mirza tweeted on Tuesday morning.
The leopard dragged the four-year-old girl away on June 3, when she was playing on the lawn of her house at Ompora village. Her mutilated body was recovered in the forest nursery about one kilometre from her house the next day.
According to official records, 196 people have been killed and 2,325 injured since 2011 in attacks by wild animals in Jammu and Kashmir. Kashmir has accounted for 118 deaths and 1,877 injuries, while 78 deaths and 448 injuries have been recorded in the Jammu region.
Forest officials said two leopards have recently been trapped but more than four are still roaming in the area, where the last incident took place. Local residents and politicians blamed the wildlife department saying it ignored their complaints about the increased citing of the animal in the area, leading to the incident.
“...Incidents involving the same wild animal occurred multiple times in the recent months in areas as close to [the] DC’s (District Collector) office. People then were lucky, but this time this innocent little soul had to pay with her life,” former minister and MLA Ruhullah Medhi said after the girl’s death
People in the district fear similar attacks and since the last few days, the wildlife department has received numerous calls claiming leopards were spotted in the area. The past many years have seen a rise in the incidents of man animal conflicts. Wildlife experts have attributed it to the shrinking of forest cover in Jammu and Kashmir.","success(trafilatura, resolved_via_decode, 2250 chars)"
Man Injured In Leopard Attack - Kashmir Observer,2023-07-03,Jammu & Kashmir,,Leopard,Human Injury,0.0,1.0,0.0,A man was injured in a leopard attack.,0.98,single_incident,,Kashmir Observer,https://news.google.com/rss/articles/CBMie0FVX3lxTE9fS1NTQUtHcXNPZzRCakc4Z29WMFRtNExhT2xSNlo4b3dIa1FrVWVWTF9oTFhZU3FuMXRsY2t4c25jOXZzT1F5SF9TdGVWR2hWUENKdWRuQy1FZkRmcEg1aUVJV0Jfa2REdElFWC0xNGFqdWh3WGctS2VLMA?oc=5,,,"Srinagar- A man was attacked and injured on Monday by a leopard in Central Kashmir Budgam district.

ADVERTISEMENT

Mohammad Sadiq Kumar was in an orchard in his native Banderpora village of Khansahib when a leopard appeared there and attacked him, reports said. Kumar, raised an alarm following which other villagers came to his rescue.

Kumar, reports said, sustained injuries in the surprise beat attack. He was removed to Srinagar’s SMHS hospital for treatment.","success(newspaper3k, resolved_via_decode, 465 chars)"
Six-year-old girl injured after Leopard enters house in Shopian - Free Press Kashmir,2026-07-23,Jammu & Kashmir,,Leopard,Human Injury,0.0,1.0,0.0,A six-year-old girl was injured after a leopard entered her house.,0.98,single_incident,,Free Press Kashmir,https://news.google.com/rss/articles/CBMiqAFBVV95cUxPWUNOV1VqVy01UWh2QjdNczdabm5zN1dhVkZ5b2FCQ3ozeDQtWmpKT1VYcGtkN1dYcUR6WXVQejhkMnNsTml4NXpFSTNMYWlqcjRHVW5rTnZVTE54UVZ5MUxtdG5tWWxrdzcwSFQ2TlFZQkM4YTNHeGE1SDJZd3VkMGItR3l5R3h1cnZlUXZOZDZaNXhRTXNONi1OOXRTRzhiS3RIdzJyN2fSAa4BQVVfeXFMTWo5aWI3WHN6RXlCcHhTRVJ3MV9salRqT21uUnhQbDQtSWlMVW03cjNWQzdlYmRCVVFmZmdrWVNEVmFJOUlSQ052ZnZjelFwUkozVGVyRXcydXFXUDFwOU1hNjFOdlhaRjkzekp1eVE3bkpDMllMcGJYdzhnN0pXQV9KLVRrQm1Qc0VUenU4dTBmT1NQVVNaczJ3d0JUZ1lvNUlBVHBiMHR3LVNCUU1B?oc=5,,,"Shopian: A six-year-old girl was injured after a leopard entered a residential house in the forest area of Laitri Wali Behak in the Keller area of south Kashmir’s Shopian district on Thursday.
An official said that the leopard entered the residential house in Keller and attacked the minor girl, leaving her injured.
He said the injured girl was immediately shifted to the district hospital Shopian for treatment, where she is undergoing medical care.
The girl was later identified as Aafia Jan, 6, daughter of Farooq Ahmad Tedwa, a resident of Zrakan Shalidar, Keller in Shopian.
Meanwhile, police have taken cognisance of the incident and initiated an investigation. (KNO)","success(trafilatura, resolved_via_decode, 674 chars)"
Leopard Mauls 5-Year-Old Girl To Death In J&K's Anantnag - NDTV,2025-12-18,Jammu & Kashmir,Anantnag,Leopard,Human Death,0.0,0.0,1.0,A leopard mauled a 5-year-old girl to death in Anantnag.,0.98,single_incident,,NDTV,https://news.google.com/rss/articles/CBMimwFBVV95cUxPSUdmVy1uYmFsVUVJeVdFTWphRHNRb3VJYnltc0toTDNrbDlYMk01dnpxT0JYeDg0NGowYjU2aWxOYzIxNTJGZkNLeVR6eGtyby1VNVNoQVFvaVFsZHEwYUQ3V00xSTJlaDF5bTVqTWE4dGs5UTVPdjM0VW4zYTFUdGtyUXJ1X3hFdWlmVVVhVmV5Z1NZMGJlZ01QUdIBowFBVV95cUxORjFKU0tYLXV6b2NzODdwT2M3bUFGSzFWbk9IZ29PM0VJS09VQlpVNEJLcE9UMWRwVGc1ZzM0alQtbDVvY1V4blQzUV9laC1uT3R1RExxMlVhZkk5aXVpS0VHbG1oa1NWMkJjTW9YcWszQ2NwdEZHSVE1MGpWUUJEX0FtWGt0VWpZNEhnYXJUQTRxWnZWT184QjhTN05odkN0TlZj?oc=5,,,,extraction_failed(page_fetch_failed after resolved_via_decode)
Leopard Kills 5-Year-Old Girl At Brother's Birthday Party Near Srinagar - NDTV,2021-06-06,Jammu & Kashmir,,Leopard,Human Death,0.0,0.0,1.0,A leopard killed a 5-year-old girl during a birthday party near Srinagar.,0.98,single_incident,,NDTV,https://news.google.com/rss/articles/CBMirwFBVV95cUxPM0F2T01WR0NxNmFqWWRHSE0wdEF2QmJkUjZ4S2lrQmdhX0dfVVhROUZyb1NfVHFZMEdXbWhoY2h6dWVENTVxcXpOajYxdVZrbFJ2NU1ONDd3S3pNSXlEamw5eEctbGotRzI3NU5pRTVZTHhwVmFwdXZPbTU1Mjl2aHU2UXNBV3kwS0VCb1daU3A0MDllOWZEMUpjanRHdG1YRW5WZWV1QW84ZFBDY0sw?oc=5,,,,extraction_failed(page_fetch_failed after resolved_via_decode)
CRPF Jawan Injured in Leopard Attack at South Kashmir Camp - Kashmir Observer,2025-12-24,Jammu & Kashmir,,Leopard,Human Injury,0.0,1.0,0.0,A CRPF jawan was injured in a leopard attack at a camp in South Kashmir.,0.98,single_incident,,Kashmir Observer,https://news.google.com/rss/articles/CBMiowFBVV95cUxNc0R3R3hNSDV6aU1kU19scGhoX2RXYjIzSjhUM0Q5bmlVSXVLNmhRRURDRHk3MkpWT2ZkT1lIZFR4bFVPUnFqMDNYOUhFRnZqdjI2WXRuRmlXRE5NcHRQNFk0MnRBbUVLV2FTRHN0X016QloyU0hFUTcxQ1QwMnlqNzAwTGxraWxzN0dIZUlTRmJzVW5BamlUcmxCd19JVFlJUWxn?oc=5,,,"Representational Photo

Srinagar- A CRPF jawan was injured after a leopard attacked him at a camp of the paramilitary force in Jammu and Kashmir’s Anantnag district on Wednesday, officials said.

ADVERTISEMENT

The leopard strayed into the CRPF camp in Kapran area of Verinag in south Kashmir while personnel were having breakfast in the mess, they said.

The animal attacked one jawan before fleeing into the nearby forest, the officials said.

The injured jawan was rushed to a nearby hospital, where he is undergoing treatment, they added.","success(newspaper3k, resolved_via_decode, 542 chars)"
Six Injured In Leopard Attack In Central Kashmir’s Budgam - Kashmir Observer,2024-05-15,Jammu & Kashmir,Budgam,Leopard,Human Injury,0.0,6.0,0.0,Six people were injured in a leopard attack in Budgam.,0.98,single_incident,,Kashmir Observer,https://news.google.com/rss/articles/CBMinAFBVV95cUxOSVNaUXFjblczZFA4YlIxQWhBZXlrd1o0bDFPUVFFWkZCc3IzelpmWXFqM0hOQlh6MHNROUpaZWpSYWkwVVhjM3Z2WC1odjcwWnh5MmdZY3FLUm8wc1NVOXRxZXRfaWwyd1U2TE1Ud25OQV90aXFxVDZIZzlWU3J1V2NKMHFESUIzckhhbmcwTTIxQVQ0bFNSRkFUYi0?oc=5,,,"(�/�X��:g�F Gf�|0�A`>�����uZ�
]��Xx�Ə�b
uUe�Js�����odk�m,{�7{1U`�	�	
U��:�*W'RV
�(L�4uK�v6��TPS�csm�'[��'R:��j5����l��j�O4��6q$�D���m8�q�#��5�+FO�c�K�������;�j�Ik=n|�����7A20l8׳q��:��?�cc�=&T����Z;���K�rOKD�p��l�R�
�
�P�v�Bǁ7��`ǖ8S�
��n�
�R������B�,��߂ޤ��v`,q+�q(�	��?��`	��y'w""e7o}�c�8�d�XG��s��``���H
rrA�$""`@Џg���P3�C9.��n�+���=�#ˎ;2w<��/��d�Y�;ڱ=��~���ad����8w�k�$e�ވ��}1����""��'��k2�&�M2���(Q��@��#�g*'�fk�q�R���Ag����V��A�$��َm����ȷ�ch���i�)ˏ��#e;�&R�)��r��ϡ�I/��~6΅\������F���/c.?��v]�q6�]�g.��l�dg��!�Ϧn��qn� Ξ8�#�ق��І���?i��l�g�5�a���0����o�@E����Pw�����F��w�����V.��\�ַ+���A�CJey�U���n���1X1��8o������8�}
�
���O�d/������bP��S*E�*n�ʙ�$QPβ��p�{�o�ZC����ޮL�S�#����2�&���h�]>ۑ��Cx
e��e���q��l$�`g��l�}CY�8{B�`��vpu�`G�=7��7����x�_PThB�l�q�td<á$��p}�s���l��V�9&<�~�cg';١��v����cM>2���WN�8�q��GW�,+T�Yfmx]�H
�qGN�vl�.� )�L;���/?�a!�)��g>��n����	ű�㷐~����0�ְ���=���-ٛ��~P��L��34,w�w�12���{(�	���,X�'�V)�""c�_��89����C""!Ȝ�uX[�xoo�B�?4�'5���Ug�&�̟�x�vV
2�fN�����q�s�5���!�q88u;�+����gB�H��*�z+�8�1+Tp䇷��:86ֆWb��*�O*~�w]��g��p�7�y���B�p��0)�8������o�m!�rB�7�+f`p�vdۑe$��d`�&Ź������:;�`;H��v���8����U�}�q��""�z��8�r~�����p82Ɩ���$�s3���_ ��~���~�@����Avq� ��
�}�8��{30��I��k��ȭKG��[W	J�����8���g���{2!��R��
��6��8��ݭ��~�����2�ժ�
P�Q�����f)Ҋ/�=���2x;2��B���,C`mx\u,�w�ow�-�ϔU
��e�����;��?��8��:��e�wh��ݚ��&(.����^��C���]��x�:o����	�	�~��24�H�\�on��P����p�(�����:(�]�����2����Ol��з��x�<<��H�o��A�V)��1�[W	��f�a�5�����
�g�H����y��c�~���Ů�c*T���@�l ���n���P!��u���}���F�e�4q���ٍۧ�/���N����{6N��6�}��=�""�����B��=����}��!��A����+і�
2����0� Mp��bM:���14
�������A����5l;�
��>�0����DWog�_&2��&{֪���F�
���VLC����<3������В��h��w��&����f�$����-;��
��U��JrI$I""I�i¸�yIӢ$�n}OW���D�""�tm���I:0��)�(��4ul�0� �B��o�F��s���9o�3SutM�%E%Q6�ǽռu�q�1�5�u~0f���^��=��o�#}k�FԎ��g��o�o�UD����������)E��Z~W�yG�Q#�H Z���C�Qc�+�f�K���0�F�L���ʷ[�ٷ��2�����4%�A�^�]v+�|�|�w�ՙ�/>l-��yz��X��@h��2��������kD�Dkl�u��i�.�������(��{{2�>{Q��Π���q�u�D�A�&{�y~�g�������������۴bv� ��!��/%�22`H�����'�۞̶(�`�}_� �K
��ۋ��s���a���g��9ܟ7��uo7�$���G���������p�ԡ��A�+�V�)����(GJ��;b}��֯3����w�1��""���������?T� %ibY��$�=��QN2��W7�'�ӷӸ��7�@���Üs""p�P�t҄E��Uz�H��}�u�m���unu��WfZ�ݢ���@��q���	s""pX��o{�A��0E��;�`0
���ϒ��sq��5��d/>����֭�7�w�r ff���	bTKQ��x*���́�h@
����?��3C��~�Z��~�o�r�۷��ߋ��`CÇ7HW��vw��sQ���m����ԗ6l(l�տkL��#6]��/�,�4�9�J�ǤmemI�*)B/�Qm��&��>Q��v]�M��W�kS�@����9�^Wd�+������N�1� �[�%EH��w�Rl6r�ü%�~����C��H�n^|h]��u�g#7�/���L3���cߊ+4y_o��ڷb0z�-����u��w�i����������`�`�ݭ������[?�۟��Ɔ���1z�bb�5�i��F������1��u߯��ַ���`|�����!Έ� ƈ�ŵ��w�8�wQS�1&��#/�_@R�a�D�*������g�*�@""}�5]�HTD""����0A""�wٷ|��E�z��7�Ѿ0o�?k��h�I��P>R��M�]��U>&H.
���4c��5��5EL�,�V��z[>����>�@��e� �ǊL�o�hƘ＂���/ĭ�=""Hd�o��ȿ�RO>I��� W��""�)bM_UD���FY��H ��g#7$����+t�O���)b��""�!Z ���@nL�@>�����ȝ�ܠH��M�����ڱF��FQ�o��D��V�#�5�۩F����y�ɾ�VC�����""���̈�$�*�%}x�40�~s�`09
�4N����ַz��-r��""I�[�x�q|�Z��������'�lK�-q6�� ێ
(��LZ�I��Pao8��$����f�������9�~�N&�#{$Y��8�#�q�$Q�`S��@����F�!�""N^{~�X�L����B
լ:Gr�Jvo�j��('�����u���HǾϖQ�m�D.�)+T؎2�~�8.0$�
�2�q""3�8�OH��׀��C�����L@@�w�Ea�{�ҧ.
��x���H�0	�EFe""��EF:�07��O�������,�&*��nY~C,�U�hq!��c�u�=	*ٿxޕe �r�DE�""��B��J�@`T  `Pd��{;�R�~n����*>M@�C����k����ӈ""�4ITP@TPd��FV�p����a��""��������H��""��֪�)�!BF�""#������""�	�(2�,�,˂��""BXH���P�Ae~����z��x��(oU%Qi�AA�@�s�UU \T�0,*��ξ�tQD
,*�ר���7�����y�*��=��%!�!Â�
��3����i����Ea	XT^#�=��/. &"".$4��oա�H��Ń&($(2�2溋�tQX
(2�k�""VAXPdtU� ""����|�@��aAQa%*����z���)0��EF&]�#�b��J�H�""��5""�
�Y��J����]\o�4]�c�""b""���""@�4IDT0���!^8�@@��H��{��Sk��
�tU����
���""�Ea0* ĉ��(��HXP,`Y@XT�0""(2��IҔ��qaA�q+(0(2� �6EB�	��p���}F���v��EF�7�mC��|��iq��gj��M���g|W/�x�������M����l��zCk�H�\2�If������OO�ө��s�o��Ջ ����X�k���iM�i�r[�2C�'3���� T!!1g4I����}�(��fk�?!��A�5�Ә�	A��/�|�m/Z�AIT|�)n�/�qzË�����q�X�ψ���.:r�D�	ʚ^$'h�&�	�*/M�-�zT�$E��A��� 
2A�X1=�xA��H�(�t]�C���LU�@UEI\V�zXbQT|@�TI< 	�E�HAX�� 3��`��+JQ�Y7�|�D��ewё$IT��0������(o5^5F|/�:����ߘ�>��
fi�:
߸pŌ�g_�0�p!Q���@�@F�DEB���aQ��
(2�f
��EF{�ӣ�c""F�""NPD\\DD��h��f�(��3B��eM�Z��(��];�W��n���r>�ޗ19P�(��̢̤� �b/J-(��""�(�����̢��e�Qj�@�ӹ�\u���^3��B�@�j���Zx?B�`�Bf^�G��(�ﺹ��k��[�ś�T9P��ޠ���P�n�>�R�EB�	��Ѳ錈�9��6�h��N�]����F�R�� &�Ik���h���D��K�8�@8��=b|OA��@d�z�<{Ł�ME�����
��v]�eM�UbÉ��3 �^s��hm%>�������{�]o�0 �[ˀ���X�غ��m���#
�,,l6�j��
o�(	bA(��l<;��f�,l61�8�@��r����B̀�%�Z�5?���0M��Ӯ��[�S~������f�����q�S�M��tj�߸�K�n?G�EaW�pe�x��4I1�O[,X����@�_��V�'�0n0���8�|����8��#c���my��X�멯��z͕Ƿ��b�K<�mw�k�mУw���\�5M�?w8��9(z�\��Pʢ�N/�^C�+/zdӨ�+��R ]q#Z.~9�F�y��>A��	�[#;��l���`͒]������T�ɮQ\�Uq#NQA�'Rt
��M�*j�&���x:���\�cyO�=��L�����ێ-7!�}�38���ō�]t�UEI�8E�R��;n|5n����{�V�����ܺZ��]Lf���)BS���z�L� �*�Z�ןivz}k(j(
�sߏ��3���u�4��5n�_��������}D��t�
E��Ҹ�~�[O�?�η��uq��]i��f�|?wkP|(�]?-�,���8�g��!l�g�`k��JVE9������1���f[��i��v��i������b���=R��H��Ƌ�ęZ��~� �m��j��ł��
���s(�!���B�3U�}q5c��]/ު��}��-h�����j�~
�t��ekj�}��h(Z>��������\�o�����;�R�-�
AZ*��=��a�>c�5	e��5w�}�ł�nߴPG ���u�,�ڨ5ߖ�U�����u��o�����7)8
Q��\�}5�c�U4�����!m�z��`<��ć�^'���8�ss����/���^�&Qdzb��ϻ�uU� 1^��I����(JR䦟VށK��� E���Ȍ*>��:�R�!���,�ćX�����X�GW\D*N��>5�5tVS�zRS�|v�N]�o0�v�z�H�x#b%R��FD��At@�[㊨C\/�+.��]�>�Skd�[��:��+��/5�˃P��|LvA�4��5�i^�D�	�������&��V�!��L��GCwAH���g�Q��(����I�$�!F���[��U��� a
 �������PI����V(�8��U�b���i�6i�6i�����ǞR�{D�ȅU
�0�Q�E'��""VĊD0�a�0
�6)B�	{P�M��+BUlö�J[d�(�]�E��Q,�U�	�6l¨�y��*
��	�""Vd�""&E8��6�0*rE{Ӥ��.�`X�t�""va�Q��""�&q�ݣ�/(��1Q$�8Y�QE(�Q}8sQ���5|���E��G�^���]]�窭H�H���������M[�۷H��V[4��_���[ͷES�0��-��ES���W��=m�|w��S��G҈�/b`R""��S��|��H�f��륒��D��k���4����
Po(I""%%��t��H��|���ηŲ3�))%�r�R��544t���ҽ�Xr�6�rc?����z@���QSdt������is�fƷ~SG�E�[/⭐��""��]��D?ԐiN����1E�aR��$*Z�ٹ�,��'���<�m%RJ���""Cl���1�/��E�Tx���J-��{��!�_�Pκ7��~��Ϗ��Ad��vn�{��d��A���� �v�=G N���#\T�+��E��V������D	�w-bv���
�V���}z����k^��_��������?�H�~�3� �.""��ѱ����hT�""�ϫDO��""�:�a��]A���Ѳ��֣�;j��nj�#}O�9>�/��^|��ޮ@�s���V��1��c���V=c�skì}""n��b���ގ��f������֍�\D`X4< ��°
�h
-7o��Dg@�~�o��[.�PJ���k�̸�!Ψ�[(9@&*B���.��(�CJ�@�*�`.�4IT#I�tQI�.�Y��< ��D���A""SF�����H�X�eM�����n�x{��UOf�]3����aW9���� ��o����[��Yg}�7�\s�5��o��h�o��o���=8���oZ�:���O���S��i��[\��4��p�Qn{�_r�7
��7M�n��gq�ᨋ�p�Ӈp��\��O?�}����m�E���~���p�\�M�^�|���sWq����1,�����j��K���0��[k�����`���H
�}���R�1L�Q@A(�(�@�H��L��v�7����Q�^��qxƆ��]44d�s��@(��[g*�k��@�h�3��ɋ��9P��ڭ�F�mw�#��0���Qω�ߴx�l8&�
��з�y��ڐ�(��Df[-'�� ��!�4f�5�[�� �qID�X��Bp��1�P�3""z5�����
O�f��.����Ӫ��r���ή��)�4[��ҠbA���t���D&, .PD�J�������R�iR��* &.{���R�MF�¢2A�Q�~/ꢰȃ�0,( \Pd�y<, 0""$��j�	�*$ �$"" �{����	Oz�^0��4kiհ�0��
l]'�n᪉)��l|�M7YAl.u��mf��\X��r���tk���be������h�g�u�82�e;�{���G�Ҙe��3n=�kID5岱�_ŕ{�z U�-ciV""��OX�-��n,Үh�Ks��*4�9�]�w��%S8gD�X�Z�
t8�Ё""�DޭD���#E�(un��$�p�56YDm���N�Ky��h��\Z��FL��3�n�h���k��zt�*j��R^)����?㍤�ƄLU�u5��Զܗ�R�J~���q�N��4>q�^���� I�Y�u�Rc1S1?FXX�I(�c�W�Y��w&~-�#��!����
�.�2��!t�\u�_�ba��Wu�
Q��zG��|v����2�V��A�r�z�٪��	�lOP�����Dp%�%V��ͺ^Ғ/ �~�!�%[�����6��0�b1�˴�ᇍ�""��'vr����-�I��#sX`y�8�DbҴ�ӛ	�~ۜ�DN]81�6h�x�i�<,l��Pd���>�Q`�V���i@�ߊn0������e;M��.�K����B�J.���N�ꌽ-�AE�$�G ��lh�y�r+��A��R�����h""%���s�ݼ���@o׃X�V�q���<����h7�j���L&�p�[���W/}E�yL���!�T.����*AE���8��h2^���ǨL�.�᳁���)v���T��}�Z���/S� b��+V������W�[�%�T�
��I���_�▓��f%�%�eFZ�""Yl�|4J�7g�&FN�Y��m�5�O���3�!�������rF��+ ���)�����H�{|+��� )�J�j)O�E7��Z�DwJ.�U��?���
 ��˒��d�F�����Y(�VΑ��������;B
�fL����`x�+�g-�98�r��Ƙ+���j�PF�b��o��n��w	*�о��;�9��5�j:�h�2���x
iu?���@C�G�`t��1��H�H�録Z��CX�v��w���݄�9ղ�37y�3`�В���@9�3�9&�/6l�C�n�qd�݆�4���⸤�47
3��W߫ǜ���X
.�A���q�U=��1���
��T�Ӆ�4y
c�6�+b��#v!o,���s.�T�� 7���$M
;(�+%Ō�_*�d+*k���s��T_YJ��Vb���""f~*��E�՟&�@��y�֥��
���k]�ƵF���z�J�Nm���+Э+,D""b<�1���Wu��L�w(���pT������h$3K'�Q9=���M�?H.j̯��̌
Y�Y0q��%0����%��Mc���s豨�L��c:GaL����k�/���nč�""!eg��=�9�bsQ%�ΉW�9�4aJn��O^F��\�����&Y���
��bc�H�|�
��g�g�8�'�:C$P �Hȶ�lAki(D�ZV���j��A����
�\�����*d]J*3#���H̳��T&m��q 4����#.���?1R/����0B,k}G�a �a-; E!~�%)�|�6ph�݈f6]��a���%��6C�)X�e!�L��8�m2Є�3��7���❨�Gs�3q}s�lr���=nF�����`&4�w.�-ҍ�xYȰ&|0/X�F�m!�8h`�W�6����%���a�B��-���~��m����I
�7������X����[���.�<����ݐ�um�E�m�z�z��>(�8��iŞ�Xp�""v�J����[�k��9*��=�p�<�NX`+�$0J��KWY�2h��oN8������#���^e""��6Lc6Y�������d��)PN)�ڸiu���Vަ�~�Ν~���ꠑN.Ñ��ě�Uߙ�)��e��3<<+��>X���s�
~d1�[�;�
W�"">������`�.
;B>Mp��Q+Ek��%��
������5o����^�ޖB��E���`���=U0H�e���""�w�K1�[!��i����Um�J\Ղ^�U�@��ƶrڨiz�����ҏ���JJ��Nu?�[I����J�%ttϢ6�@VJ�>����1��С��2���u��K�։wgm���~#�M�YaE������\ԓ�7B�*��>�7�N����������K��1c��/���)+.�i1��I'��F|��9�}�2Mȁ2G�>+����KI�Z(�b(�x����(�WZ-�	�eq���BD���)��B���A�aQ�&D��+(dT�k��Y&kt�('��RNh��9�
���Η����H��R9�i�Tu�����է~{�d�bsc[k�4%��M�
�P��{�k�cg!C
�����{[+�v���R�t������6�z9&�D*
i��Vz�%���=���L��[a��+M���8�/�%e�g�Oѿ6���Ƅ��_x
�^`N��Q05q�C
��������Nj�{z��v}`�cb��h""�л���.v�E�����j��ܪ|�[����m%r�7+bD���i���4yJU���M#���Hg��kN�""�M�5๓
3f�)�>6*��+�=J�e
Jt �O�2;z=�l.�U��]!��]���GK�N�&��cu�����
I�k���g�]�Q^��]�ѽ����l4@�Vg��Py��}�<5X,���9-���9��f�|�BA��<ǣ���O��_a��C�
�N�x_|m��+dY�1ZY��|h�vc���	�<^���S�g���Ҩ���ll7QW�Vٸ!�Kg)�K�ik6���k�?�0�|�U��	��G�~в�>�xV?.�#�/̏��]/P�y~�bDD�~G�0<�ᯝ5�""?K���
9f*8�r��EA|���ͻ�90%���+�����c�K���N�j���9ۨ��?��J�4F����N���q���$�b�>�q�*A��v�ͱh)����``�$��E�U�R|K��j�*�+�WR14������w W:�y� �EN�og
Z�g��A3U
�v&l���R��{�$�#�MR]����P��i���`���ŏ,��G��1V�y�\������#j��E���(̕�q��~�Ovr��|�������$�T�^�ҟ�ǡ�
��On�w/�6���#�C��?���6l/��uCγ�\8������#FIO��Ԕσy��
����:�i�-�,9Q��ZB�*��a>�M�T�������'Ƹk��L>\0���:83R4>�&̗��
�;�XjE(����t�LTH}@�2�(Ϛ�y��5nw�_��t�L����%�;����""�n~���	�D�)R(ё���2
�ak�뤿�������ɮ��� T�-�h[[�����#҂�Z�]t�
V�?���2v���:[��un�� ��ni���#h�������!G$�:�J��[h0��D��@����
�vC�?��U�Hǯ	A2؉q�]}�^����!��Aֻexc{�u�dz�aq�z�
�c�xm�u�<��ל�i#�~��Ev.۫W�k�<,Q�6�wb��iS��X��ұ�dL��|(y:x�U��^�z1-g�,f���v=ơ��Np�,�E(C�>�!�ۦ�뗰�5��������f�˝9��}
�v���=5��OM�g�o�4��P��t�n�'8A�4�P~Z;a���h���ub��A����ޞ����͵
Q�,��n��_����t\�#|""][� ��<V^�k�p/��
1vR���\O�=T5���:S��kj\�W�xqf�鳺�}��*&p�9���X���b5's�l�gw[�s�gfۮ�����9*�X��R�r���""�$8�3�� ��+*�Z!69!��e�1ȴ�{9.�đF��WC��P�'�-^��o*]��G�|@�a���p���9��22�U����x��[�6�;���E�:��BV�'��߫¯�9(�h߿�����/R�����C�~����a�P�Yȸ�M�RS��:����Z��QҌ���O����W �|'*6����Ť{&7��ԁWOi
0��*e�HCU�KLG	,��k&
^D�9�bJ��v�
G�R.Cd�M�7F���i�P�L�َUB���T��(��`�4�F�Mc�-��J��$c/���@X)گt[�~u���OC9�;b�rV+���H�'���n�*E����I�-$b�bv��O�f��I
�*���Q�Li.�OƞL��\����ǯ�W��:�_?�
�̋�\��
�S'D�ֳ�-�~�OR
�AG�i��A]����A@�1���v�^��� IR]�sR�u�ʞA<��w����k�D9��!OD<�ac�ɨ����>��Da���G +M�P�+��5̑_,>�`F8�aT���Ԭ""�U�>'��/�bL��Fg��R0d��%Q:+��/b!3���X�˙u$z� E�M�( 
t�`R��)�^B3!�P.������Ȼd��������)��{䍃,EĄ�j�Qu)�TY0&�KH�1O5�@����&Opʍ�;��S�`�Je}2'��lf��C�SO1��""�DwS>�cM�0�T���}�Z�)�a�n�k:�^w�;xb���
��
fM� �� ����`x)얕�]a���`.ր��r��-
�+�1<���#�i �t�Pxk���&x�ec+��QA�w�<2��vs��&��ԟ""U�RJ�B���e�y��җ�x��|LUY�zoI�fz�ޘ@�XLrf���x) PAN�	 sl[=�G}!|y�E=`l�D����ʗ!*K;��˻�\�-�'s����s��_�CQJ�%@�A5�/�³���b�;e�g(�4Y�+����
ʕHJ7���V��d��/'Ae��*M_���;=�2�KM�T3E�Y1k[*�	I��4�$q�ƀ`�Q6��G�C��]n^�Uq�#�8a���Vu/~k])��C�?�+VBp.Mώ�~�~\�M""�G�]�����h��~ѐymE/i�Q�'5��T*��60
�ba�nN��_�C��6�&��m�E�D�NO�HPȂ0���vxe0.
'l'��9O�Kj��b#��ݨ	��5�.١C���49�1���b���4���&�t�+\k���BD�<�1���	YM	�U���S�b���>���O�0��&X�|������8��ԏh�0��������5 �1�U�9��E��I��e�9GL�-�I""�5��u\�Ȉ�h��rJ����wÔx|�'pH��	�,.pu@�Z^��y�'I浗&�<���jOa���4_0����^Z�G�*s`�Q��ڮ��$����p=��uL��y�
�%���K�>O����J��+]��x��1�1H!���㤿���0O`�\4jYW�sd��Gv�عmj���~ӭ��>��T��U���;���'-m8�o��_���0���""���5����ڮ
��'�r�˥Q�B&�1M8�G�1�1��4p&��{���V[��'Ϋ����4�T�I�Bz���� +��?�FX�͆Tp�r˶M��5M�0�3O�b3�YU�wڷ3����[�������@�Bg�u.�p���-�z�z%D{Hր���FI���@}�
E��t�
g�q��Xko��""T�mbE�00��f��@�5��J�����{K�3�)��PB&[��%��-(a®���'}ɧ�
Zl
���U%AMfE8dV�nC{�+�ʁ&�2/)!�H���yf��x�(%��5�J���J�!�v-��I:���DuH�=��G�'~`a|9g��շ�h�'A�.�h���ƛ
����ah�܈ϛĲ�����:�j��M^Q�ѻ���e�+����w~~�屣��ͤ8��nvQ�`
�!N��*�@;����Cm����-���!�\�9~�k��]�dai��Ҟ�4֊��nf)�r��N�K?�T�f���\���a��`��7����V�i���K�nUBr��g�e��Yq���9�v��Q���R�D^�@��q����w���$�d�p��e_�>ρTZQ�'
U��&&������Ӿ����۬g���}�I�Bʛ�v`�#�<�nrV�j��i�X��E�U)�
��Vzr���	&a*�Ʌ�q�[��p��&��S#?��EgR��!�G��.�f
|{��J��E��n�x���,�pT�T@��	����p��']F��@�I%����zy�_Z<�)�D�f���$|��C���d�$�2�	�E������XVwt��zL�_�Z�vW��jP�Է�DqԚg�RO�3M��D~���D��2�P��S����h]�<���,��4:O��N�P$~;{i{��G��]c'��&*��@���fή����_;d�Ѻ�֩� ��^y�/Ly!�T���Uh6!�`�a��)����+�{��I#��W=�9�@��e	<1�};bG�	�}��Md@c�ӊ.*f)�""���[_$���4�H&z�V�D""���| E��7�H��_���?""R�^��ň~ϸ�+��d%jy��r����n�=�z�[�u-�&���ć�M[�����W!��P9qN�`���ݔ�i���/��H��;����J[��
dbuT[E�0?b|@�Dإ�y(�bGS$���oM;C�X
Lڙ�hC�Y��'�""�k`���+�,�0Xڄ=���x���������Fu}}�W��I�weD����9�Hg�,$�V���G�5��2vA�hn�7�Ԫ���P 2�6���IY��i�;K�>;��%��l����y�o����N�u��3:�8��4C���1�	""x��ʣ����AU�-{��}�]So;;Ң�~�!��*R$X(�D$��
n�33��!���{�Uv?�C��4|K��f���@�
;��8���%����ǐ����FO�1���K�p�YA��g�+���៧�0�D��u��vf8BndN����/�XR}w��}�_���#���+Nu�B����haP]���fBzt?=�h,N���
yh���fg�1�^�v�m/��3�ZI
�����M��T�/�.�Juؠ�=6��[
���Q� �|)If�HW�E�0���]���)�1H�:�AL#��;��Az��2�J:���n���N�,q�k������zx7�/���D�ÿ驠��5���m�x7����(:���_��`����$�
�tc��}�ΒX+�=�?�gE[$��o�C�
�'��/���YJ�\��t)^���n&T��Ⱦ�	�S2��9���_��&�-��{�ظ*�O�
���huq�As��GUo�����*�Q}נ�k.���tÕ�gO@��Pj��p|Y�S�{����,�c�(�H��>�K�/q�7���9F쿞� 0���#���������Y�w�.�YI��E��H�9����r��ı��̆�s�?)ٜt<��n���#u��.>��	��${�A��;��}Fi���H�i�?.�
��b�8��ÂB��$�����k]���=���v���a-�H�T�;�bj{h�qW�I'��^�.�ύ7�+N?�%4;��u�_� PwモNȌ%+x͗��Q|ʶ��d���~A*5p��/����A�_�P����Εl$mr	h��GD�$!�,�>���M��Idh��I�
@kc�T(�XBsw6iM��tQ�e~�L��_/U7��� �#P�(=�R��@Q�('�,2�vU�<���q��s�F|��go�Z+�g�'��UR-�j��yi�k>f��阄��E�r�)�^zY'�{��0-�ަ�e`�a���&� ����<:U[��/���}W��n�7
O� ��B�|��Hӓb�l��mU� ���o�}'J���\�J�IS�F�)⁂Ư�C��b����(/�>f�Ӛ�g�""5ר��qߌ@��1f���AcSY�5�{���e��]�A:��/�����S��w��@�P�C2���2�K�2��tB��Au������o@k����!2�W���y�s86H�5��~o:|�M=�_�n""�m}�N��0#��T�1gҧn����l���&7=&���|H�d���~�X{<�ʻ��[�&�T�K���]��Lw �cpv@�8�c���Db
z�r�,��Z��qϼW�@B:{o���M=�2��3Uڈ�q�wٺ-�}�KX�������,��1͌ހ.�87g 7�tZ��K�����=l�!Jd���PX����v��A
�y�Y��ѫ�f�?����ݍ���k�Bj���{��}�7��w������s�
,����)Ȃ����4��zWQ�QZjb �A�k�i�Q*�	77��5J4
��wQ#�q�ȫ�kA�ݣlq�������#�""�O}W������n�*F|p���C�%
i��)��U2��3[�ݨ=�h��4b��������
D6r�ErL�u���,h�:M� �W��e�Z#N��)B:
H=��/�z���J��<�p����wE��qP�b��N���v��k��'%�;;���v�)#��a%�p0���<�0Y@B8v�/^LcΥ��d�ԧ.9P��>�q��.n�V���XV/�F�#�`wFC��t�:8�dB�������)�4���L�.�V1�ӷ(�%�bNw��ܦtQ��Yּˏ���nT�Q��G��������t������i�H1e��]�N�<�M#�H���5��h������Ʀ\�Y���r�`���k��q=w0y
�NVe��5$[	�{��0��4=^v����u�O^^���S�UQ��9��4q�Q��;-v`�p��+`.��.�Is��Gs�C_�Q�g�`4�*X�1pf�m�""ޚD�h]�ϧ؍\a���p�#��ۜ��lʴ���K����,5)M�L�,���E(�����n�����`C��ICy��Hnm6�g���;��v_e$��d��,�a�_�@���k
^�zՈIs.���&�zS�S|����0Ѿp2`~���i����%��͵B0/~N�Hv��#�[ͱ�V�/yp��#EÐ�""�\�ȸ�_�ZO��/��7J�q�fM�54����s���Wh�hGn�XQs��
Ù���/c6ה�6iM�""�fU�̄�i��'(l,�&�GP5>8��
��J�={�A�UJE
2p��L�ܪ|���|O!D�J��\���w٥�gng�
6�^>χ��˪�a�w�_}�p���j+����~	�2����|�*+�埼�-����jF�����b�J���E�ֺQ^}2��a���R��ϖ�h�VH=�@rƛ�;�����ޕq�+8B�V�z�#�%!�ٵA�3��g1�P��5��	�K	G�gQ���y#����4$���l4�f�0̹
���&""/m�E��@(�V�}o$veO��I�W��+I8��������i�=�D�W��@�!9����+k8G�^2��f���FYB��>���p�6�s��Y�b��!gn��+��N��o�0��!��XV#��hC�8��HD�՟��kd�rQ(p�Xyu���m�Q��^���!V�Ԏ$�վ��!�C�����r�(X��g��CDc��c~
,����$�{k^��'�@ߪY&Ո2bR��$�ph]'�
zW��}�Sʫ��h��s`�7�E�2T����C��ӂ�J��@�I
�k�ml�����{�ۢ�!v�y
�*b��o�=�x��DAv$}����|k��qt���2Za�D�SZ1�f\$�(���h�-��=@Z��b9""]6�,Iנ��t�|9���jz5m�(B��׳�~���U�ŉ�+
}�j��w9��K1�	/T�Ӹ�'u�~����q�>��}7���ױ�?��������D���Ty��icKf�>����#.�Q�i��b��V8�ވqjIq�]]�ϓ.��V���f����d��Z��(�)���8�Ē��0GJ]�O�J�H{g�#��l�U>������""����{���f�a^�.��[)�@5,�0��u�R���$M�7(�I�njHӮ^�z��M�j��&�>K�a%�(Q�#o���KVҎYh<��I�)�Å>q#²d#
��˗С�JMue����T]	0=�""	�=]����C""4L��g�k�mD�I���Oi*�d��RIG�g\�[ߵ�`�|T���_ɹi3�N�!'YO����:*�-r�z�]w�!d��%�j0���K�d�
6�9�%�	E]�F(NEC���E>x�+>t��4H�Ph.ml	$�����4�aJ���f���X�TX�.eWrAG,�k�Zfs�i�]���A�Mqn��i���s;�_�p�YW�h����q����D��n�<8�
)kٿ�Ξ��YyjQQd��$�����^~�fb�?�vH�㲫�P�(_[������r陗�|�0|�tmng*A$�ʈ�d�4�O���6%jTd�A�a�,S� �bf	&�Э聼���\Τ���כ6�a����Q�L�>�sX����,��B��1��`��,��\X�B��_I�to�af&�pv�?�w=称���$�;*����f���a�#g.;��_&����l��'���8o4gP�s�X,�R\�R�/�͋*3V-�g
�Q�k�d0W��-���]/��q�e���l�I�'Ԧz�n)m��B�OR��xu��	&� �'WB�}����ac-�7��)�����l����CEg%���P�C,fa>��6#�[l�&������r�z�E�:�.1*{��wH�b
����w�s��]1*.�7B�fhj��3L��3�����`�������N""��F8�9�r�<�\tv��a�o?�D�]䛁Wng+�qDW5�8�`XUAD*�S��r9�X%bIp^�B-��4�`�[��Ve�.뒪
��9��f��?�~sx.���q�-1��t��э�enw�)��1=�{�Pw�u�瑠�F#����,���($19F��R��#L��i�x�KE�	�T&	�b�i2�@P""�	��HI�D (�D""-)�X I�D&p���6͵�v,�uPK-
�]��k���jʹO���2�L�}.��y�3�<ǂƅW�PO�u㲾5""�4�h�uC:,i�X&�PP���H7	�A7��U����u��曭�͛��6���·�����h|
O���������v���7_F�T�7_�a�e�*H�q�t^�������z{]��|��r���:�.�u����>`b f& s�B��e ;<��`��y���x��k�7�XO;�5�e)M6��!	�y�Ѳ��-s�4�<���<��
TT<�M ��(�|
X�y��h4$�2�PE�D �‰H��8Ї���4��.PF$H�&���D(	2�P B�X�
�L""�H$�D$""���4
fi4Z���]�i�y�x���]6�F<��5�������j��ket�ܢ������k��][ǳ�j��
�q�w�U�ZX���4�}<ϢVs�V��m�~�TW{[�<�k���9���'B�
$.�\k{B�B�B�B!|oB��@���@��#w�
������B#�.4
�S�t,I �u�Vt ����ۜ��jmވX
IL�!��}_�7{����"">H�$I)��RJ)��RJ)��RJ)��RJ)��RJ)��RJ)��RJ)��RJ)��r2�L&��d2�L&��d2�L&
�B�P(
�B�P(
�B�T*�J�R�T*�J�R�T*��EZd��V7�I�i?�çSQ�}ћE��ha6�t��$}0
�'b�\<`,��` ���`0��6�b$��A��k`b��A�1�O6�3�
bz���BL�y.�����]��,R�|0�ѧ���C��-�.������=)k!Q\��j9O9�<>2��-F38n2����kM��Gc�?[�ƈQ�Q�����9n�(���{����IL��⎻f��{Hb�s��C�;I���C�1$1b�g�G�;�R�Q""ْ1yVі��YU}��NbLn�۲;�4��(��A�D$���U�;ȴ���y<�I	�U9��X�""����7Z�o���n�""�v^�l�02""V�+��ݚ�4��8ZD�ȡR{��8,b�j�1Y��c�Y�@!l��o)��cb�1;1� \�0�q�p�Q��0p}��-�����]�
�X}�eN�ĘXt�ĘfKK���J=�A_�NK��Z2�%�II)�>�k�3�^�˷�}`}�0�ml�h@t���f�8���(�""�Q�[��\{�Y��[3x�}�����%xhx�Y�j��x��Wϵ�R�)xD�8,R�<^��ɇ|H,���hx�$ �Hh��T,Y��uM*�b�$�E�$�$%^9�]TbI""��
�RB�E�R�@H��*���,LJ�DRE�˒�J�b�0lRI��(�J��[����(""���""I*�c�Y�""�b""���'��t�ν`C8��Np��6�����K��F=O�\�S@����
� �Xk� V7�k�=�!l(�	j��lnV�&�ݢf��1T�5��'X���lc�Z�vC;p��ǣ�us3�T{��,8.
sHLrU""�^�D""�HN)I�hRU$V��k�H �H5ZՌ��g�Ӏo+�-4߸��FN��1�8�9��bp���E����_14_��p��>m�G(~z������}�3�M���XⷠU��h����'e�l��uS��`��A1��B��x��c���R	4s�Ь�_�q��`�h�c�}T��	K�}��lZ͛�}��?i̦�v��Κ�i�NKh�	<���6��u��ʹm��q�����W��m{�zAs�?�5ik�R�?�ۆ��4���A�7�(8A��0�XN�]hF��8���q\�ffVk]�MS�#��JG�X5���۶���R��y}��""V30f�/�f�Za� ��l�|�8.B�E�溜}z����6�?݉Eo'�W�U9��\?�t4�jҧQ����YZ�
�Yӯ�G!�EV��V�j�mc��6���捭/tl}�o���i/w~l:���46�4v�KcEv��_l�?v��C�(^��g�g0:��K�@a�0��#�F�7X �B�	��t�$���=��f_y����#�9�""{���
��a�8�>���a�`""tp��9a�`h�q	��5��N����0���;ƴ'��v��(�Ӿ^3���gΩ5g٧v���	;'�~3=Ķ�?n�1���7����B�2��>����Й����f��N���m������X���4�U��qb�W�>��m���8�|L`�~�B'I���.gs���B�Eo(ͺ�㏗�@iw̱�18:�t��BJ�k����g�r3~�!�����q��TǰN���y]��0SOWm�	Eɠf��9^���c�	a�GY��1�l�k���>H������$�p8D�&�I�^D:,�c� xα��@�{��
�	�u���]�ڣ��*z��.�V�h1�Ѡ֯�r�5�Uݪ���1���h<(%)�
�P
���VWEA�i��i4h���,l�g�XJ�Ɯx�@!B
 ,
�w��0�RI� �Fhc�Bs�P�z��@`�F/��yUQ�@�8tVV|��9��QIRL�(,1""��!ܢhs�""�0r�w��p���:����-���Z�k��S����C~[��{��4j�~���ml�x��M]�Ҩ��p�cܐ��Ć
31
�9��L�
�jxpLq�� �ZtL{b�hڐ�}7��W�m��v�����}C\����K�����V����=�k������H/�t��!�<�b�wz�q�r�md��,S�5G����Wwטe
.z3���}?is�:o��6z�(�9�Q���8�7>�E`4ŷ?20k�f��=@�i�2�����š���j�@�(��kP(B�t�����[�����|Og��?��e~�p�X4��i�k�cz��p��d4B����|k�V���$c���%CbL
��������:5�\�߮Ǳ�ഩഩ�i��}{�&K�$)2uw��!�B�ig��*����z�a50����F����7�G}������.�fq+�����l����Vh/��(j`�x���#w�����45�������i��=�٣���`��;�����:p����)�>v��4���#���?��+�M�m���z-���;i����L��TB}����'�P����Qd5�}��8N��7ZD�m:k���5Íb���0��� E%Sjdf�h�p4,ƃ�,��Vp:^D:< �D�X4
� ����`
�8��f�EhM,5���e7P}����Àk,�S���Bld$Y�n˭!0����t��P��ѶzbZM�f�PG�
�a�<��CK�ƀT���66�1m(x���\*���0�{t�
�h��>y�X��L[U���˷������o��TM��L�im��ȱ��	�2�U���`
b� �yA�K`jh�M�4��R�1�?�N;����0��ɱ��ߢ�0vnn�`%�]�Z}`u""ig�jtN�ūEϝ�
>�8�`�v>�cj����'c�9i�)�4@�8/P�^�I�T�^�J�1�K���U�*)�R(Z��2}�m�2����1G��c��B�;ne�M�����s�K�F�E$�������T�ӵ��7��V`�ƌx�Қ7�c�Zr���4��@�e�a2�x������Q��@�רp��P�[>���}�V!^m&)��jW�2��3����~id���&�����3������""%1�k�u`D��T*K���Mm�c��#Rq��
�hT�P�L�<�<�92�:7�����HF��4gwf2��y�3x�qI�Q*8�*�*�H�f���C��PJ���m.8���y�V��;
6̔d��'h�9�q���0�?��&��V��>�P۹Ġ����'��ܰ�N�Q���V�ɝ`�����6/�����,""R�B$�%�ݫ����G��C��2��l��1��J�#	m�k�fx�у�]� ���WJ텉X���x1��d��1Y""F�3�c�7�t O&.�N�d��V�5wc
H����3s��%ؐ��
;j,{���<��e
�:�����-��헻bP��s.���n���ʍ��fz$��� �X㾿��g�߄%�`�u8�:4�\S*d2�""E�����l�HL��J����z����&$\
���Ы=M͍�3�Ud����H�$��y[��VC��$������]$�V�dZ�V(-ݘ>2�@{�W���`.�0��C�Gے�`$C�@�|2������Ĺv'8�8�V��Z[�2��6w��6%��F�AhNѭw�������x�}�!�{��J�;��7��,�9×��'٦���!�~h8t&x����wwb9�P��V����
""�w�����1��r��~���_D#v����No��9�8�dnC�|�|4r�*�lB
�a��IO�Y]N�y�,yUֺJ�����f�F���JP��^�F6��2]I�s��
P�}��K�uIQ��	�`��)1��� x��l�(6���=������'���?�GKM�f��{̌	���%�nQ���P#8��Q�/ί$uc~U��g��O�O�ɢ�����N�K)M3Բ�0iV$�������y��mC��6$xa �_�B��d�>B�(��q�XU���]�F�u�:�X]�^59��B
�i�i�)����`��J�4�1��+xp}��A��
��@O,┄�f~�""��Y����3�n�oFx-�!<���`g�:�u��>��RM�(`�'���*7]&�/���Ĭ~��Uu��7$hg�ٻ�Ti3�M����yU-
qPP�9���N��n�y�
Z������|��P��C7��Q{�8�W
t��y�d�vK�%�CNm6rq��^�`Ce��n�\ށ�V�JfZ�U:&!��K�_��c�nz�E�A�v{d��Ht��{���P�W�]E�/���5k��ڮ���]����u3�`O�8wT,h%��E1�QMTBљ#��x�#x���U�2�?��}�4G#u-[�^{vW�o�4�n�^���Ȇ��H^dZ����
�e�DX�;F>��ڪ�Gq�9}V��� _k�@��$k�)�Qㆇ
7��=wBF��+���C��vz��g��iZQC�O��&{�d�RU���ܺ�?�+j8ϵ$5����ɣ��R۹G�V{Ԩ{t=C��Q�b���M&^
�i�ܦ\�QՠM5��HUN�~{�3����O# }��aƝ!�e���my�>C���Q]9ƾ/:�Ǆ�@U�v��'�ݢ�ȌVײs�NҦ�W�8��z�F����S��z#���:)��ܨ57�c������^��^��!��݄58���1�ii^P�9'���q�P�ɬe8c9����k'���U��cZҸ��ٟ	U���4�Z����?=�$kOʰ�s7��\�k�p�C���>ܻ�)�����G%e�J��r�2�*z�9�Z~>Ђ�A��3��c��U����1'Q@
�#���c]�m`ϐ�!�\�FlN��Ve��ʲ�L��cg@4�Pqj҄TJ��Ո�ȅ&O��I���\Jޙ�/���h-�xff$��c����p�}d��`��!�܀t�o�r�<	^��lxPNv�َ�^����cc�7MRD�6x�����|#=/�3.yK�ƱAs:I0�H�6��""��A3�iS圁Q��3a	WI�8���13hh�F%�J��>�8T��m��2�>���c�<�NV.��@�=������lii�!�ܬ���Š�1�_��t�6�ˀ�4����
������!t�R��-� ��K��
�E�H|��+����;�����V?�&��bt��G�o�.��?f/(6�-A�?]Ћ6����~���]�f@O��+;����G�$V�)Ft'p�&��H_Ĥ��,3k8��MK�x�iP�!��""]��兙QS]�;��X,s�R
�g��G
6g^
/�L� ���ۤ����&����A4݄g3�D{b������5��_�p9]�%�qq�����Sh�2ɜ����u���?��""��v�0��ؙ���1EZ].�5?ZG���gnxU)J�h�+�ʟ����g�{`I�ao�e�v;�=I�@f�|�GϜv��9'N>z�̗�����-�u�����`��O��v�~���>�h	M����0�b�(��<5����@]h��;�����n���n�	%���x>��p�ĳ�M�~N~կ��A�X��%�I$ՌzJ�/�'��%7�Uh*%��a�3��|w�M��_2��[��ʖ~��L��IJkC2E�GV���`�%���06c
<_aD�59���[���tf�Y�d��R�K(I�����.&z	�����������FZ�>�*��;#��������&��Ce�rT`&T4��L�O����L�X��Sw�n����NS =�z�^kds��8�^3�K��榭�LJ�APR^W�oz�9���/NxX$�QE�2�$�:�����e�y;�����8���&�I���Ǟb������0[z#>���ڌ��:)�b��)��'�
��O�V��?�3�^�t�1���Z)�VN�N��}�GE��uӣ�J��J�PϲH��]a��u��XOr�Cm���O�sD�gB��tS�P��ÆV3�'h��$�4ߦg|�k+��l>ND���A<�wϫ�J!��z���H�ǅ�2��7��NI>ؘA�+g�*��z��mШ�㖚ފ����L �K��>ꫮS��2���`5�Tv�`cS����rj�=:@O""�uJ��~P%�/�>�Гy�
_%���r�""w#�뇿���XJm��]��2b�5��)�6��z��
�zvѯ$�4���E$բ5�M�
���R�@���7��_��TJ�����	��lU'�M�B^e���|�aU�[�`��""9W2�DHx��b�j��_��������i��}g��qZ+DakŠ�B��Q=W$��27)I��{k������q��J�}�D*8N���������#��ۤz�uD.�)�h�����&L+*)8H��~��p�
��v��Z�jAqq:%��3Q8c�Y�*8�v(H�0g�B_W�\BN�̨1y�/hZ��h���b)��N8+�Э�i�E�1�h���zFx�i��KYI)�v9�0լPs���
)#E%P:F�����77 ���\���d@�#~�Jn����m��I��
�C��$��W��rk���7N���ndb��>z��ݲ��4?�q��""$�Wɤ�_�tj�8IJ�Z�ƣ�APmhح�����D2q�;f_�>�Q""(��K vV/��
""��h���6���k����6��@�᪸��Ȯ=G��X�,��2N�Q��R�b�~,�?�+�v�rH,h!ؑR��m�L�֔ȰU?�&�n�����Q��]�""ɰVIf��+��\��ڛJ��uj�g=R���l�|��I��ί��2��mE2¾J�N��]�X0��
L�xN�u����0[n|�����4l�ph����P�^4� �h�)$�!_���r'b��'��(s?��;갢���$0����=#�9���c�%TbD�Db��#�J����]HP�����<������>v�
�P�N;ņ<�'�[± �A)��'''�=;�$[~/��mR��I�T�Q6��uc:�-���1#�CR�ۑ�2�+-�c�KԪY!�������sM��nSUk-�-��wJ�
J���Qzw����t�M�P_o1Se�mg����`����/��Hǟ�#��ǂJ{�is�k�1{c�C^����o@%�avu�a4{�#1��+=����;�\�߽�K.��U�fپv}t{�x̟�a�I$���U ����������1��
VYv��&�ϰ�.r~�xb�0jY($8ڜJ�F���-�M����&@cJ�y�2K��U6���\�^�C,O�MHHd�9α\``�Ip�p�B�
9DuC�̛t��/ݏ,����J_�%2��","success(trafilatura, resolved_via_decode, 22519 chars)"
"16 sheep killed, 17 injured in leopard attack in Chadoora Budgam - Kashmir Dot Com",2026-09-10,Jammu & Kashmir,Budgam,Leopard,Livestock Attack,16.0,17.0,0.0,A leopard killed 16 sheep and injured 17 in Budgam.,0.98,single_incident,,Kashmir Dot Com,https://news.google.com/rss/articles/CBMiogFBVV95cUxNREpFOFpVMHhUSHhJbEhPc2J1TzVuSFhSaFJ5Ullmb0Ywemc2Qm8yYk1qNnJwZy1pX0JPVzF3OXdhWFVVd1NEWThwX2J5QmJaTVdwSUs2RllTWXZBTVktQ3lPSmZObkNqRXg4YmM1N0dmT0htMjZWcGFwM3piREhiVGZTOHdyZEZQekNZUmpGYWNOV2R4NUo4Vi1OVWJpVnBfWXc?oc=5,,,"Budgam, Sep 10: Sixteen sheep were killed and 17 others injured after a leopard attacked a flock in the Chadoora area of Budgam district during the intervening night of Wednesday and Thursday.
Kashmir Dot Com (KDC) is J&K's premier News Agency having a vast reach of audience.
Kashmir Dot Com is a News Agency based in Srinagar, J&K that offers syndicated multimedia news feed to plethora of news-bureaus in J&K and beyond. We also provide a range of facilities from foreign and domestic channels to package their reports in Jammu and Kashmir. We cover almost all areas of interest in J&K to viewers including news, entertainment, and life styles, bussiness, sports, human-interest features and social and developmental issues.
KDC can well and truly take pride in the legacy of it's work, and in it's contribution towards the building of a free and fair Press in Jammu and Kashmir.","success(trafilatura, resolved_via_decode, 882 chars)"
Man Killed In Leopard Attack In Pauri Garhwal - Rediff,2026-05-16,Uttarakhand,Pauri Garhwal,Leopard,Human Death,0.0,0.0,1.0,A man was killed in a leopard attack in Pauri Garhwal.,0.98,single_incident,,Rediff,https://news.google.com/rss/articles/CBMimwFBVV95cUxOZXhLb0pMSHViaGt5QXNWR3l1a0hZS1ZuOEFGMU83dEpqS3RXWnZyYkJuck5kM2lnYWk4ZWsyR0VGNFJlVTdieWpxaTQxakY1QUtFNnZnTWRLS3pMTlZudlhneXlwRFAwU0R3OHVEdW1WOEdrRlRORzZ0YTFtWjBuS2cxZXdveml4aENMbGZjZGp1UFBlbVhDWlZXWdIBngFBVV95cUxPTExRSEZyQ3VkQ1dhWDJEN1Fya3VPenNZdFY3SmNHamxIa0RCMTZiNklBQ1FON1Noam5DZm0wWjZMak9UQTkydWhtTy1hbGJidE5xd3Q3Y0w3eGxxXy16M3ZKTTkzaGE5Zmd5SjN2QlFKX2JFRkF4bDBGb21qajBiVXhmdkgtZzFPNlNPaVV4UjRvQVpMOWxiOWU5WmdJZw?oc=5,,,"A 60-year-old man tragically died in a leopard attack in Uttarakhand's Pauri Garhwal district, sparking protests over delayed responses from local authorities and highlighting the escalating human-wildlife conflict in the region.
Key Points
- A 60-year-old man was killed in a leopard attack in Kamand village, Pauri Garhwal, while collecting fodder.
- Family members and villagers found the victim's body after a search when he did not return home.
- Local leaders protested the alleged delayed response from police and forest department officials.
- The protesters refused to allow the removal of the body until the district magistrate arrived.
- This incident is reportedly the seventh of its kind in the region recently, raising concerns about human-wildlife conflict.
A 60-year-old man was mauled to death by a leopard in Kamand village of Pauri block on Friday, while he was collecting fodder for his cattle, officials said.
The victim, Mohan alias Mahesh Chandra Malasi, went to the fields near his village between 6.30 pm and 7 pm. Family members and villagers launched a search when he did not return home.
They found Malasi's mutilated body inside the bushes after a long search.
Forest Department Responds To Leopard Attack
Garhwal Forest Division SDO Aisha Bisht said the department received information about the incident around 9 pm. A joint team of forest, police, and revenue officials reached the spot immediately after the alert.
Villagers Protest Delayed Response
Local leaders from the Uttarakhand Kranti Dal reached the spot and staged a protest, alleging that police ""failed to respond to multiple phone calls"" following the incident. They also expressed anger over the ""delayed"" arrival of forest department officials.
The protesters declared they would not allow the removal of the body until the district magistrate arrived at the scene, claiming that this was the seventh such incident in the region recently.
Pauri MLA Rajkumar Pori also reached the spot to interact with the grieving family and villagers.","success(trafilatura, resolved_via_decode, 2033 chars)"
Leopard Kills 8-Year-Old Girl In Uttarakhand's Pithoragarh - NDTV,2021-09-20,Uttarakhand,Pithoragarh,Leopard,Human Death,0.0,0.0,1.0,An 8-year-old girl was killed by a leopard in Pithoragarh.,0.98,single_incident,,NDTV,https://news.google.com/rss/articles/CBMimAFBVV95cUxQYlNpODJYVXVzUXRyY3NqcTY1VE5FZnFLNFotZTljNDl1VVJZWENFbDBpSWxhQXVRcml2WC1GUUdtRlp3ODBUR2t6Ty01WmFrSlJjZU91cFZCLTN6eHRnT3lrNjBpeWlVNnZuVlFoajk4XzlEZEEwQndJMDhVT3JSVnVSY0JTTkt0MHI0MTJBMHFvS2dhSVN5TA?oc=5,,,,extraction_failed(page_fetch_failed after resolved_via_decode)
Nine-year-old girl mauled to death by leopard in Uttarakhand's Tehri district - newindianexpress.com,2024-07-23,Uttarakhand,Tehri,Leopard,Human Death,0.0,0.0,1.0,A nine-year-old girl was mauled to death by a leopard in Tehri district.,0.98,single_incident,,newindianexpress.com,https://news.google.com/rss/articles/CBMixgFBVV95cUxQWXZSUnB5MVo5c0ozcC1mcWRsTGdNQlV3aGJYS2ZmOVNrNXR5N3hKSS10Y0hQR3J0TndObldXd2liVzJpMllHdzB6MFFxd0o1dHJtOTh2X1lQeDFSQTZHREJyZzdOaUNHRGo0enVQdDI0a2I3bUFnaFBBTWJZd3EzamVKQ2V2bzB4VzhET25sZnpxV0k2TFJKQjFjYmVCTTRjT0pJTVZidU9TZmZRa2FPMWhnQVFaNHR2ZGxUSmhiNzBwX2pPWXfSAdMBQVVfeXFMTWtmUUtTUEJCRHg0bEVUOVFSaE56cWtrN0duZW9LX3JXUktNWjJZV2NoQTFCN0pEVUxvZnVGZ0JsWGdyYlRYdVpmRlhWYXI5emVFeUFSUkt0SGtseWZ4WFFIN3NoU0N1YlRZbnotYlQ3WVdnR2pDQWI3SjEtNzJyQTJUTHVZNV8tUXotTkZYN2JfRG9ZS3hHRlVSbkNOTHdnRlVsQm1tVGhKQlpqaTZzR0x4ZU41eUJURTFJbF9jYkEtY2pOS0pPTWxPcTlvR1VuX1BhMA?oc=5,,,"DEHRADUN: A tragic incident unfolded in Bhoud village of Tehri district, Uttarakhand, on Monday afternoon, when a nine-year-old girl was mauled to death by a leopard while playing in courtyard.
The half-eaten body of the child was recovered from a nearby bush, about 30 meters away from her home.
According to sources, Poonam, the nine-year-old daughter of Rukam Singh, a resident of Bhoud village in Hindaw Patti, was attacked by a leopard while playing alone in the courtyard of her home. Her three siblings were inside the house at the time of the incident, while her mother, Usha Devi, was away at a nearby temple.
Following the incident, officials on Tuesday obtained approval from the Chief Wildlife Warden to issue a shoot-on-sight order for the rogue leopard, aiming to prevent further attacks and restore safety in the area.
In a heart-wrenching incident, Poonam was found dead in a gruesome state, lying among bushes approximately 30 meters away from her home.
The ordeal began when her mother returned from a temple visit around 4 pm to find Poonam missing, while her siblings, Priyanka, Prince, and Aaradhya, were asleep in their room.
A desperate search effort ensued, with the mother and neighbours scouring the area. The discovery of Poonam's slippers and bloodstains on the path raised alarms, and after an agonizing five-hour search, Poonam's half-eaten body was found in the underbrush, sending shockwaves through the community.
Forest Ranger Ashish Nautiyal told TNIE, ""A cage trap has been set up in the village to capture the leopard, while trap cameras are being installed to track its movements.""
Meanwhile, a protest erupted at the Devprayag tehsil headquarters, where public representatives and students demanded accountability for the rising leopard attacks. The protesters called for the removal of negligent forest officials and the installation of cage traps around the village perimeter to ensure the safety of villagers.
According to sources in the state forest department, Uttarakhand has seen a surge in human-wildlife conflict this year, with 19 people killed and 43 injured in separate attacks by tigers and leopards in the past six months. The majority of the victims were children.
The month of July alone has seen seven fatalities due to leopard and tiger attacks, sparking concerns over the growing menace of wildlife conflicts in the state.","success(trafilatura, resolved_via_decode, 2380 chars)"
40-year-old woman killed by leopard in Uttarakhand's Pithoragarh | India News - Hindustan Times,2021-01-25,Uttarakhand,Pithoragarh,Leopard,Human Death,0.0,0.0,1.0,A 40-year-old woman was killed by a leopard in Pithoragarh.,0.98,single_incident,,Hindustan Times,https://news.google.com/rss/articles/CBMiwwFBVV95cUxONTBkRjVsSTBaMTVDX0kwdTNfaHFDMHZaZDRra2NRRnVIczFsX185bUhsRlZOblQzVThvNWQ1cXR4eklRZUh1dThma1VZNkw2S2t3RU1VTE9BcDZqTE52cU82dEo2NjlDSFN0YlFrNlRzajZJdnE3TGZmNkhrTEJxVnFPU3BpU282N1ptcDBSQVZxRTRjQVpiRnZjVFRLOGxSNnBjRUNCR1llQlFkWFlvdGcyVTMtSVVSQklFeWhSOFJER03SAcgBQVVfeXFMTWVqeV9oMERBZThLR0dCUWF0OUh3NENVdF9LSjZZb2lYMExHZjZzd1ZmdGNvOHNaUGc0UG5rTlRYeVRtVlhCRU1Zc3hpUmI5b3Q2cTBYNlNiOHZta2lEQjAtUXJvVHlWWFg0Z3dIcERNWjltQlJybFlLMW5TRmVlMzlWd1ZWSXZvMFJKNFhMY1lPbkhWeXpGcEZaWGVuRkVFYzhhcnRMNEdBSkFTby1haHVLMXhJMk5HZWkxWGoxWjBMT3FVYVVVTFc?oc=5,,,"40-year-old woman killed by leopard in Uttarakhand's Pithoragarh
The woman succumbed to her injuries after she was attacked by a leopard when she had gone to the forest to collect grass.
A 40-year-old woman died after being attacked by a leopard in Uttarakhand’s Pithoragarh district on Monday morning, forest officials said. She became the second woman to be killed by a leopard in the state in a week.
Navin Pant, sub-divisional officer of Pithoragarh forest division said, ""Seema Devi (40) wife of Shankar Ram from Harali Agar village in the district was attacked by a leopard on Monday morning when she had gone to the forests to collect grass. The woman later succumbed to her injuries.""
Pant further said that this is the third incident of death due to leopard attack in the area in the past two months. Two more women from the same area have died after being attacked by leopards
""We had installed cages in sensitive villages but the animal could not be trapped. We are again intensifying measures to capture the leopard,"" said the forest officer.
Attacks by leopards have been increasing in Uttarakhand
On January 20, a 50-year-woman was killed by a leopard in Almora district. On January 9, this leopard had been declared as a ‘man-eater’ by the state forest department. On December 1, a 65-year-old man was killed by a leopard in Chamoli district.
In the first week of November, a 21-year-old woman was killed in a leopard attack in Champawat district. Three women including a teen lost their lives in a week in October in the districts of Nainital, US Nagar and Pithoragarh.","success(trafilatura, resolved_via_decode, 1585 chars)"
Leopard kills 42-yr-old in Pauri; third death in district in a month - The Times of India,2025-12-05,Uttarakhand,Pauri Garhwal,Leopard,Human Death,0.0,0.0,1.0,A 42-year-old man was killed by a leopard in Pauri Garhwal.,0.98,single_incident,,The Times of India,https://news.google.com/rss/articles/CBMi2wFBVV95cUxNcDJMOUVkSElLNFVXWVpHVk5wZnl3bnZSdWJ0c0tTeHN5OUkzUjZnbGVBQkF4ZW5wSzJwUEFlUmNIR1RnNTJhbFpDSG11ZHJPZUN2T3BRdl9aakdkenJYbHhOZS12c1Y0ODB5NmJGb0cyVnYyY1BkMktPM1pUeEpaODh6dUJoTjJiSDVqUVAwZDZWc0gwd3d0S0ZTNl9JQTcyV2pPYVl1Q3UyMlhjTHVXQTdMTVdVeTR3Tm5KQ2tZa2djeU9NWWdaMU0tc3BmZmxFSzZZSG83R2p5d0nSAeABQVVfeXFMTmZGS3NSTU0wVzFRdnJXdVM0aTlLLWZaQ0JhM0JjWHlJZnhEVWlFSnFkdHhCZUYzUG9CYUlhampGcFVEMVY3WGhObG9iWkFzMXNRV3dwQU4xdE5hLUtFUHcyOXludllOZzdaczRSelBWTzZRTWF1Z3Nvd0xhNV9rVURHY2NoZDRZVEw3ejdZS2JTdU5pZmdDVTNqTGRzME1OSVZ5cEFIN19zNEI2MWp6U0JneVZzWUx4TlBKNGc2bU5PR2dMc3piZmpLMGZpSmZxT3dneFVoUFV6elZ3UTdYVVk?oc=5,,,"Dehradun: A 42-year-old man was mauled to death by a leopard in Pauri Garhwal on Thursday, marking the district's third fatal attack within a month. Rajendra Nautiyal was returning home when the leopard attacked and dragged him into nearby bushes. His body was later recovered by villagers and a forest department search team.
The incident has intensified public anger over rising human–wildlife conflicts in the region. In recent weeks, attacks in Koti and Pokhra claimed the lives of two women, while a four-year-old boy sustained a head injury in a suspected leopard attack, forest officials said.
Villagers refused to take Nautiyal's body until authorities ordered the animal's elimination and senior forest officials reached the site. ""His body was eaten by the leopard — the stomach was gone. He was attacked near a river while going about his morning routine. This is not an accident; the animal attacked and ate him. It is a man-eater,"" said Sachin Kumar, a resident.
Earlier, residents in Koti had staged a protest, blocking a state highway for two days. Authorities eventually issued orders to trap or tranquilise the leopard, and one animal was captured following the agitation.
After Thursday's attack, district magistrate Swati Bhadauria and senior forest officials reached the village to pacify residents. Bhadauria met the victim's family — who lost their sole breadwinner — and assured support.
Pauri Garhwal divisional forest officer Abhimanyu Singh said two teams of 15 personnel have been deployed to track the leopard. ""Two departmental shooters, two cages, and camera traps have been placed to trap the animal. If that fails, it will be eliminated,"" he said.
Singh added, ""Maximum attacks are recorded in Nov and May as this is a weaning period of cubs, which makes the mother defensive. Also, increased human movement in forests to collect fodder and wood after the monsoon makes the attacks likely as dense vegetation reduces visibility and provides cover for wildlife.""
Residents have been advised to avoid forested areas at dawn and dusk, and to move in groups with lights and sticks. An anganwadi centre in the area has been closed for four days.
According to forest department data, leopards have killed more than a dozen people in Uttarakhand this year.","success(trafilatura, resolved_via_decode, 2281 chars)"
Two villages deserted as leopard attack scare continues in Uttarakhand - newindianexpress.com,2022-09-01,Uttarakhand,,Leopard,Human Injury,0.0,0.0,0.0,Two villages were deserted due to fear of leopard attacks.,0.8,single_incident,,newindianexpress.com,https://news.google.com/rss/articles/CBMizwFBVV95cUxNb2FmalRzTDM3eGRtYVZLVzVsa2otSUpBMWpWdS1tZzgyZllJdDY3dXp0SVRkdjh3U05kQlh1dmNOVlRRUXB1SE1jYnktLVMwQTNBbHZQZGp6clBQTlhZazVPUDJoaERxYnFfdUkySmR0MnBSM1gtWU44SWRlbC1FUy1BMTlFY2lrNEtFYnJ2YTZTXzc3X2FWeWNqN2txT0tDN2Z1V2RqeHJ0OURUMm12b2tqQV9DTWFQLWtzMksxRVpBWlNfZG1lOWhUOTlDeUHSAdwBQVVfeXFMUDAwVDZLOWNwaWNZRnFlbVJTZmtoRDB2dGNKVVRGRHgtVnBWUU5HQ1BadHZTd1MtZ3FzampwODVXaDM1cGRoSG1sRVFwOE50UlJCNDRyc05YWFdHM3V5WlUtYjFUc2ZZUEIxOHBBZGRDSDlURGcyQ1dPSGkwOFBjQzMwSG5yYTN3V1J6S3lfY1htbDQ5R3hIeWV1NzBoRXE0TXF1bmRKRkFFbExUVEVmZ3VtSkp2Vk13OTRaX25ob0hCb0gxSkFaWUJ5QlRZZlBRWkNlTnB4WjdnZWVwYg?oc=5,,,"DEHRADUN: The people of two villages in the Garhwal region, who were in panic due to the continuous attacks of leopards in their areas, have left their houses one after the other. The two villages are now completely deserted.
Ruchi Chauhan, range officer of Damdeval, Garhwal forest division, said, ""Four families from Bharatpur have shifted elsewhere. There is a leopard threat in the area. Every effort is being made by the department to reduce human-animal conflict.
According to information, another village Bharatpur's last family has also left the village. Even a week ago, Dugadda's Godibadi village has been completely empty. The exodus has not stopped in many villages of Pokra and Ekeshwar development blocks. The people of Bharatpur village of Majgaon gram panchayat of
Pokra development block thought it better to leave the house instead of becoming a leopard morsel. Mazgaon, the gram panchayat of Pokra block, has a partial area of Mazgaon, Dabra, Sundarai, Naulun, Bharatpur and Chaubattakhal Bazar.
Pravesh Sundriyal, a former Zila panchayat member and a native of Bharatpur village, who lives in Chaubattakhal market, says his elder brother Ramesh Chandra Sundriyal has shifted to the nearby town of Gawani with his family due to the fear of leopards.
Ramakant Sundriyal of the village has also started living by building a house on the road about 300 meters above the village. Of the two families in the village, one has moved to Delhi and the other to Dehradun.
On June 10, 2021, Godambari Devi of village Dabra died in an attack by a leopard and Virendra Kumar of Sundarai (Kolkhandi) village was also killed in another attack.
Official sources revealed that more than 30 people were injured in leopard attacks during the last six months.","success(trafilatura, resolved_via_decode, 1758 chars)"
Uttarakhand Youth Kills Leopard With Sickle In Self-Defence - NDTV,2021-09-01,Uttarakhand,,Leopard,Retaliation Against Wildlife,0.0,0.0,0.0,A youth killed a leopard in self-defense in Uttarakhand.,0.95,single_incident,,NDTV,https://news.google.com/rss/articles/CBMimwFBVV95cUxOMjNwLS0zUUdrRmRMZ3p1dmpNRjR3eVY4YTVMWnQ1TDUtX0NhS0VuYUxxNUdQSTFaZVlhYVhLaVlfZzR0eTE0MWEwTnNYR3dFbWJwSmtoVDh3eHE4Nk05dm9leWVScXFwSk4xTS1NamhWMHhkcFVHXzJCZ0hZYkNucExOOVotUGFRRDFFN3BYaVBpSFVIMU1RLVVrcw?oc=5,,,,extraction_failed(page_fetch_failed after resolved_via_decode)
"Leopard breaks into Kufri’s Himalayan Nature Park enclosure, kills aged ‘Sheru’ - The Indian Express",2026-09-03,Himachal Pradesh,,Leopard,Livestock Attack,1.0,0.0,0.0,A leopard killed an aged animal named Sheru in a nature park.,0.9,single_incident,,The Indian Express,https://news.google.com/rss/articles/CBMixwFBVV95cUxNdVlDS2Z2QzhDLVBLakJzbGdUT294WG9SNFVocER2M0RTdVYzaTNnbTRiM0hRUG9CZFYtaGtWdWVDcWQyaWVjQkppR1JBSVRMT21oWjRVVDBwNHF1N3ZWVkx5YUZoMW1KemFJVGEyMnc5OFl0UjBLTDJ4Q0tHZnJPTUFiVHNzbUdhUnlxN25NVDRTaF9OYWxNMjlsazJ6Z0hDQ0ZnSXhxR1NieWw1eWtZN1ZVMXNNNmgtNjcxVWtJLV9DaUNZODZN0gHOAUFVX3lxTE1vSVpnYk9jMHJqRDJfdEtrTWNaaWN0Z1BkWHpzYzV1aGhyMGZlbUxVZ1c3b01KUE4zUHc1T1pzeGluNGl3ckJFcXdPM2FkRHVLZlVCNEhvdWlpUUdYSWlyZkZDWGNETFdkRnB0Y09ZanFSVF95aTFLUWRnLUd4VG55b0ozZE1iWHhELWNtdVB6dzAyMnBCem00VV9TZERUVU5zcnFKdlc2RzZoZWJoUEk0SkU1RjRZcXZmMkZxMmQ0SWwyc3MteVY1Qi13SS1n?oc=5,,,"Saurabh Parashar is an Assistant Editor at The Indian Express, primarily responsible for the publication’s coverage of Himachal Pradesh. He is a seasoned journalist with over 17 years of experience in print media, specializing in crime, legal affairs, and investigative reporting. Professional Background Education: He holds a Master’s degree in Mass Communication from Guru Jambheshwar University of Science & Technology (Hisar) and a Law degree from Himachal Pradesh University (HPU), Shimla. This legal background significantly informs his reporting on complex judicial and administrative matters. Career Path: Before joining The Indian Express in 2017, he spent 12 years with The Times of India. Core Beats: His primary focus is the socio-political landscape of the hill state, with a specific emphasis on the environment, forest conservation, drug menace (specifically ""Chitta""), affairs related to tribal and archaeology and the unique challenges of governance in high-altitude regions. Recent Notable Articles (Late 2025) His recent reporting highlights the critical intersection of policy, law, and social safety in Himachal Pradesh: 1. ""Himachal’s battle against Chitta: Why the border areas are most vulnerable"" (Late 2025): An investigative look at the transit routes from Punjab and the impact on local youth. 2. ""Shimla ropeway clears key hurdle as 820 trees face the axe :According to the Forest Survey of India’s 2021 assessment, 47.21 percent of Shimla’s 5,131 sq km geographical area is under forest cover (Nov 17, 2025). 3. ""Himachal to handover 2.7427 ha of non-forest land for Shimla Ropeway: Given the land’s non-forest nature, RTDC and the state will not require permission from MoEFCC"" (Nov 18, 2025) 4. ""How the centuries-old Jodidara tradition is fading in Himachal’s Trans-Giri region: Jodidara: a form of fraternal polyandry—has long been part of Hatti tribal culture in the Trans-Giri region of Himachal Pradesh and adjoining Uttarakhand. It is believed to have evolved to prevent division of ancestral land and maintain unity among brothers in the harsh, mountainous terrain"" (Aug 18, 2025) Legal & Agricultural Affairs ""Kisan Sabha hails SC’s setting aside Himachal HC order to remove orchards from forest land"" (Dec 18, 2025): Covering a major Supreme Court victory for farmers, where a High Court order to remove fruit-bearing apple orchards was overturned. ""Himachal Cabinet nod to new tourism policy; focus on home-stays in tribal areas"" (Dec 11, 2025): Detailing the legislative push to decentralize tourism and bring economic benefits to Lahaul-Spiti and Kinnaur. 3. Governance & Environment ""Forest rights and development: Why Himachal is seeking more leeway from Centre"" (Dec 19, 2025): Reporting on the legal hurdles faced by the state in infrastructure projects due to the Forest Conservation Act. ""Cloudbursts and resilience: How Himachal’s remote villages are building back better"" (Nov 2025): Following up on the long-term rehabilitation efforts after monsoon-related disasters. Crime especially cyber crimes, crypto currency etc: crypto currency: ""Agents in uniform, motivational speeches, lavish parties: How a Himachal crypto con went unnoticed:A serial conman, a ‘Nelson Mandela Nobel Peace Award winner', and retired policemen got together to pull off a Rs 1,740-crore fraud"" (Nov 10, 2023) Signature Beats Saurabh is recognized for his tenacious reporting on the state's drug epidemic. His deep familiarity with the topography and tribal culture of Himachal allows him to report from remote locations like Spiti, Pangi, Shillai, which are often overlooked by national media. His legal expertise makes him a primary choice for covering the Himachal Pradesh High Court on issues ranging from local body elections to environmental PILs. X (Twitter): @saurabh_prashar . ... Read More
Stay updated with the latest - Click here to follow us on Instagram","success(trafilatura, resolved_via_decode, 3896 chars)"
Human-wildlife conflict: Leopard kills 55-year-old woman in Uttarakhand’s Pauri Garhwal - Times Now,2021-06-11,Uttarakhand,,Leopard,Human Death,0.0,0.0,1.0,Leopard killed a woman in Uttarakhand.,0.98,single_incident,,Times Now,https://news.google.com/rss/articles/CBMi0gFBVV95cUxOQXJnSDVPVnZXRDIyVnlyTGhPeDVQWVdpQkQwdjlEVjhJQjZvbXdJVGVtY2I3bmhwMzBhU3p1X1J5bE1fbWpzajdkZko1T3FPelJyYmp5cVNxS1pKNUJKVjVnX296bmdVQ01ndzI0ZENpNXZsUS1NOW5vUk12VzM2WWxlTjlLWmRHTzk5Z09idk56Y08tZGVkbVI3WTVqVEEtMjdldW8zaXhkcjVCenhWRUxEeFZxeXBObG5SbzRiYl9XSTJRM2ppM1FGQVVhbS04dHc?oc=5,,,"Dehradun: In a deadly incident of human-wildlife conflict in Uttarakhand’s, a leopard attacked and killed a 55-year-old woman in Pauri Garhwal district of Uttarakhand on Thursday morning.
Reportedly, the now-deceased woman was identified as Godambari Devi, a resident of Dabra village in the district. She was working in the fields near her house when the leopard pounced on her around 11:30 am, according to the authorities of the western Amli forest range.
Upon noticing the big cat dragging the woman to the bushes, residents of an adjoining village raised an alarm. Unfortunately, by the time, the people of the woman’s village reached the spot, she was already dead and the feline had vanished into the forest, according to news agency PTI.
Furious over the incident, villagers demanded the leopard be declared a man-eater and immediately terminated. Mukesh Kumar, Pauri Divisional Forest Officer (DFO) told The Times of India that that the higher authorities have instructed him to either capture or kill the animal. However, the DFO said that their first priority is to trap the animal by tranquilising it. Furthermore, the order issued by J S Suhag, Chief Wildlife Warden, states that the officials can only terminate the leopard if their attempt to trap it in a cage fails. Cages have been installed near the spot where the woman was attacked by the leopard.
Lately, human-wildlife conflict has escalated significantly. It was only a week ago when a man was trampled to death by a tusker. Apparently, most of the attacks were reported in Uttarakhand’s hilly areas including Pauri, Pithoragarh and Almora.","success(trafilatura, resolved_via_decode, 1613 chars)"
Uttarakhand: The rising menace of man-eating leopard - firstpost.com,2024-10-27,Uttarakhand,,Leopard,single_incident,0.0,0.0,0.0,Discussion on increasing leopard attacks in Uttarakhand.,0.5,single_incident,unrecognized_conflict_type:single_incident,firstpost.com,https://news.google.com/rss/articles/CBMioAFBVV95cUxQRGJYb3gtNURWM2laQUdtNDlnVnR4OHcxb0o0MDNpQzE1LXB1SDB0X2lsempfblEwYkRJem5OaF9EQ1dRSDE2dWM4NGlCek9JczlFaGZLdFRqZnBjcmxvLWFQRzczOEpoYnhlcWJrUGtnd1pRMnBibk5nR2hvUk1QUmdaVGJ4VnlYeldmUGJWb1hCTFBqZTgyMlVwaDJVVTlt0gGmAUFVX3lxTE5ydGlJTVp0Z08yaXVWYmpKSFR3WnJ5MGZZZHk5clR1YVJzTnUzUThoN2E2S0FwNmIzbDdIY1RKRVZKUExBUzNBb0hRb1o5aXd2X1dlWml4QTJNRXdQY3FQMmdnS1pHWGtWTFNZQlpOT09EbXdudFZVUEVHeWs3SlE2Q3FZRThielVNdmJWS1RlUVJab3hTQ0ozT3hDMlJjYTF2UEFUNWc?oc=5,,,"Wildlife scientists remain tight-lipped on the growing number of leopards in Uttarakhand, but most former forest officers assert that it is now time to decide the carrying capacity of any species

Strange killing pattern of a leopard, active in a remote part of district Tehri (Uttarakhand), has refreshed the memories of the legendary Jim Corbett era. The man-eating leopard has killed three people in three months to terrorise over a dozen villages in Bhilangana block. Like the infamous Rudraprayag man-eating leopard, which was gunned down by Corbett in 1926, even this feline is not returning to the kill to make the operation of the forest department for eliminating the man-eater challenging.

Normal life remains affected, and a curfew-like situation prevails. The villagers have been reeling under the fear of this man-eater leopard since the past three months. One incident is following another. On July 22, this year, nine-year-old Poonam was killed by the leopard in Bhaud village. The man-eater executed its second kill at the nearby Purwal Goan by killing three-year-old Raj Shah on September 29. The latest incident, on 19 October, in which the feline killed 13-year-old Sakshi Kaintura at Mahargoan, has created panic among the local people. All these affected villages are located in a radius of 5 square kilometres. Taking precautionary measures, the primary schools in the affected area were closed for three days. The forest department and local administration are providing vehicles for the senior section students to ferry them to school and bring them back to their villages.

Advertisement

Purwal village in Tehri

The Uttarakhand forest department has intensified efforts to eliminate the man-eater leopard. Forest Ranger Ashish Nautiyal says, “Three teams of the department have been deployed in the affected villages. We have installed 20 camera traps in different locations; 3 cages are placed in strategic locations, and drone monitoring is being done under the operation.”

The parents are concerned as children are more vulnerable to leopard attacks. This is also proved by the recent incidents in the Bhilangana block in which three children have lost their lives in feline attacks. When the first incident took place, monsoon was active in the hill state, and it was time for conducting various agriculture-related activities. Social activist Awtar Negi from Doni village says, “It is the harvesting time of various oilseeds and pulses in the hills. But the villagers are fearful and moving in groups. Most of the activities remain disturbed due to the fear of the man eating a leopard.""

More from Opinion More from Opinion

When famous writer and Shikari Jim Corbett came to Rudraprayag in 1926 for a special operation to kill the man-eater, he was surprised by its killing pattern. On this he states in his book Man-eating Leopard of Rudraprayag, “When a leopard, or tiger, leaves of his own accord a kill in the open, in an exposed spot, it is an indication that the animal has no further interest in the kill.” In a move to prevent other animals from stealing the kill, leopards generally hide their unfinished kills.

The man-eater of Bhilangana is also not returning to the kill. Three operations of the forest department to camp near the kill and wait for the leopard in affected villages have failed. Even the other practices of the leopard are strange. The feline is just eating the neck and face portion of the kill, not touching other portions of the body. Even the operation time is shocking, from 3 pm to 5 pm. Sanjay Tiwari, Pradhan of Purwal Goan, rues, “We are living in fear. Don’t know when our lives will turn normal.”

Advertisement

Purwal Goan is a small village with about 85 houses and a population of about 500 people. The September 29 incident, in which three-year-old Raj Shah was killed, has totally shattered the confidence of the villagers. They are scared to come out of their homes and move in the forest to collect fodder and fuel wood.

Reports about leopard attacks continue to make headlines on a regular basis in the hill state. A few days back, eleven-year-old Gurpreet was killed by a leopard at Nanakmatta in district Udham Singh Nagar. Kartik faced a near-death experience at his village Thangar, in Dwarikhal block in district Pauri, in a leopard attack recently. Local resident Jagmohan Dangi says, “The leopard is still moving in the area. Many local jeep drivers have made video of the leopard casually moving in various locations. The situation is alarming.”

The growing number of feline attack incidents clearly indicates that the population of leopards has increased many folds in Uttarakhand. According to the forest department data, there were 2,335 leopards in Uttarakhand in 2015, and the number jumped to 3,115 in the last estimate in 2023. But the high visibility demands a comprehensive census of leopards in the hill state.

Advertisement

Wildlife scientists remain tight-lipped on the growing number of leopards in Uttarakhand, but most former forest officers assert that it is now time to decide the carrying capacity of any species. They advocate wildlife management as needed at the time.

Views expressed in the above piece are personal and solely those of the author. They do not necessarily reflect Firstpost’s views.","success(newspaper3k, resolved_via_decode, 5317 chars)"
Uttarakhand: Third tiger attack in 3 days puts Kumaon on edge - The Times of India,2022-06-19,Uttarakhand,,Tiger,single_incident,0.0,0.0,0.0,Concern over multiple tiger attacks in a short interval.,0.5,single_incident,unrecognized_conflict_type:single_incident,The Times of India,https://news.google.com/rss/articles/CBMi0AFBVV95cUxPSHgyUDRyWnpUSFZpaTBpdE8tWWF3OGE4WkpyRHJULU82RUtKaXBJN3ByTzRqQmJmdHhXQnVMdzlMZzJTeGlWNTF3UzJEQURuTTR6THh0YlVCTEtXbVNRMzc4ajhTQjdUNEZhc29KQmo2eERpNTVxdS1mRWZhSm5KWG5ubVpjU0d0Sy1CM1ZMbVN5X3IwcG8tWmdTdXd2ODBLdjVHVzJuRk1FSlRyNVN2VlMyMHJOUzV2T29MOHZnSWFnbVdlSU1CZ0JWLU0zOHNL0gHWAUFVX3lxTE5WcHJ5OFBfdENpZFRMR3ZJbVRHTGp1a3g2bEpUR2N5X2thUlZZa09VbFNoY1VjelBPZjB2RGhMR0IyVDNhaHVWMF9HNklWNEVHTEhDbkJ5RW5fMmZPZ1JNUmRyc0NIX0llZ1IyM2NwMFJTVkRmNWdmMzM5RGFNdnhaSDhWVmVhMThKbWNDNGtBNmdTRk1lU252dkVlSUFKSlR2Q3ZJMTU4dXg5X1RKSEloZTdpS1dXU0dkOFJOYTdpMXpGVkgtZ2VvQ0tzVEpJLWVmeTNHUkE?oc=5,,,"DEHRADUN: Three tiger attacks on three days in a row have put the Kumaon foothills on edge. Two of these occurred in Corbett, believed to have been done by “a male tiger past its prime”, and one in Haldwani, where a 65-year-old woman was killed by a “reformed” tiger, which acquired a man-eater tag after mauling six humans to death and lost it after not attacking for 60 days. 
Currently, neither tiger has been declared “man-eater”, although there are orders to capture both. Scientists from Wildlife Institute of India (WII) and World Wide Fund for Nature (WWF) are being consulted on how to deal with them. “The decision to radio collar them, put them in a zoo or eliminate them will be taken scientifically, based on evidence,” said Parag Dhakatey, chief wildlife warden of Uttarakhand forest department. 
On Wednesday, a labourer working on some construction on Dhangari-Dhikala road, nearly 1.5km deep inside the Corbett Tiger Reserve (CTR), was mauled to death. Two days later, a 28-year-old forest watcher was attacked at the same spot. He was taken to Delhi in a critical condition for tertiary care on Saturday. “In all likelihood, his lungs were punctured. An advanced ambulance was needed to take him,” said a forest staff from Ramnagar.
A senior frontline forest staff member of CTR told TOI, “Close observation of camera pictures revealed the tiger behind these two attacks has crossed adulthood (predators that are old or have disabilities, diseases are known to target “easy preys” like livestock or humans). Our staff is patrolling the forests on elephants but the tiger is frequently changing its location. In the past, it has killed several livestock and attacked villagers.”
Roughly 60km from the site of these attacks, the mood was grim in Fatehpur range in Haldwani, where an elderly woman was mauled to death while fetching fodder for livestock on Thursday. Villagers had conducted a ‘chakka jam’ on the Ramnagar-Kaladhungi stretch of road with the body of the woman, refusing to hand it over for post-mortem unless senior forest authorities assured the menace would end. It resulted in traffic snarls for hours.
The woman was the seventh person to have been killed by a tiger in six months in the area. It had initially been named “man-eater” but the tag was removed on March 30 this year when it didn’t attack any human for 60 days. Before that, a special team from a private zoo in Gujarat, comprising 30 persons, with high-grade modern equipment and vehicles, had been called on a “top secret” mission to trap the animal but failed to catch it.
 The tiger remains elusive. A total of 92 camera traps have been installed on a 15-km stretch to track it in Fatehpur. Forest department staff and contractual workers have been directed to intensively patrol villages on forest fringes.
“There are some 100 staffers in the western circle and each one of them has been directed to inspect all entry points into the forests, where villagers usually go to fetch fodder, to prevent any mishap in the future,” said KR Arya, range officer, Fatehpur. Arya added that Rs 24 lakh has been disbursed among family members of the six tiger attack victims in the area. The family of the woman who died on Friday will also receive compensation, Arya said.
“We have raised a set of questions with the staff and once it is proved scientifically that they should be declared problem animals, we will give necessary directions to the staff on duty,” the chief wildlife warden said.
Fatehpur is not far from Pauri, where a group of villagers had set fire to a trapped leopard after overpowering a forest department team last month. The leopard had killed an elderly woman and the villagers said they failed to get proper assurances from senior forest officials on what would be done to avoid deadly attacks in the future.
All three attacks occurred in areas falling under the western circle of Uttarakhand forest department, which had been awarded the “Bagh Mitra” award in 2019 at the Pacific Asia Tourism Awards (WWF - PATA) after the number of tigers went up as a result of “remarkable tiger conservation efforts”.","success(trafilatura, resolved_via_decode, 4120 chars)"
Elephant tramples to death man out on picnic with friends near Dehradun - The Times of India,2021-09-14,Uttarakhand,,Asian Elephant,Human Death,0.0,0.0,1.0,Elephant killed a man in Dehradun area.,0.98,single_incident,,The Times of India,https://news.google.com/rss/articles/CBMi3wFBVV95cUxPV0UtZGgtU1BmQ2hRWmpjSVFLUVFzWWZGWFZzY2l2ZlJaZnhLQ19Fdkhtb3JrNlFyU0sxbEFvUnNibEs4Mjd1WHdRRThUcXFWMF80TFlCYlppaEFqaGFJeUNmUnhJZWNFd2dfUkdna1psOGVrY3pYNDJkR01iUjZXczlueUJiUDFvT19aN0JKS1VpS01EclROaE5tODBJSHp3a01MOXFUXzZlam1xX1hfMW92bm11MDdKZl91VndvRmMtZ1I0X1FZcDN4bzYwajNJdElNYWI0cFR4ZGhCOTdF0gHkAUFVX3lxTE1MRURTOU9GOTB2MVlObG9QSmxZMEktU3hmQzM4MUhfQWMxZTdoWmtyRERQTnR3blM4T3Q3RkJ2U3lOSDJ0QmN2aVZZRlUzWXdsS2pRQWgxX1J5TEt0UnhPU0lBRGRnVU0xc202eFpraWctaHhVeHhvdm1zcXhyTy02aDJBc3JfNlZoRm9CMzAxWWpZUmRxR0FWaWxBaFliVnIzSXlKSGs5bV94eEw0ckFFWkk0OUN1V1V3NGRFYVNmZkNENW13dWpROTM2ZTlFWXgyUVBWanZ0RTdPUVF1Y1l3aGZGcw?oc=5,,,"DEHRADUN: A man out on a picnic with friends on the outskirts of Dehradun was trampled to death by an elephant, as per the claims of forest department. The incident took place in the Saura-Saroli area of Maldevta on Sunday.
Identified as one Shahbaaz, the man and his friends reportedly went near a forest where they came across a herd of elephants, according to the forest staff.
Seeing the jumbos, they started to flee, but Shahbaaz was attacked by one of the elephants and suffered grievous injuries. He was taken to a health centre where he was declared dead.
The incident has raised questions on the lack of patrolling in the forest area despite it being a famous jumbo zone and rising cases of elephants moving around that area.
The forest department data indicates that eight persons have lost their lives to human-elephant conflict and five others were left brutally injured in Uttarakhand till July 31. And almost a dozen elephants have also lost their lives in different forms of conflicts arising due to encroachment of their habitats.
A few residents of Dehradun have alleged that it is ""excessive encroachment of fringe forest areas due to which the elephants are unwillingly getting into a conflict"".
Incidentally, the mishap occurred close to Balawala forest where the education department had planned to come up with a science research institute by felling at least 25,000 trees. In the same area, the previous year, solar fencing was raised to keep elephants away from venturing out from the forest in search of food.","success(trafilatura, resolved_via_decode, 1534 chars)"
Man walking towards Neelkanth shrine trampled to death by elephant in Uttarakhand - Times Now,2021-03-07,Uttarakhand,,Asian Elephant,Human Death,0.0,0.0,1.0,Man trampled to death by elephant.,0.98,single_incident,,Times Now,https://news.google.com/rss/articles/CBMiywFBVV95cUxNM1hvcnJfbnFZdV9SMVA1TWtzODllS215WldRSEpOTVZIbXZTUHA2SGNrUXRzUmdvM18zTEVkMVJ4TkFuUktCSVZXNkVCRG9qdElhWG4tcHl4Rl81Z0czNm9vYk9ZVFFfdU1VeC1qWEhsZ1ZOTXY4UkNLeXpTZDZ5bS1pX0p1bXhOUHIyQUpHZlZOd192NHNlaEdmNkxSNGJkTUlNd1QxTmY0Y0lVeHhFN0liRDRtdV9iR1g3Zjd6N1NtY2QyMzNhTzJaZw?oc=5,,,"Dehradun: An elderly man was allegedly trampled to death by an elephant in Uttarakhand when he was on his way to a shrine. The incident took place in Rajaji Tiger Reserve in Pauri Garhwal district. Dheer Singh, range officer Gauhri in Rajaji Tiger Reserve confirmed the incident.
Singh said that the elephant charged towards the 55-year-old man and trampled him to death. He said that efforts are being made to identify the deceased. The body of the elderly man was sent for a post-mortem.
Warning signages to be installed for safety
Singh said that they sought additional patrolling staff from senior authorities as incidents of human-elephant conflict have increased in recent years. Additional superintendent of police (ASP) Pauri Garhwal Manisha Joshi reached the spot after being alerted and conducted an inspection.
The senior cop ordered the increased deployment of police personnel and asked authorities to instal warning signages about elephant movement in the area, Hindustan Times reported.
On February 22, an elephant trampled another person to death at Phoolchatti road near Neelkanth shrine-Lakshman Jhula area in Pauri Garhwal district. The jumbo also walked into nearby shops and broke window panes of a goods transport van parked near the shops.
Forest range officer Pauri, Anil Bhatt said the deployment was increased in the area and locals were advised to exercise caution. He added that locals were asked to inform the forest department on sighting animals like leopards.","success(trafilatura, resolved_via_decode, 1491 chars)"
Minor Girl Injured in Jackal Attack in Jammu Kashmir - Kashmir Life,2025-04-19,Jammu Kashmir,,Jackal,Human Injury,0.0,1.0,0.0,Minor girl injured in jackal attack.,0.98,single_incident,,Kashmir Life,https://news.google.com/rss/articles/CBMijAFBVV95cUxQLUFiRUhuNW9wSEw3dHRpc3AxdEYzdEp5TnktVXo3ajVqZ2NZd2k0cEdnd0hXcjNNZi1EcmVOckhEU09pdElHNlBYSFlNcFJ0di1UYXgwcVRlajFaSUxvM3dJZUItbzgwRGRmQUM4LWtqZTl6eVBlR21pSjVGX0dkdFk3aExvZl9QbHE2UA?oc=5,,,"SRINAGAR: A minor girl was injured in a wild animal attack in the Sawjian area of Poonch district on Saturday.

An official said that the incident occurred in Cholla village of Sawjian sector when a wild jackal entered the house and attacked the child.

The injured girl’s name withheld, daughter of Sakinder Ahmed, aged around 5–6 years, was immediately shifted to hospital. After receiving first aid with some stitches, she was discharged, the official said.

The attack created panic in the area, prompting locals to urge authorities to address the growing threat of wild animals in residential zones. (JKNS)","success(newspaper3k, resolved_via_decode, 611 chars)"
Three Injured In Wild Bear Attack in South Kashmir - Kashmir Life,2026-09-09,Jammu Kashmir,,Asiatic Black Bear,Human Injury,0.0,3.0,0.0,Three people injured in bear attack.,0.98,single_incident,,Kashmir Life,https://news.google.com/rss/articles/CBMiigFBVV95cUxNazVRcERkamp1ZWo2UlM4NF91MDFRWGx6MnpRRF9Wd1hVODFzeEFWZTJZYXMtTWM5anBoT3lISzBRNFNMUVZTSkxiVmtPQk1YYUJsM25RTEhfUjRESjduTUZ6eGlDSjZ1ckFwUDJkN0t6dW9oZVowcGNNU3NvVzZhb0F2dG9ZYWlNOHc?oc=5,,,"SRINAGAR : Three women were injured after being attacked by a wild bear in the Batfujan area of Keller in south Kashmir’s Shopian district on Wednesday, officials said.

Quoting an official the news agency KNO reported that the women were attacked by the wild animal while they were in the Batfujan area.

He said the injured were immediately shifted to a hospital for treatment. They were identified as Maroofa Akhter, Firdoosa Akhter and Nusrat Gulzar, all residents of Batfujan.

Their condition is stated to be stable.

Meanwhile, further investigation into the incident has been taken up.","success(newspaper3k, resolved_via_decode, 593 chars)"
"Woman injured in bear attack in Tral, hospitalised - Kashmir News Observer",2026-09-11,Jammu Kashmir,,Asiatic Black Bear,Human Injury,0.0,1.0,0.0,Woman injured in bear attack and hospitalized.,0.98,single_incident,,Kashmir News Observer,https://news.google.com/rss/articles/CBMirAFBVV95cUxNb3hNMmphRjBaLUZLcWJScEFXeDltNmRWMDU5LUpGQTh4cU1aNXp4OFFSZGFfSnlCN2hwMURCOEM1RXV4R2Fuc1hxZEtYLXI1X1V5cXdac1hjcFNWTGdtSjhKNVV3MGM2UWZkakk2MVZqeWxfMmZ5QnZfUUhTTXJJQWM2b1dtX09yRzIzT3pFYXV6RHMwOVg1Mk9qWm1MejZwZENPZVhhUmxiSkhH?oc=5,,,"Srinagar, Sep 11 (KNO): A woman was injured after being attacked by a bear in the Handoora area of Tral in south Kashmir’s Pulwama district on Friday. An official told the news agency—Kashmir News Observer (KNO) that the woman was attacked by the wild animal in Handoora, leaving her injured. He said that she was soon shifted to Sub-District Hospital (SDH) Tral for treatment and was later identified as Hajra Begum, wife of Ghulam Ahmad Khan and a resident of Handoora. Meanwhile, locals have urged the Wildlife Department to take immediate preventive measures amid increased bear movement in the area.—(KNO)","success(newspaper3k, resolved_via_decode, 610 chars)"
Two injured in separate bear attacks in J&K's Banihal - Greater Kashmir,2021-07-04,Jammu Kashmir,,Asiatic Black Bear,Human Injury,0.0,2.0,0.0,Two people injured in separate bear attacks.,0.98,single_incident,,Greater Kashmir,https://news.google.com/rss/articles/CBMingFBVV95cUxPeDZDTUtVdmZueHZMQ2t2ZkNMTVdMZEs1VmhHWkFyVklIbUJTY1ZvQkNsUHBkSDFaZDdlRW9uSXBoYUpScHpLaVRJRXMtSXJUVHNSbENodEFLb1dwWmhiQVFBQWtyX2psaEF1RU4tM1Z0NjFadmtmd20zc2U4SWpZS3UwSFhwQ2xidGFJaTJ4VkdVMHVqYXdrRExGbElLZ9IBogFBVV95cUxNb2FjY3pNSzdzZUFPdFc5dWhCaWtlSmkxamxZY1poSEoxcDZtWHBCeHpGbVlrcnBUN3ZuSE1sRjNyLVd4V1hLN0ZlYTFWMjJudlRlampxRzF4clhqN3R6RVRpaHZGZGZLa1owZzF0S21STTh2akVxUHFfTVYyVUtqMTlUNnNWbDlVbFg5UmVGc0ZKNTEtQkRpWGJRalEzVnQ1ZkE?oc=5,,,"Banihal , July 4 : Two persons including a woman were injured in two separate bear attacks in Banihal area of Ramban district on Sunday.
Both the injured have been shifted to Emergency Hospital Banihal from where the man was referred to GMC Anantnag in view of his critical injures in the attack.
Officials told Greater Kashmir that the first incident took place in the Chapnari Guddar area of ​​Banihal on Sunday noon when, Wazeera Begum, a local woman walking near her house was attacked by a wild bear that appeared from nearby bushes.
The woman received injuries but was rescued by nearby villagers.
She was shifted to Emergency Hospital for treatment.
In the second attack, a nomadic Bakarwal was also attacked and injured seriously by a wild bear Sunday afternoon when he was grazing his sheep and goats in upper reaches of Kharpora Banihal.
The injured Bakarwal was identified as Mohammad Sharief son of Dawood Bakarwal, a resident of Kothi Jagir in Tehsil and district Ramban.
Volunteers from Banihal Volunteers group rushed the critically injured Bakarwal to Banihal Hospital from where he was shifted to Government Medical College Anantnag in view of his critical condition.
In-charge Wildlife Control Room Banihal Najamu Din Nayak told Greater Kashmir that after the two incidents of wild attacks, Wildlife teams from Banihal and Khari were dispatched to Chapnari and Kharpora upper reaches to drive wild beasts away from the area to avoid more wild and human confrontation.
He said compensation cases from wildlife department in favour of both wild animal attack victims are being prepared.","success(trafilatura, resolved_via_decode, 1602 chars)"
Jackal Leaves Three Persons Injured - Kashmir Life,2021-02-01,Jammu Kashmir,,Jackal,Human Injury,0.0,3.0,0.0,Three persons injured in jackal attack.,0.98,single_incident,,Kashmir Life,https://news.google.com/rss/articles/CBMidkFVX3lxTE4xZmVQUDVZRmo5Zy1YekZ6MERTWk1JU1lBNzl3N2RsRENSRmVQZHhuSTVPc0pXQlMwaWM0bnVMQTJvb1hKTWEzWm81eWRjdzYtM0RPTjAwcS1jTk5ySjZRcndDZlBmZl9DWFozR1lBVmctV25VY0E?oc=5,,,"SRINAGAR: Three persons were injured after a jackal attacked them in broad daylight by entering a residential house in Haril area of north Kashmir’s Kupwara district.

Reports said that the trio were inside a residential belonging to one Abdul Majid Wani at Haril, Langate area when attacked by the beast this afternoon.

Identifying the injured persons as, Abdul Majeed Wani son of Abdul Khaliq Wani, Umar Majeed son of Abdul Majeed Wani and Najma Bano daughter of Abdul Majeed Wani, a medical official at DH Handwara said that they have received three patients with different bodily injuries.

“All of them are out of danger and responding well to the treatment,” news agency the official added.","success(newspaper3k, resolved_via_decode, 697 chars)"
Jackal Attack Injures Five In Kashmir - Kashmir Life,2023-05-11,Jammu Kashmir,,Jackal,Human Injury,0.0,5.0,0.0,Five people injured in jackal attack.,0.98,single_incident,,Kashmir Life,https://news.google.com/rss/articles/CBMieEFVX3lxTFAtSHRjdDlvbXFRdHFIWE5tOVZ2Uk5Xd0tyQWwwOG0zME1GWnNyMkdVdmNDX1VvWi1xVjg5LUo2bkpmMzRqWnpPZlJVNTB5NzhvLUtvaWR5V3ZESXVaaHNLTHAxOG1tUEZSU1h0SVNmRDFKWUJnRWRDZA?oc=5,,,"SRINAGAR: At least 5 persons were injured after being bitten by a jackal in Tarzoo area of Sopore in north Kashmir’s Baramulla district on Thursday.

An official said that a jackal appeared in the village and bit at least 5 persons.

He said that soon after the incident, the injured were admitted to a nearby hospital for treatment. “The condition of all the injured is stable,” he said.

The locals, however, alleged that they had already informed the department concerned about the wild animal roaming in the area but no action was taken.

Meanwhile, wildlife officials have advised the residents to stay cautious while working in orchards or areas where wild animals roam freely. (KNO)","success(newspaper3k, resolved_via_decode, 689 chars)"
2 injured in bear attack in Shopian - Greater Kashmir,2021-08-05,Jammu Kashmir,,Asiatic Black Bear,Human Injury,0.0,2.0,0.0,Two people injured in bear attack.,0.98,single_incident,,Greater Kashmir,https://news.google.com/rss/articles/CBMigwFBVV95cUxOcENuUDRHOVllYmNyekstUG44NC1mQ1g3YmhKeVdMWTdHeTNSVGROSFR4RGN5YV9fTVVXUHA4VFZhSHJXYTVXZVVNbmRfbU9LWFVQY3pqWmgyYUlfLWN5Z0xlQm5lQVhEeVoxRU5aTGxROXNoNXZ6YWY4Q2hOZkVfWVRRMNIBhwFBVV95cUxOc1pzc2xzSTA3c0o1aDFMbWEyeFlCZ0ctQnQ5SDB6RjZQZ25Xa0RMdXhZNFZLTFZlRHZxTDV2WDY3ZVMyMm14eVpDWTBWQnp1TGtZRUhQRWt2V0NfWEM5WE5aMVZnNVI3ajdOSUxuR2tnSXRENVpHdldJNVYtQU1jOXpySjVfVms?oc=5,,,"Shopian, Aug 5: Two persons including a Wildlife official were injured in a bear attack in Chitarwach Imam Sahab village of south Kashmir’s Shopian district on Thursday.
An official said that the locals in Chitrawch village, some 12 km from Shopian town, spotted a black bear in the area and immediately alerted the Wildlife department.
He said that a team was dispatched to the area to capture the animal.
According to the official, as the team showed up in the area, it came under the attack of the bear, leaving a Wildlife official injured.
“Earlier, in the morning, the bear attacked a local and caused grievous injury to him,” the official said.
“The injured were immediately rushed to the nearby hospital for treatment,” he said.
The injured official was identified as Irfan Ahmad Parray of Zawoora.
The official said that the bear was finally captured by the Wildlife officials and would be released into the wild.
Since winter, many incidents of wild animals straying into local habitations have been reported from Shopian wildlife division comprising Shopian and Pulwama districts.","success(trafilatura, resolved_via_decode, 1090 chars)"
Leopard Captured After Attacking Elderly Man In Jammu And Kashmir - NDTV,2022-09-26,Jammu Kashmir,,Leopard,Human Injury,0.0,1.0,0.0,Elderly man attacked by leopard.,0.98,single_incident,,NDTV,https://news.google.com/rss/articles/CBMiqAFBVV95cUxQWWlGaDIwTnd2Qk9qVDJkeVRnMjBvUTNJUDU4eWdkNE5PM091a1BRaFdvSXNvT2hObDBidUhGd0NraDVNOF9ZVWxOTmRhQm1uaThqSjdVOVUtSGltWHNhREtyRDI1al9VMXcyLW1mTlhPVWg0cjdpRXlVUHRjenRVSXczcUNWUVYzbm1neFdDMkltS003VkRwcmFLLWxtM3RraW9GLXN6T3rSAbABQVVfeXFMUG04UlZ5OUZQS0ZEUmoxRlpVNS01am95LV9pTFVWQjdnVFRDUnB4a19uMExfNWNHNnN3MTYxeVBqNWQzU2xNTUVPRXh4VzBWbG1hMU11TktsWG1QOEhBZUdVdWpLeTZ4dkY5X0E4eHh1WVlvb0lWaUljNXpfTTEzbU03ZmhBZXJ0M29mYzdnZ19GMFhHb0l1TGhPbDJOd1N3Z1cyNER5by15NkhiUEpzMnA?oc=5,,,,extraction_failed(page_fetch_failed after resolved_via_decode)
"Uttarakhand: Day after ‘revenge killing’ of trapped leopard, 150 booked in Pauri Garhwal - The Times of India",2022-05-27,Uttarakhand,,Leopard,Retaliation Against Wildlife,0.0,0.0,0.0,Revenge killing of a leopard reported.,0.95,single_incident,,The Times of India,https://news.google.com/rss/articles/CBMi4AFBVV95cUxNWkROT05wdUp1czRWUy1FUV9TZ0tVakUteFMwUHJSM2RaOXdzWjdQRHk0bDVXQnZPT3ItdjFmSUJtTGVNZ0lsZXppXzU0TmxaQ3dxZzdGSDhBWEE4WFlpb1JNUEFoQ2ZKWnVtNURzaXlvN1YzM2RXY21VMGtSLWlvODl1YVVUaXpsY2lQZ3A4TER4M0drTWZlVXNNcl9EQ3BNbVo2TXAyRy1LemxiX3ZSaDgydGtfT3NFOGVyaTJwN2RMV2wyazBMeXBtLW10Q1IyME4tV1ZGRl9qT1VmdjBpWNIB5gFBVV95cUxPSmJXbS1Zb2E0TXBySVU3VXllcnRmN2JGOXBxcWVNWkk3eXJyRWgzeGFwaFVYdC1zVTZFQUVwV2FnMlZUNXdIdDMwUVpFMGtnYklxLXFtWlNIdlpZcmZPVFd0WlppdlhlZEcxM1Z0TmRWdk5oRDhhMlMwdnA5dFFUSnpLd0xlMThDcjFtTlNtMEEzRVNLdi1HNnlXV1RhQTNLdmNsUWxvYnVHZjZYdGZLa2xoeEJ0ekJRUE5pV0gyUk4wNHBvY1NjTHNDa0s3bU9kVDM1SHVTSlNicVhFem1aQXdDcmdWdw?oc=5,,,"DEHRADUN: A day after a seven-year-old male leopard was burnt alive by a mob in Pabo block of Pauri Garhwal on Tuesday, 150 villagers were booked on the complaint of forest officials. Meanwhile, the role of forest authorities and police has also come under the scanner. 
The divisional forest officer (DFO) of Pauri, Mukesh Kumar, said, “An FIR has been lodged against 150 people of three to four villages, some of them unknown.
An investigation is underway to ascertain the events that led up to the crime.”
Meanwhile, Anil Rawat, pradhan of Saplori village, who himself has been booked, claimed section 144 wasn’t imposed in the village, as mandated by the National Tiger Conservation Authority (NTCA) in case a carnivore wanders into a human habitat, which led to a mob surrounding the cage.
The incident, which has been called a “revenge killing” by forest authorities as it was probably the same leopard that killed a 47-year-old woman on in Saplori village of Nagdev forest range on May 15, took place at 11am on Tuesday.
Cages with dogs were installed at two spots to trap the leopard and the feline walked into one of them around 5:30am. Anil Rawat said while a forest team arrived at the spot in the next half an hour, residents demanded to speak to the DFO and the ranger. ""People from neighbouring villages, some of whom had lost their children and other family members to leopard attacks, also gathered at the place. They waited for hours for the senior forest authorities to arrive, demanding to know what measures would be taken to prevent such attacks in future. Emotions ran high, as people felt they were not heard,” he said. 
""Senior forest officers arrived around 11 am, but by then the mob overpowered them, threw dry grass and petrol on the cage with the leopard in it and set fire to it,"" a villager told TOI. 
Ambika Rawat, daughter of the woman who was killed, feels there was nothing wrong in burning the animal to death. “Villagers waited for almost five hours for forest authorities to arrive and listen to their concerns. After waiting from 5:30 am to 11 am, they lost patience and took matters into their own hands. We live in constant fear of death, I lost my mother to a leopard attack,” she said.
Tuesday’s incident is a hark-back to a case of 2011, when some people of Dhamdhar village in Pauri torched a man-eater leopard in front of forest and police officers. An IFS officer, on the condition of anonymity, said, “The state government withdrew the case filed against perpetrators of the Dhamdhar incident. Such leniency emboldens people.” 
Another IFS officer, on condition of anonymity, said, “NTCA guidelines clearly state that the district administration must implement section 144 when wild carnivores like tigers or leopards stray into human habitats. When that isn’t done, mob management becomes difficult. At times, forest officials struggle to save their own lives, forget that of an animal’s. Human-wildlife conflict requires the cooperation of all stakeholders, not just the forest department.""
Personnel of the revenue police, under whose jurisdiction the area falls, were nowhere to be found on the spot, alleged villagers. 
When asked why the district administration didn’t take pre-emptive measures, Pauri Garhwal district magistrate Vijay Kumar Jogdande said, “Our staff members were already there when villagers forcefully took over the cage. These allegations are made by the accused to save their skin.” 
In December last year, the forest department had started a sensitisation programme in collaboration with an NGO for villagers in hilly areas of Uttarakhand, where leopard attacks were rampant. Pamphlets and calendars in regional languages on ways to understand a leopard’s behaviour were distributed. The programme was a success in Tehri, where fatal encounters with leopards were reduced considerably.
So far this year, at least 10 people have died in leopard attacks in Uttarakhand, a majority of them in Almora, Pithoragarh and Pauri districts. According to experts, 60% of all deaths in human-animal conflict incidents occur due to leopard attacks in Uttarakhand.","success(trafilatura, resolved_via_decode, 4126 chars)"
Kashmir: Locals worried after leopard kill children in border town - Maktoob,2022-10-04,Kashmir,,Leopard,Human Injury,0.0,0.0,0.0,Concern over children killed by a leopard.,0.9,single_incident,,Maktoob,https://news.google.com/rss/articles/CBMirgFBVV95cUxOUmVCNk5LNkVTeG5YdGpNYV83MWR6cXQ4TVJoUkNDMld1NUxzdnExUjRuanc4b0tXRlNtQmxEY2VoSVJNZ0V5S1BFeGRDamdja2FKMjRxM3Jjbk1ydlkxMTBqT0EyYndVZXpHUVVET19ubG4tczE4WFVzb005LTJaSkFVaV9mTGNYNm1Sb3hOeDkwVzdoQXFVNnNqajFhbzZSNHpYYUhzTVNTcUtfaVE?oc=5,,,"Wildlife team during a search operation which was launched in MuliNag Dhani-syedian area of Uri Baramulla after two minors were killed by a man-eater leopard. Photo: Bhat Yasir

Syed Abbass Hussein is a wretched father whose child fell prey to a leopard on the evening of 22 September in Moli Nag, North Kashmir's Uri. Syed’s seven-year-old son, Ali Hussein was captured outside his home and killed by the ""man-eater"" animal.

Later, with the help of locals, Ali's body was recovered in a nearby forest.

This was the second fatal attack in seven days in Uri, Kashmir's border town. On 16 September a minor girl was killed by a leopard in the Jabadar Gawashar area of Bijhama Uri.

In June this year, the leopard killed three minors in the same sub-division. Later, the leopard was eliminated by the wildlife department.

“They were just a few steps away from the home when the leopard came and took one of them,” Abbass, who now lives at his Maternal uncle’s home in Dhanisyedan village, told Maktoob.

Ali was with his brother right outside his house, when he was attacked.

“My elder son.” Who fortunately is safe, “called and came to me. But the light was dim as it was evening time,” Syed said. He said, “I started searching, but due to the unavailability of lights I couldn’t find him.”

“Then the people of my village and mohalla joined me, we found his body in nearby bushes.”

Abdul Qayoom, block officer of Baramulla wildlife department said that they received the information about the leopard attack in the Dhani-Syedian area and reached the spot.

“We reached here at the spot and joined the operation along with locals,” he told Maktoob.

He said that the wildlife team was present there since the minor girl was killed by a leopard.

“It’s unfortunate that this happened after that,” he added.

“So far no clue has been received. It is a large forest area that is why it’s difficult to find him,” Qayoom said.

According to Qayoom, the reason for the frequent attack can be that when the leopard is old and isn’t able to find prey, “children become easy prey.”

Chief wildlife warden Jammu & Kashmir has issued an order, which is valid for 15 days, to eliminate the man-eater leopard only after fulfilling all the possible conditions.

“The sanction accorded above is subject to the fulfilment of following terms and conditions: That it shall be ensured that all efforts to capture the animal through trapping by cages or tranquilizing have not been successful. That proper identification of the leopard be ensured before it is hunted ensuring that no animal is hunt on account of mistaken identity. That it should be also ensured that this permission is not misused by any organization/ individual to avail the opportunity for hunting any other leopard in the area under the garb of this permission.

That the possession of the dead body, if and when hunted, shall be taken over by him. That the postmortem of the dead body of the animal as and when taken over shall be conducted in presence of the Wildlife Warden, North Division, Sopore and the same submitted to this office for reference and record. That the dead body of the animal shall be disposed off by complete burning it to ashes in presence of the Wildlife Warden, North Division, Sopore. That this permission is valid for 15 days only from the date of its issuance,” the order reads.

Clarifying the Involvement of the same leopard in both attacks, An official in the wildlife department said that “staff is monitoring, most probably same, staff was monitoring the situation since last weak. People don’t listen.”

A local resident, Syed Mushtaq Hussain, said that the situation in the area is very bad, “everyone is terrified.” He said “Children are afraid. If a man or woman goes alone anywhere feels their life is in danger.”

“Our children are at great risk, they are not going out of the home. This is happening the first time that the leopard is attacking children,” he added.

Another local resident, Syed Amin Shah, responding to reports in which they were advised to come down from the forest areas, said “the government is telling us to come down from this area. We are the permanent residents of this village, farming here. Why should we come down?”

“Few days before we had requested people to come down but they don’t listen,” A wildlife official said.","success(newspaper3k, resolved_via_decode, 4343 chars)"
Leopard attack: Minor girl missing in Uri village - Rising Kashmir,2022-09-17,Jammu and Kashmir,Uri,Leopard,Human Injury,0.0,0.0,0.0,A minor girl is reported missing after leopard attack.,0.88,single_incident,,Rising Kashmir,https://news.google.com/rss/articles/CBMigAFBVV95cUxNU0xuVXBDMTdXN3FOV1hFd3VaaXBrWTRSQ0NrZDJSODJybVpuOXJOMWFjNGMyeE5sNm5hY2lScEUzb0g3TWhIX01zUW5SakpBQmQtaVp5R1JsSGgydThYVzg4Y0Y1eVlYdlhhVDN4RkpXY0FqVFFIZVhTbmF5QmdZRQ?oc=5,,,"Noor Mohi-ud-din
Baramulla, Sep 16: A minor girl was pounced on and was taken away by a wild animal near her home in Gawashar village of Uri in north Kashmir's Baramulla district here on Friday evening. 
Police identified the minor girl as Munaza, daughter of Mohammad Imran Baig. 
An official said that a leopard pounced on and lifted the minor who was playing near her house.
The official said that the family members tried to chase the leopard but it disappeared into the forest area. 
Police said that a search operation with the help of locals is going on to trace the minor girl.
This is the fifth such attack in the Uri area of district Baramulla where a wild animal attacked the minors near the forests during this year. 
Earlier in the month of June, three minors were mauled to death by a leopard in Uri subdivision of Baramulla district. 
On July 13, Sameera Javid, daughter of Javed Ahmed Khater, a resident of Choolan Kalsan was wounded in a leopard attack while she was playing near her house. 
On June 13, a 12-year-old girl Rutba Manzoor, daughter of Manzoor Ahmad Bhat was lifted by a leopard at Batangi village of Boniyar and taken to a nearby forest. Her dead body was later on found in the nearby dense forest.
On June 12, 2022, a teenager Shahid Ahmad Ganaie of Ganie Mohallah Trakanjan Boniyar was lifted by a leopard. His mutilated (devoured) body was recovered from the adjoining forest area. 
On June 11, 2022, a minor boy Amir Muneer, 15 was lifted by a leopard in Gatti Kalsum ChoIan Boniyar (Uri). His dead body was recovered from a nearby forest.","success(trafilatura, resolved_via_decode, 1575 chars)"
"16 sheep killed, 17 injured in leopard attack in J&K’s Budgam - Tripura Chronicle",2026-09-10,Jammu and Kashmir,Budgam,Leopard,Livestock Attack,16.0,17.0,0.0,Leopard attacked livestock in Budgam.,0.95,single_incident,,Tripura Chronicle,https://news.google.com/rss/articles/CBMiowFBVV95cUxOV04yTFdOa2pPdW02emZEaW5TczZjS1NZcXpjZ1JvS2RNRHB5dExqcktUWm9zVWxyczNoMzc0d2xhQzRrMWZDdk04N25iREdLeHNhaDgxdWVocUYzQzFLMW13STRUS1BHSXJSanFyT1V5RWEzOTY3dHpxZXFBVENjSUJPSEs0blpxLWthZmtPdVhLY2lLRUFrN19Da0QxQXcxZmpZ?oc=5,,,"Srinagar, Sep 10 (IANS) As many as 16 sheep were killed and 17 others injured in a purported leopard attack on a flock in J&K’s Budgam district early on Thursday.
The flock was attacked in the Chadoora area of Budgam during the intervening night of Wednesday and Thursday.
The owner of the flock, Imtiyaz Ahmad Chopan, told some reporters that a leopard had attacked his sheep, though the animal’s identity is yet to be confirmed.
He said the animal entered the livestock enclosure in Badipora village of Chadoora during the night and attacked the flock.
“We depend on livestock for our livelihood, and the incident has caused significant financial losses for us,” he said.
The flock owner appealed to the government and departments concerned to provide immediate assistance and compensation for the loss of livestock.
Meanwhile, locals also urged the Wildlife Department to inspect the site and take necessary measures to prevent further attacks in the area.
Wild predators like Asiatic black bears and leopards frequently enter human settlements in Jammu and Kashmir due to severe habitat loss, climate change, and dwindling food sources in the wild.
Between 2020 and mid-2025, Jammu and Kashmir recorded over 17,200 human-wildlife conflict incidents, resulting in more than 100 deaths and nearly 1,100 injuries. Asiatic black bears and leopards cause the majority of attacks, straying into villages, agricultural fields, and apple orchards.
The chief reasons for human-animal conflict in J&K are unplanned development, deforestation, and the conversion of buffer zones into residential areas or orchards, which shrink natural spaces.
Open garbage dumps, livestock, and abundant fruit in orchards near forest fringes attract predators repeatedly.
Irregular weather and shifting snowfall patterns reduce natural forage and water availability in higher elevations, forcing animals down into human habitations.
–IANS","success(trafilatura, resolved_via_decode, 1915 chars)"
Minor boy killed in leopard attack in Kupwara - Rising Kashmir,2022-10-09,Jammu and Kashmir,Kupwara,Leopard,Human Death,0.0,0.0,1.0,A minor boy was killed in a leopard attack.,0.96,single_incident,,Rising Kashmir,https://news.google.com/rss/articles/CBMifEFVX3lxTE12Q0NwSkl2NXBycW9oaVVlRDBGMzdVOFQwaEJRclAyR21ZdzRTUFNja2Rrak42N1ROZmhwOG5VaEZfTGN0RWVFa0FNWkw0VEszdFdlemsxZ1U3Q2Z1dlNhcFg1TUp2LURqMWNMdnVoRnYwa2o2bURnMUREZmg?oc=5,,,"A minor boy was killed in a leopard attack in Rajwara area of north Kashmir’s Kupwara district o Sunday.
Official sources told that the wild animal attacked the boy at Golipora Rajwar this evening and took him towards a nearby jungle.
Family and locals immediately launched searches and recovered the boy, Yasir Ahmad Jinder (5) son of Bashir Ahmad Jinder, in severely injured condition. Even though family and locals shifted him to NTPHC (New Type Public Health Centre) Behnipora, the doctors declared him brought dead on arrival, they added. (GNS)","success(trafilatura, resolved_via_decode, 549 chars)"
Leopard Kills 3 Children In Jammu And Kashmir - NDTV,2022-06-14,Jammu and Kashmir,,Leopard,Human Death,0.0,0.0,3.0,Three children were killed by a leopard.,0.97,single_incident,,NDTV,https://news.google.com/rss/articles/CBMijgFBVV95cUxObDhpYkdldnJsTVEzZUVpUUE1YXFld1doYUUxcldjUXZSNllGVm1xS3NsRm1tSHlIYXdfMDVMcnd3QUtuSFhEWVRqdkFWREJ4aWFkc0FBVjRfM0g3NGRockhLX09DU3Jtb2xUOUZJWW5IbEFTcUtwY3RERzJwVkhjX0M0WXc2cGRmRXN6ZGtB?oc=5,,,,extraction_failed(page_fetch_failed after resolved_via_decode)
Child-eating leopard kills three kids in 48-hour rampage - New York Post,2022-06-16,,,Leopard,Human Death,0.0,0.0,3.0,A leopard reportedly killed three children in a short span.,0.9,single_incident,,New York Post,https://news.google.com/rss/articles/CBMikAFBVV95cUxOYUl6QUdObFlEZmpLZU85dUVXQ0NybFV1UHN6cWJrRjdJZ1lJdl9Zc1dPZTR4OUxodEQxOHFtX29XcEdFdTZTYVphRm45cDJZWUhJUzhuSUxyMWdld2FET0c2VG9UMnpXUm1uZHJYN19uMDZKNU9QS29DSWMtaTg5czQzOHdqZGpJZmFYSmxGcW0?oc=5,,,"A leopard has gone on the rampage in India, and is feared to have savaged three children to death in less than 48 hours.
Authorities have ordered the animal killed following the discovery of the bodies in three separate incidents in the Jammu and Kashmir region of northern India.
The youngest victim is a 10-year-old girl named Rutba Manzoor, whose body was recovered from woodland close to her home in the Uri area on Tuesday.
After a search to find the man-eating animal in the dense forest failed, the rescue team made a tragic discovery.
Her death sparked furious protests, with Rutba’s relatives blocking the Srinagar to Uri highway over the alleged inaction by the wildlife department.
It comes after two boys were killed in suspected leopard attacks over the weekend.
The body of 12-year-old Shahid Ahmed was found on Sunday evening after he went missing while out grazing his family’s cattle.
While on Saturday, another boy, Muneer Ahmad, 15, was also mauled to death after suffering injuries consistent with a wild animal attack.
The leopard is said to still be roaming the woods of Uri, reports the Kashmir News Service.
Panicked local residents have urged authorities to catch the animal.
In a statement, a regional wildlife warden has ordered the big cat to be killed if it can’t be stunned.
Suresh Gupta, chief wildlife warden for Jammu and Kashmir said he was instructing his team “to hunt or cause the said animal to be hunted forthwith after completing the required formalities”.
He added: “It shall be ensured that all efforts to capture the animal through trapping cages or tranquilising have been exhausted before eliminating the animal.”
Such animal attacks on humans have become increasingly common in the region as humans move further and further into the leopards’ territory.
A meeting was held at the Deputy Commissioner of Baramulla’s office between officials and police.
On Tuesday, Baramulla Deputy Commissioner Syed Sehrish Asgar’s office said authorities have been directed to capture or kill the leopard by mobilising all available resources, according to the Press Trust of India.
The Department for Wildlife Protection – whose job it is to deal with such incidents – said it had put together a team of 50 men to look for the animal.
Rashid Naqash, regional Wildlife Protection Warden, said he is confident they will soon catch the leopard.
He told the Kashmir Observer: “This is a coordinated operation with forest protection, Jammu and Kashmir police and locals who are trying to catch or kill the animal.”
Naqash said officials have provided tranquilisers, cages, and other equipment to “eliminate” the leopard, with sharpshooters deployed in the woods.
However, he warned that the cat is an “unpredictable” animal that can strike anywhere at any time.
“So it is important to take precaution and be aware,” he added.
The DC’s office added that the safety of human lives and the protection of wildlife resources are the administration’s top priorities.
In addition, the sub-divisional magistrate’s office in Uri has issued guidelines to the public urging children to not go into forests alone.
Harvinder Singh, Sub Divisional Magistrate for Uri told the Kashmir Observer that the children’s families will be provided with compensation of over 400,000 rupees (£4,142).
He said the local terrain is tough, making it difficult to locate the leopard.
In the last 15 years, 230 people have lost their lives and more than 2,800 have been injured in animal attacks in Jammu and Kashmir, according to the Kashmir Observer.
The worst years were in 2011-12 and 2013-14 when at least 28 people were killed.
It comes after an elderly woman was trampled to death by an elephant in Raipal, eastern India.
Maya Murmu, 70, was collecting water in her village when the escaped elephant launched a furious attack.
She died from catastrophic injuries after the elephant stamped on her.
But in a cruel twist, the raging creature returned to wreak havoc at her funeral.
After pulling her body off the top of her funeral pyre, it once again trampled her body, throwing her around and savaging her corpse before leaving the scene, reports Press Trust of India.
The elephant is understood to have escaped from Dalma Wildlife Sanctuary in Jharkhand – 124 miles from where the brutal attack took place.
This article originally appeared on The Sun and was reproduced here with permission.","success(trafilatura, resolved_via_decode, 4395 chars)"
5 sheep killed in suspected leopard attack in Zehanpora village of Baramulla - Rising Kashmir,2022-10-07,Jammu and Kashmir,Baramulla,Leopard,Livestock Attack,5.0,0.0,0.0,Suspected leopard attack led to the death of five sheep.,0.92,single_incident,,Rising Kashmir,https://news.google.com/rss/articles/CBMipgFBVV95cUxNcENFeFFLRndOeUdsOHRWMEVpMGk0aXU1T3JxWHpJZ3NtdFNXdVM0SjhWaU53STczM0FtTEJidjRmWmhlUzM4R1hOTnBCTE9Ma2c5Zm9XUHZtU3ZZeHQ0X0N1NW5HWmJoUy1xaER0TEJOVDNBTHh3NGdfeDdJZlZFMDVuYnBzVjZrU2RpSkpSbFdKUTVhcjZLQXo3SGNka3FvWnB5V19R?oc=5,,,"Baramulla, Oct 07: At least five sheep were killed in a suspected leopard attack in Zehanpora village of Boniyar in north Kashmir’s Baramulla district last night. 
A police officer said that at least five sheep of Abdul Rasheed Sheikh son of Abdul Aziz Sheikh, a resident of Zehanpora Boniyar were killed in a suspected leopard attack. 
""Given the nature of the injuries, it seems to be a leopard attack,"" the police officer said. 
The locals of Zehanpora said that leopards are making entry to human habitation in the Uri area of Baramulla and the concerned department has failed to hunt down the leopard. 
The Range Officer Wildlife Baramulla said that the department is utilising all resources from catching nets to human power either to catch or kill the leopard. 
""We have received orders to kill the leopard and we have employed dozens of sharpshooters to kill the leopard. We however appeal the locals to stay alert especially during night hours,"" he added. 
Abdul Rasheed, the sheep owner said that when he went to feed the sheep this morning, he saw five sheep dead with blood smeared around in a nearby field. 
""Apparently due to scarcity of food and growing deforestation, the leopards and other wild animals are now entering the habitation. We lost five human lives in the recent past and now five sheep were killed in the leopard attack,"" the local villagers told Rising Kashmir. 
The villagers appealed to the Wildlife Department officials to contain the movement of wild animals in and around the human habitation.
They also appealed to the government to provide compensation to the affected livestock owner.
Advertisment","success(trafilatura, resolved_via_decode, 1636 chars)"
4-Year-Old Girl Mauled To Death By Leopard In Jammu's Udhampur - NDTV,2023-09-03,Jammu & Kashmir,Udhampur,Leopard,Human Death,0.0,0.0,1.0,A 4-year-old girl was mauled to death by a leopard in Udhampur.,0.98,single_incident,,NDTV,https://news.google.com/rss/articles/CBMiowFBVV95cUxQbThodTFBa1VOdzBRTHdDckpzMlZiLS1HakZ5RE1PZmZwMVd0dG1aQkJZY1ZSM1VSczBmUHBZdVlXLVJxT1FFN0dpZ0p2Q2htUEFZMGlzRVluOG1NNnpBaGd6ZU5FeUhMRzZIbHFuaFVzcHlCY3MwZ3RYd1FVSFRlSkZ2ZkxscHl4WDl4NVlhelkwSWhSc1RYbHdCdEFvMFczQTFj0gGrAUFVX3lxTE1wb0J4RjNnR2lOVlNwQ1ZnanhjSk1uZ3NVblp3LWFwZFA3ME03V2xZQThSSzRyUHhvaWVUdUVVOFB4X3pXUGZiM3hjWHlIOC03ZXVDUUtWX1pWamRsdDJqckJfMWc4LVBPaDRWaWtvSGlIcThURDFwRlFqLXRyQ3N1OGhBb1EtaVBBSTJMTWdSal9zU08zWjlXWF95VThqTFQ1RTM2NU03QXh2TQ?oc=5,,,,extraction_failed(page_fetch_failed after resolved_via_decode)
Leopard kills three-year-old girl in Uttarakhand - newindianexpress.com,2022-09-19,Uttarakhand,,Leopard,Human Death,0.0,0.0,1.0,A three-year-old girl was killed by a leopard in Uttarakhand.,0.98,single_incident,,newindianexpress.com,https://news.google.com/rss/articles/CBMisgFBVV95cUxQa3hsTF82ZDFjTzhKVWo5cUZyTG9JZF9ZNVAyeDU5bXR1SXRlZDlad3g5Yjg0cUNZQVBwNnFLZm5lNVFJOTZINzJ1MkJ4eFpVWEhWSF9vV19FUXZQZndVbHJTeVg2MFZDNGlPUHpzdjU1bl9zZDRnemJnMVFNbzBET0RCdE5IMDhPYWVTOU1mVjA3VXBwSFp2Z3FOQWNib2dobzBZelBEekRiQTd2NkhpeHNB0gG_AUFVX3lxTFBreFM5Ml9JVjVBb252OVBqMUxtTFFiYmFhWXBPNlROUnVMTXU4UFd0dDkzVjJ5dzAwYVFiWHJNYjZsb1g2cmp1WFBBM2VzMjl0UTVVVjBMUHN1MW9Yc1RhS1dnVEpiNFV4WHk1dXNJaENJaWtWQ0dENGZTRkJDdWNlWmkzS1BxM3RMZE9vRnE4UWE3RXNGYmhleGVLMjNZZU4yMk9JSEdrY0lhSVFEWkdsdU9kLUJCaWJrZk1za0g0?oc=5,,,"DEHRADUN: A leopard snatched a 3-year-old girl from her mother and ran towards the forest. Hours later, the mutilated body of the girl was recovered from the forest in Berinag in Pithoragarh district on Saturday. The woman was walking with her husband in the courtyard of her house when the incident happened.
The principal conservator of forests and chief wildlife warden of the state Dr Sameer Sinha has directed all divisional forest officials to increase surveillance in their areas. Dr Sinha said, “As per the directions by the CM, the officials immediately reached the house of the deceased. The officials also set up two cages there and gave some compensation amount to the family members of the deceased girl.”
At least 37 people have lost their lives in human-wildlife conflict since the beginning of this year. Also, 115 people have been injured in various attacks by leopards, elephants, tigers, bears, snakes and wild boars in the state.","success(trafilatura, resolved_via_decode, 949 chars)"
Elderly killed in leopard attack in Bahraich - The Times of India,2026-07-19,,Bahraich,Leopard,Human Death,0.0,0.0,1.0,An elderly person was killed in a leopard attack.,0.98,single_incident,,The Times of India,https://news.google.com/rss/articles/CBMiuwFBVV95cUxPbU5HVEM5T3BlUTNoR2FqeDJfV3NnMnY2TmFVNzhhd3hhdTVQY00zYjJ1T2pzcU55cWZadVVhbVY1U2twYzU3WDQzcTdYazk5d2RWTjhaNUV2NFJyTHlzYTNTTV83aWJDMXFYSldVMGRBcUE5U0EzRm5pRDJsUW8wZzA3aVZ2ZkRRUU4tZnFWRGRMVHpMVHVaZ0ttN21vcEdQN2MxS3MybzJNdzBzQTQ0QnNyTDBVLWU4MXM00gHAAUFVX3lxTE5EVkZTQXdRQzVTMGlDbUtBc204ckx6MzRhWk5pSTFKOHZoZU9pUjNVX0Q0UVNyZHU3b3FSMnZoYWFrWnpNYkVXRWtONktPRklfdGNHY2JuM09WdXVDVko3MUFUSkFUR181NDRvUDRYUVY5bllEM3JsZkhYUnhITkE4Yk50bVJHVVR5bmtVVllEdEYtYkY0N2hacFB4Mkl0NUFzcWh6dnlMWWp4WDZ2cGZQbm1FSjN6SG5IRFhaX29MWQ?oc=5,,,"Lucknow: An 88-year-old man was killed after a leopard dragged him away from the verandah of his house in the early hours of Saturday in UP’s Bahraich.
The incident took place around 4am in Lodhan Purwa village near the Katarniaghat wildlife division.
The victim, 
Ram Yadav
, 88, was in the verandah of his house when the leopard entered the premises and attacked him. The animal then dragged the man nearly 500 mt away from the house.
Hearing his screams, Yadav’s grandson, 
Suraj Yadav
, along with other family members, rushed out armed with sticks and raised an alarm. Startled by the commotion, the leopard abandoned its prey and fled towards the nearby forest.
Yadav sustained severe injuries, particularly to his neck, in the attack. Forest department personnel reached the village soon after being informed of the attack.
The injured man was first taken to the Mihinpurwa community health centre, where doctors administered primary treatment. Owing to the seriousness of his condition, he was referred to the district hospital. However, doctors at the district hospital declared him dead on arrival.
DFO Apoorva Dixit said, “Ram sustained serious injuries and was immediately taken to the community health centre before being referred to the district hospital. 
He succumbed to his injuries during treatment.”
The DFO said the forest department has initiated the process of providing immediate financial assistance to the bereaved family under departmental provisions, while compensation under the applicable disaster relief norms is also being processed on priority. “All necessary documentation is being completed without delay so that the family receives the admissible compensation at the earliest,” he said.
Dixit added that the department has launched efforts to capture the leopard responsible for the attack. “The incident took place about 500 mt from the forest boundary. To prevent any further attacks, forest department teams have intensified patrolling and continuous monitoring in the area. We are obtaining the necessary permission to install a cage, which will be placed immediately to trap the leopard. Every possible effort is being made to ensure that no similar incident occurs again,” he said.","success(trafilatura, resolved_via_decode, 2222 chars)"
"Injured leopard rescued in AJK, sent to IWMB centre - Dawn",2022-11-29,Uttarakhand,,Leopard,Human Death,0.0,0.0,1.0,"A 12-year-old boy was mauled to death, marking the 3rd child killed in leopard attacks within 6 days.",0.98,single_incident,,Dawn,https://news.google.com/rss/articles/CBMiSEFVX3lxTE5XUENIS0E4Z3JNMUF1cUJEVFZCUUg0YzRhbHZHbG1neXFMWXh0ZDZteUJYSzVQOU9GMTdNa2RIdXV4bzdERkJEbdIBTkFVX3lxTE1IYUdHYzc5aG02QXhSZHFKekl5QTF2MVk1bjRpa0lJYVFMMXhNNV9UUW5aZVhfYmdOM2xXbU1BQU1YS2NCQVllZXVCdEVtZw?oc=5,,,,extraction_failed(page_fetch_failed after resolved_via_decode)
Leopard attack claims life of 4-year-old child in Pauri - Garhwal Post,2025-09-15,Uttarakhand,Pauri,Leopard,Human Death,0.0,0.0,1.0,A 4-year-old child was killed in a leopard attack in Pauri.,0.98,single_incident,,Garhwal Post,https://news.google.com/rss/articles/CBMihgFBVV95cUxNZHBfTnBYYTJINERwSTJod3Jhem1xU3JyREI4VnQtUnFOanZDOEdoNmNXZjVUV2NncElsdVppblhMMDRyWDBzb0RHcEdjcWEtdms4OHhvMHZfQlUzbm5SNzJQZzNhQmZ2MzhYVWVYWW5JYm8tZTRHSEFLQnR0andua1JRVmZjZw?oc=5,,,"Garhwal Post Bureau
PAURI , 13 Sept: Leopard attacks in the district show no sign of abating. On August 23, a leopard in the Satpuli area had killed a young child and later injured another boy. Now once again, a leopard has struck in Shrikot, this time claiming the life of a four-year–old girl. The incident has triggered widespread panic in the village and anger against the Forest Department.
A tragic incident took place in Shrikot village under Pokhra Range of Pauri Garhwal district on Friday night when a leopard dragged away a four-year–old girl from her home. As soon as the incident came to light, the family and villagers searched throughout the night. After extensive efforts, the mutilated body of the child was recovered from nearby bushes, plunging the entire village into mourning.
Upon receiving information, Divisional Forest Officer Pauri, Jeevan Mohan, rushed to the spot with his team and met the grieving family. He said that the post-mortem and inquest proceedings of the girl’s body had been completed.
Considering the growing menace of leopards in the area, two cages are being installed and a tranquilising team is also being deployed. The Forest Department has assured that all possible measures will be taken with full alertness to prevent any untoward incident.
Reacting to the tragedy, former Pokhra Block Pramukh Surendra Singh Rawat said it was extremely unfortunate that a leopard entered the house, carried away an innocent child and made her its prey. He pointed out that such incidents have been on the rise in recent times, with leopards often seen taking children from near their homes. He demanded that the government take strict and concrete measures to curb these recurring incidents.","success(trafilatura, resolved_via_decode, 1725 chars)"
Forest ranger attacked by leopard in Uttarakhand’s Rishikesh - ThePrint,2022-04-07,Uttarakhand,,Leopard,Human Injury,0.0,1.0,0.0,Forest ranger was attacked by a leopard.,0.98,single_incident,,ThePrint,https://news.google.com/rss/articles/CBMimAFBVV95cUxQYlRXZDNSMFJBSlh3N1FPd0s2T29yYjZrajRIeF8xZ1NJcEdDcWtyRW5jMjdmR0lFUkM1NXptWVdkeXFmOE5fM1lpcUtvRXJZVThrQUs1UVQyRVlzaFlJWUdBVWZqSFZ1S3oxNG5qOVh6blFIUWFjbGd0MjRlX1Y0M0JWbVk1TWw4bEdHNkNBWWFBQWFIckE1adIBngFBVV95cUxNaFBXWndISHFiSHFBRGozVXc1amN3SHNBcGVrNHZpT242eWZyaHQzelJFMThZcmtTalJiOVM3RHoxT25PNFRraHVESkJERHdWaUxhcTN3V2dFRXJnam1rQVFpMTdJNVBwWnQtR1BGQzlwOUN3MlIyY3ZLRmlXVU5IUHpRUEhVRFUyTjV1aHYwRmoxclpPT1J5UnlJeWM4QQ?oc=5,,,"Rishikesh (U’khand), Apr 7 (PTI) A forest ranger was injured after a leopard that had strayed into a residential colony here attacked him on Thursday.
The ranger had gone to rescue the animal that had hid itself in a house.
The incident took place at noon in Meera Nagar, forest department sources said.
The occupants of the house located in lane number 14 of the colony shut the room from outside as the leopard entered it and informed the forest authorities.
When forest ranger of Rishikesh Lalit Mohan Singh Negi visited the house along with his team and entered the room, they did not see anything at once. But the leopard that was hiding under the bed pounced on Negi, leaving him injured.
The ranger, who sustained injuries in his head and hands, was rushed to the AIIMS, Rishikesh for treatment.
People who reside in the house owned by Nand Kishor Tyagi are safe. Efforts are still underway to tranquilise the big cat and trap him. PTI COR ALM RC
This report is auto-generated from PTI news service. ThePrint holds no responsibility for its content.","success(trafilatura, resolved_via_decode, 1056 chars)"
On cam: Leopard kills cow near Ranikhet in Uttarakhand - The Times of India,2022-08-16,Uttarakhand,,Leopard,Livestock Attack,1.0,0.0,0.0,Leopard killed a cow in Ranikhet.,0.98,single_incident,,The Times of India,https://news.google.com/rss/articles/CBMiwgFBVV95cUxOeXloWVBIck81c0dKRE4tUTEtbnpORXkya0JkY0lnLVh3Y0xwY2JQY1RYRFM0c252eHpDTWUzXzUyQUkteXNTbFpITnY3NVJJUTZ2VUhuT2dNWktzdjViOEtBSXdLX0JNYlJXVER6Z1dQTVdpQVNoU24tSVZjZDc1SV80MWZQYWZwb09oYkRfdlVqRWpSRmNrVmx4VzMyVGVkQ0xSLW10dnJPTUNpZm1nWGdTWDVBZ3BDb2doWUstZFkxUdIBxwFBVV95cUxPbHh5ZzhqamZXTWVrajktaGdERTE1dWZsVVdKZFFySXdnZm9ia1VZekt4LWczc2Nob2dPQkFvRi05bG5NQlFLeW85RFlnYzJ0aExEamx2WWdKYWtmdUNtYnk5UTdCZF9ESFEwZE8xX3pYcWRLMVEzNEEwcmd4c0JuN01rRzJoenBBaUZlWmVuSWd2WmhjY3FUallROURlR2dJYzZXeFl4bEhVMjdraEtSOXVraEJWSENsakpTOWhjRnVQY1NCcVpB?oc=5,,,"A video showing a leopard killing a cow near Ranikhet in Uttarakhand went viral on social media. The leopard’s strong jaw held the cow’s neck till the bovine gave up. As per reports, leopard attacks have increased in the hill state in the past few years.","success(trafilatura, resolved_via_decode, 254 chars)"
Leopard Attack: Video of Big Cat Pouncing on Two Women in Uttarakhand’s Almora Shows Challenges of - LatestLY,2022-11-30,Uttarakhand,,Leopard,Human Injury,0.0,0.0,0.0,Video shows leopard attacking two women.,0.98,single_incident,,LatestLY,https://news.google.com/rss/articles/CBMihwJBVV95cUxPUDJtb0ZJQnRmZmxYY3YxN2xsVG1xMjMweURpQ0hDOHh2MUFndGItbmdVd21VUzFMT1VFMnRQczRHTGZjdVRWenVyZ3dBd1JXSzFaZHNXYkxuRWlIbG9mWjZsNGxoR2hSRHlUaUFidzNORk4xRFJrY3I2T3lIbU5oR2pBcGw0cXh0dlN2V1I5bHFwMnQxcG5OQ195U2RNVlY4VzJkak5aVk5iczJiYTdpMGx2UGYyOHhTa2NLRkxVaVdYZ2xZTHEtM25uZ2RTUE9OT2NUb0ZYajhHSUxWU2JmY2RFSENKaFg0dTdFY0szX3I3bjlpb3VPMWMzRHdncVhYTEl5cjk0Z9IBjAJBVV95cUxOeUVaZjFSbHVCNnIyalZ4MVNmRlVHdXpDZ3d1Mm94SklocVQyaDhiXzhkODdTUGZuSzc0SV9HNzFHb0R2eDFwenMzWGlwUEJobnlzT1dya1BQWFVOR1pBVXpmU1QycnJxaTZuM1I0VHlPTHZCUU9fUzdvTjRySEo2ZlFHeldrckdCa3FuYWQ0VU1Cd1hrOFNRalNTOE04Q2xJX0Vrd0tJZDBXUnMtdER3YWxwTVYzV2VoNHFlbVhKR1drYTNjVzFjdDdjRTdZR2wwQURWaTBlLXh1LWphT2JKZm83OHh1SlZCaHRZUy1VUVFIMU12SUExQmZaTy00eUI3QXEwM2ItdFh6Z2xn?oc=5,,,"Leopard Attack: Video of Big Cat Pouncing on Two Women in Uttarakhand’s Almora Shows Challenges of Survival in Mountains
The women can be seen running for their lives as a leopard chases them. The leopard, after attacking the women, vanishes in the woods.
A video of a leopard attacking two women in mountainous areas of Almora in Uttarakhand is doing rounds on social media. In the video, the big cat can be seen pouncing on two women in Dwarahat's Malli Mirai. The women can be seen running for their lives as a leopard chases them. The leopard, after attacking the women, vanishes in the woods. Leopard Attack in Uttar Pradesh: Big Cat Mauls 10-Year-Old Boy To Death in Balrampur.
Leopard Attacks Two Women in Uttarakhand’s Almora:
पहाड़ में जीवित रहने की चुनौती भी बहुत बड़ी है..
अल्मोड़ा के द्वाराहाट के मल्ली मिरई में तेंदुए द्वारा महिलाओं पर हमला करने का वीडियो#उत्तराखंड pic.twitter.com/4QwVazWC0M
— Weatherman Shubham (@shubhamtorres09) November 29, 2022
(SocialLY brings you all the latest breaking news, fact checks and information from social media world, including Twitter (X), Instagram and Youtube. The above post contains publicly available embedded media, directly from the user's social media account and the views appearing in the social media post do not reflect the opinions of LatestLY.)
(The above story first appeared on LatestLY on Nov 30, 2022 11:14 AM IST. For more news and updates on politics, world, sports, entertainment and lifestyle, log on to our website latestly.com).","success(trafilatura, resolved_via_decode, 1503 chars)"
Woman killed in leopard attack in Pauri district - Garhwal Post,2026-06-29,Uttarakhand,Pauri,Leopard,Human Death,0.0,0.0,1.0,A woman was killed in a leopard attack.,0.98,single_incident,,Garhwal Post,https://news.google.com/rss/articles/CBMifEFVX3lxTE9Hd1JOX2NBQzdSNHIybVVOcDBFOUxqTVFJOV9KWUpzcVcwOExGUVUzNDVfNlZiaUR0LTF3dVhGcTMzbE9yeFdSSTh3Wjd2V0ZKWjhIajRJeGxPZF8tamVONXNrbWl6QldJdXNvV01HTTJUTEVGczJnbmdQZ1A?oc=5,,,"Garhwal Post Bureau
LANSDOWNE, 27 Jun: A woman was killed in a yet another leopard attack on Saturday in Banasi Talli village under Nainidanda block of Pauri Garhwal district, spreading shock and fear across the region. The incident occurred when two women, Shanti Devi and Sushila Devi, had gone to the upper forest area to collect fodder for their cattle. The leopard, hiding in the bushes, suddenly pounced on Sushila Devi and dragged her into the forest, leaving her no chance to escape.
Shanti Devi, who was present at the spot, raised an alarm and villagers rushed to help, but by the time they reached, it was too late. After a search, the body of Sushila Devi was recovered some distance away. The Forest department was immediately informed and its team arrived at the site to begin investigation and launch a search for the leopard. Local MLA Dilip Rawat was also apprised of the incident. The tragedy has created an atmosphere of grief and panic in Banasi Talli and neighbouring villages.
The villagers have expressed anger against the Forest department and demanded immediate capture of the leopard, increased patrolling in the affected area and effective measures to ensure public safety. They said that rising wildlife activity has made it increasingly risky to enter forests and fields, instilling constant fear among residents.
At the same time, Pauri Forest Division SDO Ayesha Bisht stated that the department has deployed cages and trap cameras to monitor the leopard’s movements. A trained shooter has also been stationed in the area to take swift action if required. She assured that every possible effort is being made to provide relief to villagers and appealed to residents not to venture alone into forests or deserted areas. She urged that any sighting of the leopard should be immediately reported to the Forest department.
It may be recalled that in the hills of Uttarakhand and particularly in Pauri districts, leopard attacks on humans have become very frequent with many people losing their life. This incident once again indicates the growing human–wildlife conflict in the region, with villagers demanding urgent and sustained measures to restore safety and confidence.","success(trafilatura, resolved_via_decode, 2201 chars)"
Leopard mauls 4 year old girl to death in Pauri Village - Garhwal Post,2026-04-06,Uttarakhand,Pauri,Leopard,Human Death,0.0,0.0,1.0,A 4 year old girl was mauled to death by a leopard.,0.98,single_incident,,Garhwal Post,https://news.google.com/rss/articles/CBMihgFBVV95cUxON19sanppUGQ2a05USnhNZ2N1NEE1UmVVVUpkYTVycDJWRHdsdDRqX0p5N1RYRDNlLTVyTncxOUFPZElleDdGM21sQS1kMnNnQ3JYNEIxVm94NW1qVlV0aTIyMlRjclpDVVVLS1FkZk14MndGTXR5WEV2a3BpU0NzbHhzcDlSZw?oc=5,,,"Garhwal Post Bureau
Pauri Garhwal, 3 Apr: Leopard attacks persist unabated in Pauri Garhwal district, casting a pall of fear and insecurity over rural pockets. In yet another gut-wrenching episode late last night, a four-year-old girl fell victim to a leopard in Bhatkot village under Chaubattakhal tehsil’s Kunjkhali area in Gaadri gram sabha. The child, Drishti, daughter of Harendra Singh, was playing in the courtyard after dinner at around 9 p.m. when the lurking predator pounced, clamped her in its jaws and dragged her towards the fields below. Family members raised frantic cries, drawing other villagers who joined the desperate search through the night.
Some locals claimed that the girl was sitting with her father Harendra Singh, mother Savita Devi and her elder sister Deepanshi in the kitchen around 9 p.m. when the leopard attacked her and dragged her to the forest while some others claimed that Drishti was playing in her courtyard when the leopard attacked her. The leopard seized the girl suddenly and bolted towards the jungle. Despite exhaustive efforts, her mutilated body was found about two-and-a-half kilometres away in a stream after an intensive search by the villagers, sending waves of grief through the village. The incident site was promptly notified to forest and revenue officials. The locals are outraged over the recurring strikes by the predator.
It may also be recalled that earlier on 21 March, a leopard had attacked and injured an elderly man in Khirsu. The villagers lament that leopards now roam brazenly near homes, singling out children and rendering village life perilous. Anguish mounts against the forest department, with incessant demands for decisive intervention. The Bhatkot residents have demanded that the leopard be proclaimed a man-eater and eliminated swiftly to avert future horrors and safeguard lives. The villagers have lambasted the administration, highlighting the leopard’s prolonged rampage targeting children and women without tangible action.
Meanwhile, DFO Pauri Mahatim Yadav claimed that the forest teams arrived at the scene immediately after the alert. Patrols stand reinforced across the area, with traps deployed and a specialised squad constituted to nab the beast. He has urged the local villagers to stay calm near the site, warning that the leopard could return to its prey. The episode has once again starkly exposed the intensifying human-wildlife conflict in Uttarakhand’s mountainous hamlets, where such clashes have turned everyday existence into a nightmare.","success(trafilatura, resolved_via_decode, 2542 chars)"
6-Year-Old Boy Mauled To Death By Leopard In Uttarakhand - NDTV,2024-08-20,Uttarakhand,,Leopard,Human Death,0.0,0.0,1.0,A 6-year-old boy was mauled to death by a leopard.,0.98,single_incident,,NDTV,https://news.google.com/rss/articles/CBMinAFBVV95cUxNNzc0dDJVSUhCWmgyX1ZRTUZoSGdLZU9EWFNUV1dSQ2FtMFJIYTNZTUIySGg0Ujk0MURkWWhzODRSNGEyT2h5aDhlV1VRSmlXQ1NFQ3BsQTA4eGFqUzMtSFZJcTJ0MEcyRG82Zl9HWDZvd2JYSEdTZ3gtWnpYQ2lObVRWYUU3d2l4QjB1ZXFhVlpxNzNvREZuZjlneEvSAaQBQVVfeXFMTnowWHE5VHdzNGk0TzdIQXhockVodE12VHNnODZNYkNiMWExYVYwcXJ2Zll6U1BrSlRzTTJKRXhwaDMtZm5Ga0xLdW5lYU1jUHFiY0hyMm9nVE91NDN1T1NTZmVOOTNKU1NvYlBCSGpmZG9MQnNFU3QzUWE1SjQ4eC1rMy1kSjlfckVOc1NYWVdLUmt0OERKOEZ3UlZQTE5RVkV2ck8?oc=5,,,,extraction_failed(page_fetch_failed after resolved_via_decode)
"Man killed by leopard in Pauri district, enraged villagers hold forest official hostage - Garhwal Post",2025-12-05,Uttarakhand,Pauri,Leopard,Human Death,0.0,0.0,1.0,A man was killed by a leopard.,0.98,single_incident,,Garhwal Post,https://news.google.com/rss/articles/CBMirwFBVV95cUxONUdvczNGSlMxOUU4SmdjRnZ2bHpydzh6TUtVZG1KUWVHZ01FU2Z6cGM4V2g1RUtPUkxxQXk5RVlUeGRLWXFwYVA4cXd5V2FSQ3VWV2JCQkFiZkJFejc1a0dCN0dHSnEyRnlRcnlLX1l2RFM2bWQyRE51TzFwYlFpQlNKLUlGc3pSQ3BMT3pDWm9GU25jZ2Q1a2hNZlc2bTd0ZG4yOHQxOFZaa2pRd0JF?oc=5,,,"Garhwal Post Bureau
PAURI, 4 Dec: Panic continues to grip residents of Pauri district as leopards and bears continue to terrorise the region. On Thursday morning, a leopard fatally attacked a man in Gazalt village under Pauri development block, leaving the victim dead on the spot. Outraged by the incident, villagers accused the Forest Department of negligence and confined a forest official in a room as a hostage and as a mark of protest.
The villagers are demanding immediate sanction to shoot the leopard, citing repeated attacks and the urgent need to safeguard human lives. They state that leopard activity has been escalating in the area for a long time and despite several complaints, the forest department has failed to take decisive action. They asserted that had timely measures been adopted, the tragedy could have been averted.
The rising frequency of such incidents has left locals living in fear in many villages across the district particularly where the leopard and the bear attacks have been reported. The leopard attacks and the sightings have made it difficult for them to step out of their homes after dusk. The villagers have warned that they will be compelled to launch a mass agitation if concrete steps are not taken without delay.
According to reports, forty-five-year-old Rajendra Nautiyal of Gazalt village had gone to the temple for his daily worship. While returning, he was ambushed by a leopard on the forest path. The sudden and ferocious attack proved fatal, with Rajendra succumbing to his injuries instantly. News of the incident spread rapidly, plunging the village into grief and panic. His family was shattered, the community was overwhelmed with sorrow, and fear engulfed the entire region.
Following the incident, the villagers expressed their outrage at the Forest Department, accusing the officials of negligence in addressing the growing menace. As a measure of protest, they detained Forest Department staff who came to the village after the attack, locking them inside a room of the community building.  The villagers insisted that the staff would not be released until senior officers, including the Divisional Forest Officer, arrive in person and issue an order to shoot the leopard. They vowed to continue their protest until such action was taken.
The residents highlighted that the path where the leopard struck is regularly used by school children and college students, raising fears of further attacks. They demanded that the leopard be eliminated before the situation deteriorates further. Women and children, they said, are too frightened to leave their homes, and even venturing into isolated areas during the day has become perilous.
In view of the mounting tension, Ranger Dinesh Nautiyal reached the spot and attempted to pacify the agitated crowd. He assured villagers that a cage would be placed near the site of the attack and trap cameras would be installed to monitor leopard movement. He further informed that a letter has already been sent to higher authorities seeking permission to shoot the leopard.","success(trafilatura, resolved_via_decode, 3069 chars)"
Villagers in Pauri relieved as maneater leopard is hunted down - Garhwal Post,2025-12-12,Uttarakhand,Pauri,Leopard,Retaliation Against Wildlife,0.0,0.0,0.0,Villagers were relieved as the maneater leopard was hunted down.,0.98,single_incident,,Garhwal Post,https://news.google.com/rss/articles/CBMijwFBVV95cUxNcDNJdDBHZ1BPNXVDeUd6UVZVMGVCOXctSkZuUzZPQmJ0c01zQlByRWFqVUlUWTRsX0pIMGY0TFltQlN2TXoyYVR6Mi0zYlZlNlVBZ1VkS2RvYVRBRjJPbGhUX2JSbC1pUjdKZC1XeXJmaF9PVl9TWjRvdmU4RlFOMzJlZ0s3R2VLSXRyNnMtVQ?oc=5,,,"By Arun Pratap Singh
Garhwal Post Bureau
Pauri, 11 Dec: Residents of Gajald village in Pauri district have heaved a sigh of relief following the elimination of a leopard that had been spreading terror in the area for several days. In a late-night operation, which concluded early this morning, renowned sharpshooter Joy Hukil and his team successfully neutralised the maneater leopard after an intense search operation. The Forest Department personnel subsequently recovered the carcass and transported it to the Nagdev Range in Pauri, where a detailed post-mortem examination and inquiry are scheduled to be conducted. Later, on his arrival in the village, Hukil was accorded a warm welcome by the grateful residents of Gajald, who had been living in fear of the big cat’s presence. However, many maneating leopards and even tigers and some bears continue to attack the villagers or their livestock in the state.
It may be recalled that the villagers from Gajald had been living in fear ever since the leopard killed a resident on 4 December and attacked cattle in the vicinity. Though the forest department had also put up cages in the area to trap the feline alive, the efforts did not succeed. After more attacks, the forest department granted permission to shoot the maneater. Experienced shooters Joy Hukil and Rakesh Barthwal worked jointly to eliminate the threat and ensure the safety of the population. Local anger had been simmering, especially after 45-year-old Rajendra Nautiyal was killed by the leopard in Gajald late last night, followed by repeated attacks on domestic animals. This sequence of incidents compelled the villagers to demand the immediate deployment of a private shooter in addition to the departmental shooter to neutralise the leopard. However, only after the postmortem of the carcass, can it be certainly determined whether the female leopard killed by Hukil was the maneater.
Responding to the demands, the Forest Department deployed private shooter Joy Hukil in the area. He tracked the leopard late at night and shot it, bringing long-awaited respite to the villagers. The fear in the region, which had intensified due to continuous leopard incidents across several development blocks in Pauri district, has now eased to some extent. Only last Wednesday, a woman in the Chaubattakhal area was also seriously injured in a leopard attack. The persistent activity of the leopard in Gajald throughout the past week had created an atmosphere of severe anxiety among residents, prompting the demand for specialised intervention.
DFO Pauri Abhimanyu Singh today stated that the leopard killed was an approximately five-year-old female and further claimed that the animal caught on trap cameras installed near the attack site matched the one killed. The carcass has been brought to the Nagdev Range in Pauri for further examination.
Gajald Gram Pradhan Shankar Nautiyal said that the Forest Department’s efforts had finally brought relief to the villagers after nearly a week of terror. He urged the department not to remove the team or the cages from the village yet, to ensure continued safety. DFO Garhwal Forest Division Abhimanyu Singh added that the leopard was killed through the coordinated efforts of the entire team and that departmental teams would remain deployed as before to ensure the villagers’ security.
Meanwhile the government officials have claimed that Chief Minister Dhami had taken the continued leopard attacks in and around Gajald seriously and had made it clear to the forest officials that the safety of the villagers is of paramount importance and that any negligence would not be tolerated. Following these instructions, the Forest Department, local administration and wildlife experts carried out this operation through a coordinated effort.
The government has further assured that vigilance and patrolling will be increased in the affected area to prevent the recurrence of such incidents in the future. The CM has assured the villagers that the state government is fully committed to ensuring their safety and protecting their lives.","success(trafilatura, resolved_via_decode, 4095 chars)"
Man Injured After Wild Bear Attack in South Kashmir; Hospitalised - Kashmir Life,2026-06-17,Kashmir,,Asiatic Black Bear,Human Injury,0.0,1.0,0.0,Man injured in a bear attack in South Kashmir.,0.98,single_incident,,Kashmir Life,https://news.google.com/rss/articles/CBMinAFBVV95cUxNN3MtTmVnbGJkWGFBazBZeks2THY4RmJSck16eW5yeEhvXzFaTHFiUjdaQlRoWkhJdTNwZ3ZSMjhLY0p3aV96d0lXa0VrQk5sY1hreWhnS3RRV1JNX281UEpRemFHXzNFX3hVSlRsU3JqUGo5TVFsYm5lNFFrQ1FwYjEtQ2JTUVJtMUZtempmXzNtaDJjVTdXS1BYQ2w?oc=5,,,"SRINAGAR: A man was injured after being attacked by a wild bear in the Soinad-Dedarpora area of Tral in south Kashmir’s Pulwama district on Wednesday.

The victim has been identified as Zubair Ahmad Gujjar, a resident of Soinad-Dedarpora.

Reports said the bear attacked him while he was working in a field, leaving him injured before locals rushed to his rescue.

The injured man was shifted to hospital, where he is undergoing treatment.

Locals have expressed concern over the increasing frequency of such incidents and urged the Wildlife Department to take effective measures to prevent further attacks and mitigate human–wildlife conflict in the area. (KNT)","success(newspaper3k, resolved_via_decode, 662 chars)"
"Woman Injured in Bear Attack in Tral, Hospitalised - Kashmir Observer",2026-09-11,Kashmir,,Asiatic Black Bear,Human Injury,0.0,1.0,0.0,Woman injured in a bear attack in Tral.,0.98,single_incident,,Kashmir Observer,https://news.google.com/rss/articles/CBMikwFBVV95cUxOM3NEVmk3R0dqSDlhdUN1R2V3QmliV1lkQjZ0Z2Z0ZE82UHZmZ2ItT005M1dIV25pMUFKUW1oWlNObkhva0oteUE3VEdkOEVEVklmQmJOdGNEZktSNTdoWXp3M1RtQmtRM2U4TXJfY01TYkpJNVl4Q2tzbXQxVjdnamFLQ3VkTE5DZno2dTg0X0liNkk?oc=5,,,"Representational Photo

Srinagar- A woman was injured after being attacked by a bear in the Handoora area of Tral in south Kashmir’s Pulwama district on Friday.

ADVERTISEMENT

An official said that the woman was attacked by the wild animal in Handoora, leaving her injured, reported news agency KNO.

He said that she was soon shifted to Sub-District Hospital (SDH) Tral for treatment and was later identified as Hajra Begum, wife of Ghulam Ahmad Khan and a resident of Handoora.

Meanwhile, locals have urged the Wildlife Department to take immediate preventive measures amid increased bear movement in the area.","success(newspaper3k, resolved_via_decode, 614 chars)"
Bear Mauls Man in South Kashmir’s Shopian - Kashmir Observer,2026-09-11,Kashmir,,Asiatic Black Bear,Human Injury,0.0,1.0,0.0,"Man mauled by bear in Shopian, South Kashmir.",0.98,single_incident,,Kashmir Observer,https://news.google.com/rss/articles/CBMihwFBVV95cUxPOGxBbDBSSXpYZExoOWNWWXNpOVpNcDhaZkw4QXp6RTllclNsWjZtd1hvWDRxeTFicVRMak5BLV9EeXhnTWJ0ZmFZNG0wQ3lJV0dMYUZ3anYtWnZxcHJyQVlKQjBkbHhxUi05M1I1TUViYktVZ1k5RW9QX2ZncktqYURQbzNMc1U?oc=5,,,"AI Representational photo

Srinagar- A 40-year-old man was injured after being attacked by a wild bear in an apple orchard in the Sedow area of Shopian district of South Kashmir on Friday.

ADVERTISEMENT

An official said that the man was attacked by the wild animal in the apple orchard at Sedow, Shopian.

He said the man was shifted to Sub-District Hospital (SDH) Shopian for treatment. He was identified as Sadiq Ahmad Thokar (40), son of Abdul Rahman, a resident of Sedow.

Meanwhile, cognisance of the incident has been taken. (KNO)","success(newspaper3k, resolved_via_decode, 538 chars)"
"Four injured in bear attack in south Kashmir, say officials - Free Press Kashmir",2022-11-16,Kashmir,,Asiatic Black Bear,Human Injury,0.0,4.0,0.0,Four people injured in a bear attack in south Kashmir.,0.98,single_incident,,Free Press Kashmir,https://news.google.com/rss/articles/CBMiogFBVV95cUxOUHdaZW5iQm1ScEg5anZOZFNOUGZDdWY3UHctVGVxNy1TdWsyaFhCdEFWZTVKZFhZb1RUWDRxamZCSzdOQmlMbTdqS1JRNzVsNDlXenczTTM4QW1may0wUHQ3N29JdFJqLWRjODBzNmcza3JrWVgxTS1QQzR0dTBJRFhpM1AzMm9GRzBlbXp0UWJOdU9IR29JMHBOZTVRQ1pVY2fSAacBQVVfeXFMUGxyS0IxeFRmTmRUQ00tTTdFUWtpbEhoNXY4My12dEFaNXZ3V2VwUlcxdXI4dGN2RkMybWg1R3VFamdHS1FJTlhxU05pYVdjeHMtS09nNk1QbktNcWNtRGQ4NXhyZWJrVVVuRFRKZXI5MXJ1NGxCZWNhWmt3QVJEOFNFT3JlNjJiY2JLNmZUZ2hOSi1YRnZUMjl3X0Q2QktoUlA5eC1iSUE?oc=5,,,"Tral: Four persons including a wildlife employee were injured after being attacked by a bear in Chattrogam area of Tral in south Kashmir’s Pulwama district on Wednesday.
An official told the news agency Kashmir News Observe that wildlife employee and three other local residents were injured after they were attacked by a bear in Chattrogam.
He said that all the injured were given first aid at Health and Wellness Centre Chattrogam and were referred to SDH Tral for further treatment.","success(trafilatura, resolved_via_decode, 485 chars)"
Bear mauls man in Shopian’s apple orchard - thekashmirhorizon.com,2026-09-11,Jammu & Kashmir,Shopian,Asiatic Black Bear,Human Injury,0.0,1.0,0.0,Bear injured a man in apple orchard.,0.98,single_incident,,thekashmirhorizon.com,https://news.google.com/rss/articles/CBMiigFBVV95cUxOTHYydTM5ME9LbTlQVlJWUjVfMG1aLTA1Y2FwcVVCM1U1SjdkeE5MWm9YR2dwdFU5SmszVXFCQ1pILUhGQk54SzJzTlhNaGdKLW80ZVNDbEJYekJuV05GcllyUE5INjE3bVVkTVpGTVB6TUpvSzBDRXNFcEFpUnJZUUE0OUlFM1dYZWc?oc=5,,,"Srinagar, Sep 11: A 40-year-old man was injured after being attacked by a wild bear in an apple orchard in the Sedow area of Shopian district on Friday.

An official told the news agency—Kashmir News Observer (KNO) that the man was attacked by the wild animal in the apple orchard at Sedow, Shopian.

He said the man was shifted to Sub-District Hospital (SDH) Shopian for treatment. He was identified as Sadiq Ahmad Thokar (40), son of Abdul Rahman, a resident of Sedow.

Meanwhile, cognisance of the incident has been taken.—(KNO)","success(newspaper3k, resolved_via_decode, 531 chars)"
Man Injured In Bear Attack In Central Kashmir - Kashmir Observer,2025-09-01,Jammu & Kashmir,,Asiatic Black Bear,Human Injury,0.0,1.0,0.0,Man injured in bear attack.,0.98,single_incident,,Kashmir Observer,https://news.google.com/rss/articles/CBMijgFBVV95cUxNMnVpbUp1cENtcGFXcEpaWGFxTHphVTdHdFc1QUEtQW1sdjlPSFFWUlhtalJGN2lUeEhXWTRYQmhiOG1TNjlJZ0pTbVcxMUdxMUVfLXhmN1ZLeGZkVW9oNHY5REJCZGp6TUJqQ2xhRU5aWGFSZHBwNmo0TzZiYWt2Wlh5cnhQN2Z0T1Ytc0Rn?oc=5,,,"Representational Photo

Srinagar- A farmer from Rawatpora village in Khag area of Central Kashmir’s Budgam district sustained injuries on Monday morning after being attacked by a wild bear.

ADVERTISEMENT

The injured has been identified as Abdul Qayoom Thokar, son of Ghulam Rasool Thokar. Eyewitnesses said the bear suddenly appeared and attacked him while he was on a routine visit to his orchard. Hearing his cries, villagers rushed to the spot and managed to rescue him.

Thokar was initially taken to Sub-District Hospital (SDH) Beerwah, where doctors provided first aid before referring him to SMHS Hospital Srinagar for advanced treatment. His condition is stated to be under observation.

The incident has sparked concern among locals, who said the movement of wild animals has increased in the area in recent months. Locals have urged the Wildlife Department and District Administration to intensify patrolling and adopt preventive measures to ensure the safety of people living close to forest areas. (KNT)","success(newspaper3k, resolved_via_decode, 1017 chars)"
50-year-old man injured in wild boar attack in Poonch - Asian Mail,2022-02-18,Jammu & Kashmir,Poonch,Wild Boar,Human Injury,0.0,1.0,0.0,Man injured in wild boar attack.,0.98,single_incident,,Asian Mail,https://news.google.com/rss/articles/CBMijwFBVV95cUxQa2ZJb1ViV0c1Nm9oSnRiOFkybGFlLWpfc2NoZDFUdzVBdDdTdWdVYl81c1RMNWJJQUNpUVJsanl5VXVnQVlTN3JBdWdLd2dqRXJkbDVNb2JQUzBQUndtb1N5ZHhDYjBMQnpTeFA3N0tZd3Vpb1loZXFRa1hhMXQ4VnBKME5jSDk3ZHN5RDVFOA?oc=5,,,"Poonch, Feb 18 : A 50-year-old man was injured after attacked by a wild boar (wild pig) in Mendhar area of Poonch district on Friday.

Official sources told GNS that the Wild boar attack Abdul Haq (50) son of Lal Din at Nakka Manjhari village in Mendhar, leaving him injured. He was shifted to hospital.

Dr Naveed Anjum Medical Officer said that the patient has multiple deep wounds in his body.","success(newspaper3k, resolved_via_decode, 396 chars)"
Shepherd airlifted to AIIMS Rishikesh after bear attack in Chamoli - Garhwal Post,2026-01-04,Uttarakhand,Chamoli,Asiatic Black Bear,Human Injury,0.0,1.0,0.0,Shepherd injured in bear attack.,0.98,single_incident,,Garhwal Post,https://news.google.com/rss/articles/CBMilAFBVV95cUxOb2tZbFd3NEVCQ2hCcUNVd2xPLUdacWNGNWFNZlprRnp6cWZrV1dfNXZ6V1N4MVJsRUpyVC1xZjhYRnJBb2o1d0xuVDVRc3BWM0VVbGY0MXdUOE5LX0w2SEhPN1lGTXVYQmQzR2l4TXJ0MHlkMVFpcmtnUnVTV21faVZRd05KQUdRMGhaSHlKXzhLWmZf?oc=5,,,"Garhwal Post Bureau
Chamoli, 2 Jan: Chamoli district witnessed a grave incident on Thursday when a shepherd was attacked by a wild bear while grazing his flock in Khunana village of Nandanagar Tehsil. The victim, identified as 40-year-old Kesar Singh Kathait, sustained severe injuries to his head and hands during the sudden assault. He was later airlifted to AIIMS Rishikesh for specialised medical treatment. His condition is now reported to be improving.
According to available information, Kesar Singh had taken his sheep near a school close to the village at around 10 a.m. yesterday, when a bear suddenly emerged from the forest and pounced on him. Taken by surprise, he was unable to defend himself initially and was overpowered by the animal. A fierce struggle ensued, during which he attempted to resist the attack. Gram Pradhan of Khunana, Mahavir Singh, stated that in an act of self-defence, Kesar Singh managed to free himself from the bear’s grip by using a large sickle he was carrying. However, by the time he escaped, he had already suffered deep wounds and was bleeding profusely.
The seriousness of his injuries necessitated immediate evacuation. Arrangements were made to airlift him to AIIMS Rishikesh, where he is reported to be receiving advanced medical care. The incident has caused widespread concern in the area, highlighting the growing threat of wild animal encounters in villages bordering forested regions.","success(trafilatura, resolved_via_decode, 1438 chars)"
Tiger on prowl kills one of three men drinking in Jim Corbett - The Times of India,2022-12-26,Uttarakhand,,Tiger,Human Death,0.0,0.0,1.0,Tiger killed a man in Jim Corbett.,0.98,single_incident,,The Times of India,https://news.google.com/rss/articles/CBMirwFBVV95cUxOdkRZRzQxUU5rdHpCa3hBanRUZm5aTGdQZm92cHVFSXZ1Q2F5UlJkV25peV90ekxGSlZ4VHN5WGNsLUw0Z2VPQjlEOWZtTHBkNUdHU19zT3VMM0hqODMyNHNXUzJPdzA1ckM5cTBYZnBMQlJ0MUhGSUZhbXJyS2FCMW5hRlFnZ3pITEV4TWtTVUZZeTFISWVWeVNveW91YUNuZmtTWUZwZENWTHd3SWhn0gG0AUFVX3lxTE1QNHExTUluYzU0bnRsS1hQNC1UTlktOHBqQlF5dmJEb1dycHoxbkxKTlluX05PYlJ3OHR0YmJ2R3VTZmlpNXVsQlE3M3dXUmNNd0RHTEVsbFN5RHZSYTdQTnJVdVlfUHY0b0I4RVVyVE9ieDBZSjdjeFFMZVhwdzRSWVpLbWQ5RGZneFUwTXJIRmpXTkJYd2NsX09xMEdXRFlqSFp4OXN1RkF4ZnJqbDlXRzBmaQ?oc=5,,,"DEHRADUN: A drinking session in the Corbett-Ramnagar forest area, where movement is restricted before sunrise and after sunset, turned into a nightmare for three local men when a tiger on the prowl dragged away one of them on Saturday evening. This is the same area where the tiger had killed a mentally-ill man on December 12.
The victim in the recent incident has been identified as Abdul Rashid.
The mauled body was found on Sunday. Joint forest teams have been put in action and camera traps, cages have been set up to catch the tiger, officials said.
“There are clear-cut instructions that this vulnerable area, where the trio entered during the day and stayed till evening, is to be avoided after dusk. We have issued instructions to trap or tranquilise the animal,” said Samir Sinha, chief wildlife warden of Uttarakhand forest department.
The stretch between Aamdanda checkpost in Corbett and Mohand checkpost in Almora has significant presence of wildlife and, movement of two-wheelers before dawn and after dusk is not allowed. During the day, vehicles are allowed in convoy. The presence of 230 Corbett tigers and spillover population in the reserved forests makes the area a prime tiger territory.
According to data accessed by TOI, most deaths due to tiger attacks — 13 — have occurred in Uttarakhand this year since 2000. Before this, the highest number of fatalities due to tiger attacks was seven in 2017, six in 2018, five in 2005 and four in 2009.","success(trafilatura, resolved_via_decode, 1465 chars)"
Uttarakhand tiger that killed 7 in 6 months finally trapped - The Times of India,2022-06-23,Uttarakhand,,Tiger,Human Death,0.0,0.0,7.0,Tiger killed multiple people in Uttarakhand.,0.98,aggregate_period_total,,The Times of India,https://news.google.com/rss/articles/CBMizwFBVV95cUxQVDJkRHI4OHVORU9nSzFJWURvVExkZjhsZ0lhTGNSTjEzWE5SeHhuUmZVYnZfUHdvamxSSlFwSXhDT3JEa3djdUhSb0dyVXdyM0FfdEFWcXZ4a0dqN25YeGs3QnMxcXFmR2htN2VpRS1uM0gyTWx3N2VFNG9na0JQTkxGQjFFQU5SY2RfNmZTeEI2OGFlUW1WUjc0T1RQQmsyRXhsY2pLU05TZWx4aE9LcTIyXzB5Ty1WMXVCYy1BYmxWcDRwRV9aQmFYNjRMd3fSAdQBQVVfeXFMTmVCeUVvLVM5b2lCZ21aMTJxM00tdVJCa2xIcXJSdlZ0cWE1cnFXQjNvbUcyX21WNzFjaEN4RVJlUW1LWm1oVUg4NkpMcXNlQmZRUXZrbnhreG8zVW9SVjh5ei05LXgtQkE3bW1UdnkybUVwUUlWbHhOS0xERmJCMHlrRllKTVJuWmpRcG10OUMxaEU3YmlDVGFNYjRlX2JQNUF5SHRuVmFuVF9ocmVEdVZQd1BwQklaRDR2MmRHSkNIemI4dU5hU1BaYlJVSEc3RjV1bUM?oc=5,,,"DEHRADUN: Following a rigorous search operation that continued for six days, the Uttarakhand forest department on Tuesday caught an elusive man-eater tiger who is believed to have killed seven people in the past six months. ""The overall operation actually went on for half a year, from December till June, making it one of the longest in the state's history,"" said CS Joshi, divisional forest officer (DFO), Ramnagar forest division.
The mission involved a huge team of over 100 officials from six forest divisions -- Ramnagar, Nainital, Terai East, Terai West, Terai Central, and parts of Corbett.
92 camera traps & drones, officials of 6 forest depts tailed elusive big cat
 Over 92 camera traps and drones were set up to trace the movement of the big cat, which killed four women and three men in the Fatehpur area, bordering Nainital and Haldwani, Joshi said.
Interestingly, the ""man-eater"" tag was automatically lifted from the animal on June 1 as it had not killed anyone for 60 consecutive days, since March 31.
But the tiger struck again on June 16, killing its seventh prey, a 65-year-old woman. Angry villagers created a commotion and refused to take her body, demanding that the tiger be ""labelled a man-eater again and killed immediately"". 
Subsequently, chief wildlife warden, Parag Madhukar Dhakatey, gave permission to authorities to tranquilise and trap the animal.
Forest authorities once again started actively patrolling the area for five straight nights. But it was only near dusk on Tuesday, the sixth evening, that the operation caught some momentum. The forest department team, riding on elephants, spotted the tiger sitting far away on a hillock.
“It took us nearly eight-and-a-half hours, from dusk till midnight, to take control of the big cat. It was only after midnight that the mission came to an end,” said Joshi.
Dr Himanshu Pangti and Dr Ayush Uniyal, the vets who led the operation jointly, recalled the challenges of the night. Pangti said, “In this case, we were inside the habitat of the tiger, not the opposite. He was very aware of his landscape. The area around him stretched about 15 km and it was all foothills with dense forest canopy. This barred aerial view and we couldn't trace its movement through drones.""
Uniyal added, ""Once we darted it, it took nearly 40 minutes for the medicine to work. We had to trace the big cat and redart, after which we called our quick response team.” The tiger was then successfully relocated to the Nainital zoo.
In April, a 30-member expert team from Gujarat was called to tackle the man-eater menace. However, it returned empty-handed after a month. The team had come with its own set of cages, luxury vehicles and ammunition to trap or put down the elusive tiger.
Interestingly, forest authorities and scientists at the Wildlife Institute of India said that they recorded the movement of three more tigers in the area. ""Further permission will be sought to tranquilise and trap those tigers if they attack villagers,” DFO Joshi said.","success(trafilatura, resolved_via_decode, 3014 chars)"
Record 43 deaths from tiger and leopard attacks in Uttarakhand this year - newindianexpress.com,2023-12-27,Uttarakhand,,Tiger,Human Death,0.0,0.0,43.0,Cumulative deaths from tiger and leopard attacks in Uttarakhand this year.,0.98,aggregate_period_total,,newindianexpress.com,https://news.google.com/rss/articles/CBMi0gFBVV95cUxQMmQyenFrcVZ5bFFLV1FtS0lrOG93LTgyVWhZZ2F4MHMwNXNmOFN0czA4UHkzMDVGRnhDdENxM1Y5V252cW1SdC00djJMNXh6VWhpR3JUR3BFeEh3amFjUVoydi0tU2NYUy1nVmRtY2loT3JGQWdxNFduSnZYT2pDV2d2MEdVSVdsQ0JDa0Q1dThkQnlGSW5yMlN4bjdzNEIwWDAwOG9TbEwzNmlDdXJHTkE5a2xYUTBCMGZ0d2VNN3dXSkVlQTdlWU9CVDVwaVNuU1HSAd8BQVVfeXFMTlRMa29yZXFFVDViMjZndk5wUUxybWU4aGZuU3RWU0Qwak5pcllwdHVOWW5TZXlfajJSc1VTQkNYRzZLQWFBZ2N5YTBNZDhiXy0taHo4LWFWTjFKQXNHRVNJaGI4ejFyQTlMeVMzSkc2cC1JbU84cUFMMkRReU9KSEFUOHJoYW5MZGtxUU1KTUswSUxfb215S090N1o1Qy13QU5TeU1pcVllMVBEVGlpQ19YdmxwMzlkRldxeDBMUVp1MEhUOUo1QWRSMTJjc2RGaTRIU1YwZU1LbXY3T3FzUQ?oc=5,,,"DEHRADUN: In the 23 years since its formation, Uttarakhand has seen a record high of 43 fatalities in human-wildlife conflicts involving tigers and leopards this year. Of these, 21 individuals fell victim to leopard attacks, while 22 lost their lives in tiger encounters.
According to data gathered by the forest department, between January 2000 and December 2023, a total of 551 people lost their lives in leopard and tiger attacks, with over 1,833 individuals sustaining injuries. Additionally, since June 2001, a total of 1,663 leopard deaths have been recorded, with many attributed to accidents or inter-species conflicts, among other causes.
According to 2023 data from the state forest department, the population of leopards and tigers in Uttarakhand has seen an increase since 2015. The estimated number of leopards in Uttarakhand is 3,115, while in 2015 the number was 2,335. These figures are significant as Uttarakhand is one of the states where human-leopard conflicts are frequently.
While there are now 12,852 leopards in India, the previous estimate made in 2014 was 7,910. The population has registered an increase of more than 60 percent.
Speaking to The New Indian Express, Chief Wildlife Warden Sameer Sinha voiced his apprehension regarding the increasing occurrences of conflict. ""The estimates of the leopard population will provide us with valuable insights into the problem areas, and we are committed to taking measures to alleviate the situation,"" said Sinha.
A spokesman of the forest department told TNIE, ""In the year 2023, 21 people died in leopard attacks and 22 people died in tiger attacks in the incidents of human-wildlife conflict in the state, which is 13 per cent more than the previous year."" Incidents of elephant attacks have decreased this year, with five people losing their lives compared to 12 last year.
The Wildlife Protection Society of India (WPSI), a wildlife conservation organisation that monitors tiger and leopard mortality, has released data showing 204 deaths in the country this year during the period from January 1 to December 26. The 43 deaths of tigers and leopards in Uttarakhand represent 15 per cent of the country's total.
According to official sources in the Uttarakhand forest department, the state has officially recorded the third-largest tiger population in the country, with a total of 560. The Corbett Tiger Reserve (CTR) has reported the highest number of tigers at 260 among the 53 tiger reserves in the nation. Notably, the tiger population in Uttarakhand has surged from 442 to 560 compared to the figures reported in 2018.","success(trafilatura, resolved_via_decode, 2599 chars)"
82 Himalayan goats killed in snow leopard attack - The Rising Nepal,2023-11-11,,,Snow Leopard,Livestock Attack,82.0,0.0,0.0,Snow leopard killed livestock.,0.98,single_incident,,The Rising Nepal,https://news.google.com/rss/articles/CBMiUEFVX3lxTE1xYnRUNno1MFItLWFBZTBVLWRNaHM0Q1RaemhBMC1QTFdqYURsOXo2QXJGeWhYYmVMWHNuMDljZEJUYnlGVWxvdkRCYXJCVjM2?oc=5,,,"Myagdi, Nov 11: Dozens of Himalayan goats were killed by the snow leopards at Dhakmar of Lodhekar Damodarkunda Rural Municipality-2 in Mustang district on Friday night. 
Four leopards entered the makeshift enclosure keeping dozens of Himalayan goats owned by a local Migmar Gurung, and killed 82 goats, leaving eight others injured.
Information on this was shared by ward member Chhawattar Gurug.
The pen was made of walls and wires which was easily raided by the wild cats. ""The livestock death caused the loss of more than Rs 3 million,"" Gurung said, adding that the leopards sucked (blood) to death the Himalayan goats, while some were left with only innards.
Later, the injured goats also died.
It is the biggest scourge caused by the snow leopards in Mustang, according to farmers.
After the scourge, a team comprising the Chairman of Loghekar Damodarkunda Rural Municipality, Raju Bista, and representatives from the Annapurna Conservation Area Office, Lomangthang, and police persons from the Charang Police Office reached the spot.
The snow leopard is an endangered wildlife in Nepal. There is no ascertained data on how many snow leopards are there in Mustang.
The den in the rock of Dhakma village is the habitat of the snow leopards, according to local Chhiring Gurung. (RSS)","success(trafilatura, resolved_via_decode, 1286 chars)"
Leopard attack injures 4 in Budgam’s Khansahib - Greater Kashmir,2026-04-20,Jammu and Kashmir,Budgam,Leopard,Human Injury,0.0,4.0,0.0,Leopard attack resulted in injuries to four individuals in Budgam.,0.95,single_incident,,Greater Kashmir,https://news.google.com/rss/articles/CBMimAFBVV95cUxQQlpXblBySW16NW83amtJcTltLVNubTcwQ0Jxd3ZFbUhFTlhEcU9FWlJoWWNTZkJFODY0LUlvdXBRMkNNZ0lXaDZsX1hlZ0N6UnlMcFRRUWUxbS11R05MNFZ0bHlqelNYRGFmRVNhbmhhVlhLUkdiVWl3azk4eFlkYlBNYWV4dl9sVGcwT2I1Ql93UUluZVFiVdIBngFBVV95cUxNU2pkcThPblo2MnpFQWFQVmc5QWx0TlJXZTBDSWUxelFZUGR2Q2hTV1NlMTNfNXUyTEJrZHBZdXo1eTc0dThTeDRsbndQWVV6ZGY4QWRqOGdyQmUxWTR5S3VxS3dLNkk4eTBuallXWmV0ckR5Q3BuaERTVklxWWI0TGJSaTdYNGlwUVRWZ3kycEJiUTFXRUNzOG15MkwyUQ?oc=5,,,"A leopard attack in the Batpora and Sheikhpora areas of Khansahib in central Kashmir’s Budgam district left at least four people injured, triggering panic among local residents.
According to locals, the animal suddenly appeared in the area and attacked multiple individuals, leaving them injured before moving through nearby habitations,as per news agency KNT.
The injured were shifted to nearby medical facilities for treatment, officials said. Police personnel reached the area and carried out measures to control the situation.
Locals expressed resentment over the absence of the Wildlife Department during the critical period, stating that timely intervention could have prevented injuries.
“If the wildlife team had arrived on time, the leopard could have been captured,” residents said, adding that no officials from the department were seen in the area during the crucial hours.
The area continues to remain under fear amid reports of the animal’s presence, with residents urging authorities to take immediate steps to track and capture the leopard.","success(trafilatura, resolved_via_decode, 1056 chars)"
Eight goats found dead near Tiruvallur; villagers suspect leopard attack - The Times of India,2023-09-06,,,Goat,Livestock Attack,8.0,0.0,0.0,"Eight goats found dead, suspected to be a leopard attack.",0.5,single_incident,,The Times of India,https://news.google.com/rss/articles/CBMi3wFBVV95cUxObDRPZkk1VkZqQU9UZ2dCVG5fS3lqZGR4SFNvdVJBSktETmN3bS1aT3Y4X2NPNi1yeEUxV05qQlBEMWRnYS1sTVdaTlVtcl9HUlEzdHRfMjEyeDZrUzNaY3ZueUNiSmdhVDRhaWJIOUJXQWVFRXh2Z1hEdXIxUXQyaDl6ZnlZZmNEWnlieTlMS3A5UU1yb1dmdmpIaG0wRERfQ084ZW9hbTJhRGFXOEFvb004M1pNRm5OZXBCSEVhNmNKU3JySWR5Z1E2aGN4bDdLTGFfbGQ1dGljVW1rZXZn0gHkAUFVX3lxTE9vdnhrTy1CQ0p0M21FWGx6T3pibXY5ZGNfcE1FcERfN0c4cmtobFgwMmxMUnB6N3VBR0dhOFZmVjFzYVhWbVRsdTE0M0lHRVpCejkxcWx4NU5tN3dNMVZTS1dGSkFxMHlfR2I5dzlaRzN3ZGZlemhxQjBycnVaSXlVOFIyY1p6bGhIVjYxRVNDa3c3dk01UWlSNnJack5qU2dfYnBZaW1uTW95c09ldnlwUXZoaG5BbllKNk94UkRWQU9rZWRHTnhaaHJnVmg5bjRnTHNzb2dOTnp0NHZOaFE0WGd0NQ?oc=5,,,"CHENNAI: Eight goats were found dead with injuries on their neck in a village in Tiruvallur district of Tamil Nadu on Wednesday morning. Though villagers suspect it to be a leopard attack, forest officials said it was too early to jump into conclusions.
According to village assistant V Dhanalakshmi, the goats belonged to Rajini of Movoor near Poondi.
""On Wednesday morning, another villager alerted Rajini about a goat lying dead. Rajini checked the shed and found other goats too dead. All have some injuries on the neck,"" Dhanalakshmi said.
Villagers said leopard movement had not been reported in this area earlier. Forest officials and village administration officials visited the spot for investigation. 
""We are checking CCTV footage from a nearby company. Only after thorough investigation can we confirm if it was a leopard attack,"" said a forest official.","success(trafilatura, resolved_via_decode, 866 chars)"
"16 Sheep Killed, 17 Injured in Suspected Leopard Attack in Chadoora - Brighter Kashmir",2026-09-10,Jammu and Kashmir,Chadoora,Leopard,Livestock Attack,16.0,17.0,0.0,Suspected leopard attack resulted in the death of 16 sheep and injuries to 17 individuals.,0.95,single_incident,,Brighter Kashmir,https://news.google.com/rss/articles/CBMirgFBVV95cUxPMHJ2NVcxaGk1bUotOVVUVDQtN3N3TFk4TmJMTzdOY0h2andKdHFULTdyWE5IVm81dVlXY2x4MU9OWGtxb1FqWUJTdkVINHliX2JxRjZYdGh2eXIxRDJzLWgwNzc3dXpGVWVCX0ZFZlV6TE5kZFRQYlhoSG55R09FcXJORmxpSGZVaGVxcUhxcDR5U0FmRmpaUjVudXlObWZHRjlHdGgyOV9mdjFza1E?oc=5,,,"Budgam, September 10: Sixteen sheep were reportedly killed and 17 others injured after a wild animal attacked a flock at Badipora village in the Chadoora area of Budgam district during the intervening night of Wednesday and Thursday.
The owner of the flock, Imtiyaz Ahmad Chopan, said he suspected that a leopard had entered the livestock enclosure during the night and attacked the sheep. However, the identity of the animal has not been independently confirmed.
Chopan said the incident has caused significant financial losses to his family, which depends on livestock for its livelihood. He urged the government and concerned departments to assess the damage and provide compensation and immediate assistance.
Local residents have also appealed to the Wildlife Department to inspect the area and take necessary measures to prevent further attacks on livestock and reduce the risk of encounters between residents and the wild animal.
© Copyright 2023 brighterkashmir.com All Rights Reserved. Quantum Technologies","success(trafilatura, resolved_via_decode, 1014 chars)"
Leopard attack claims life of 3-year-old boy in Handwara - Rising Kashmir,2023-09-18,Jammu and Kashmir,Handwara,Leopard,Human Death,0.0,0.0,1.0,A 3-year-old boy was killed in a leopard attack.,0.98,single_incident,,Rising Kashmir,https://news.google.com/rss/articles/CBMiiwFBVV95cUxNT1NnbXFpV0FMMVhhYTIyQnRRRE0yZ3JPcTUtLV95UFpTT2twSm5vdElwUzdxRW9SNVV4dDl5ZnZndVNwR1dZMW5KZllFSWhIS194dHQ3YmRyWHVRMnhoOElRcHE5QXJ4WEtnUXFlOWpOVnU2M2tVc3ZHaHBabnluaWo2bGVWTkgwX3RV?oc=5,,,"Srinagar, Sept 18: A 3-year-old boy lost his life due to a leopard attack on Monday morning In Handwara area of Kupwara district.
The young victim, Burhan Ahmad, son of Mohammad Kamal Mir from Marchwali Nichhama, was attacked by a leopard right outside his home.
The terrifying incident unfolded in the early hours of the day. When people nearby heard the commotion, they rushed to the scene and hurried the injured boy to a nearby hospital. However, the doctors on duty declared him dead.
The tragic incident has stirred up anger within the local residents, who have pointed fingers at the wildlife department for not taking adequate steps to capture the wild animal that posed a danger to their neighborhood. They expressed their frustration, highlighting that this is the second such incident in the area in recent times.
An official from the wildlife department spoke to Rising Kashmir and admitted that there is only one rescue van available for the entire north Kashmir. “Managing the needs of all three districts without enough equipment has become a challenging task. Furthermore, there is a severe shortage of staff in the department, with fewer than 100 employees responsible for these two districts. This lack of resources makes it difficult for them to effectively address such situations.”
The local residents have demanded that authorities take immediate and effective measures to prevent such incidents from happening again in the future. They stressed the need for additional rescue vans, especially in each sub-division, to enhance wildlife management and ensure the safety of their community.
Advertisment","success(trafilatura, resolved_via_decode, 1623 chars)"
"19 sheep killed, 15 others injured in leopard attack in Poonch - Brighter Kashmir",2023-04-10,Jammu and Kashmir,Poonch,Leopard,Livestock Attack,19.0,15.0,0.0,Leopard attack led to the death of 19 sheep and injuries to 15 individuals.,0.95,single_incident,,Brighter Kashmir,https://news.google.com/rss/articles/CBMimgFBVV95cUxQRzI2WG8tT1g0YUlKemxLT1VKNUlnOGs1d1V5WDF1RUJ5cVpORUtyakFpaTVVZ1pjRmp2Sy1xd2U2YjZmVmY3QnFReWRxX3gyTUFRaGV4azRHWjh1NXpRVER6RzduU0FkWmNHaXdZM1dibHQycW1TS051SG1qUEdTYVRTaHRQek5fRDBVeEREXzRkdjBRY2JhT3NB?oc=5,,,"Nineteen sheep were killed and 15 others injured when a leopard attacked them in Gultha area of Mendhar in Poonch district, officials said on Sunday.
They said that the leopard barged into a shed belonging to one Maneer Hussain Shah and attacked the livestock.
In the incident, they said, 19 sheep were killed on the spot and 15 others were left with injuries.
A police party rushed to the site to assess the situation, they added.
© Copyright 2023 brighterkashmir.com All Rights Reserved. Quantum Technologies","success(trafilatura, resolved_via_decode, 510 chars)"
Leopard mauls minor to death in Handwara - Greater Kashmir,2023-09-18,Jammu & Kashmir,,Leopard,Human Death,0.0,0.0,1.0,Leopard mauled a minor to death in Handwara.,0.98,single_incident,,Greater Kashmir,https://news.google.com/rss/articles/CBMijwFBVV95cUxPX1Z5MWxJMUs0WW1odzlwMFlwY1NSbHZ2RjhHbUVPNUVsT1c5eFFseDVaS1dqXzBCSTIxdldaNWZNc3RYSGRFc1UxMDBzdkdPclFSdFdOM1VWXzlDUENJNW0zb2pwODdYaUtWTlhGMXlwS0VyWHdpaTNyR2xXQ3RtQl8xZWpSN3FZcWxrbGtjQdIBkwFBVV95cUxPTlJGZ1hOZl9CcEhzTFNpVGsycnRqTWQzRXFocnJLMjdLYzNIX3N4dzh5Y256ZW9hQU9hMkZ2M0l3Zi1wYUZqUThsS29rSkJETHgxNDN3NlNPQURUSEgxZ2ZQZ0l0ZVlqWHZCWDlSN25vczJpSm93TElHbGRrX2VCY1k4b0lfUEVhZnJ2WDVWY3ZPbTg?oc=5,,,"Kupwara: A minor boy was killed in a leopard attack in Nichama village of Handwara in north Kashmir on Monday.
Locals said that the minor was pounced upon by a leopard outside his home and dragged to nearby forests, leaving him critically injured.
The boy was immediately shifted to Primary Health Centre Behnipora, where he succumbed shortly after.
The deceased minor has been identified as 3-year-old Burhan Ahmad, son of Muhammad Kamal Mir of Nichhama, Rajwar Handwara.","success(trafilatura, resolved_via_decode, 472 chars)"
"On Cam | Leopard Attacks Wildlife Official While They Tried to Capture Him, 3 Injured - News18",2024-04-03,,,Leopard,Human Injury,0.0,3.0,0.0,"Leopard attacked a wildlife official, resulting in injuries.",0.98,single_incident,,News18,https://news.google.com/rss/articles/CBMiwgFBVV95cUxOMmh5aVJQbHJlYnJVSFZ2QW80VjRoN19Sb0JnQWxrWXh5d3hVXzZUcjIyVGlZRnBFem9pNk5FdTZYOGZ5N2V2UmxaZTVnWUtkUmZCRFZtLUVObENzcllOaS1nYmQ5cEw3NFJoWVZZVEJ0dDFIZTRSS3pwdWQ2Y1dENFJTMzloTVUtYUNHT1NDREVDeGpFZUxWdlVjbVBrSjZzcnFBa0JobGg1YjBEYjdQbk8zTTBwWXk3dTN0SVFiUjNWd9IBxwFBVV95cUxQR3pFemZtNVJ1WWtRenRUOFdvVGthOWxGQjRSY0c0SmRkYjRsQS1IOEVMNEh5MjhwbE9RZmEyWVU3bFYyQWNVUURVTDQ2MG90aFFXbnNYRlNOUGhCMzVhbjFGSFFSd01fb2IwZmt4TE1RbFg0aFlacU8xVzVMX2JHeWlLOGVHbkdEbjE2LVVqeUJOT0xtNG1KTGdPUk9LTTl1R01mTlRtaXZlLVFlc21ENmVEd0MzaHZBZTdueEhsMWp3SEhnU0RN?oc=5,,,"On Cam | Leopard Attacks Wildlife Official While They Tried to Capture Him, 3 Injured
With the help of locals, the official was successfully rescued. Two women and a wildlife official were injured in the attack.
At least three people, including two women, were injured on Wednesday by a leopard who was found in Central Kashmir’s Gandarbal. The locals alerted the officials about the animal roaming in the area, prompting a large-scale search operation.
In the now-viral video, the wild cat was seen attacking a wildlife official who was trying to capture the animal.
Recommended Stories
- Celina Jaitley Kisses And Hugs Her Son's Grave; Rohit Chandel Shares First Post Following Bail In POCSO Case
- Not Lionel Messi! Neymar Jr Picks Former PSG Captain As His All-Time Favourite Teammate
- BRICS By Numbers: 11 Countries, 4 Continents, Nearly 4 Billion People And A $32 Trillion Economy
- First Time In 138 Years! 3-Match Test Series In England Ended Without...
The video first captures the animal and the official, both of them maintaining a safe distance, when the official bent down to take a stick to control the wild cat. Suddenly, the leopard pounced on the official and attacked his hand. Soon locals with wood and sticks, attacked the animal from behind so that the official could take his injured hand out of the animal’s mouth.
Caught on camera: leopard attacks wildlife official while they attempt to capture him at Fatehpora area of central Kashmir’s Gandarbal. Two women and a wildlife official were injured in the attack. pic.twitter.com/vsFM6MWDPX— Ieshan Wani (@Ieshan_W) April 3, 2024
With the help of locals, the official was successfully rescued and the animal was also captured alive. The injured people were taken to nearby hospital for treatment.
Meanwhile, in Rajasthan’s Ranthambore National Park, an encounter with tiger turned into a heart-stopping moment when the animal unexpectedly attacked a cow. Park officials along with the tourists present captured the entire incident on camera.
In the video, tourists can be seen enjoying the safari, capturing pictures and admiring the park’s scenic beauty from their safari jeep. Suddenly, when the cow was trying to cross the path, a tiger emerged from the bushes and jumped on the cow, leaving tourists shocked. Fortunately, the cow managed to escape before the tiger could harm it further.","success(trafilatura, resolved_via_decode, 2364 chars)"
Leopards kill 30 goats in Kaghan village - Dawn,2023-04-08,,,Leopard,Livestock Attack,30.0,0.0,0.0,Leopards killed livestock in Kaghan village.,0.98,single_incident,,Dawn,https://news.google.com/rss/articles/CBMiSEFVX3lxTE94akdzNm5rdF9SUGVxZnhwYk1JSVBEY2Nad2x1TkQ5Y0xNandXMFFjVU5pSWJzSUp2SVNyOGJ1dTBlemVnd0dLd9IBTkFVX3lxTE5iYUFwb3YyNDF1VHd6clF5TF83ck5PRGhsRENDY2RkeHhOZzlEZThOT3BrREk0Z1NWUlc5S2cyd2t1QUdQUmpHQlNkYWtDUQ?oc=5,,,,extraction_failed(page_fetch_failed after resolved_via_decode)
"Human-wildlife conflict: 2 killed, over 40 injured in bear attacks across Kashmir since apple harvest began - Greater Kashmir",2026-09-07,Jammu & Kashmir,,Asiatic Black Bear,Human Death,0.0,40.0,2.0,Bear attacks resulted in 2 deaths and over 40 injuries in Kashmir.,0.98,aggregate_period_total,,Greater Kashmir,https://news.google.com/rss/articles/CBMi6AFBVV95cUxObjN5TWhhbHctcTBDV1poLU9PVkpVR2R6T3dPME5CRHJlTmxVOFRCZjlXNDl2Q3FrZGJpX0VnVUR1M0NvOFRWRjVfUGN1ZW5TMmFFOTJUdGloM3VsYmREWFdKQV9kdEFRVkFENVBpQm9JMGdhOHdvN0J0SDVWd21Mb18tZFZJOGFzNWE0XzFjUnF2VVNoSGFNWjgyOWtTckUzaUVGekVtOW5SQlFyb0loTzU5bXdzS2w3aEdNOEMyZnM2bkhnWnplVUtZR3BpUTA5WWZDb181M1R2UjJiaGtpM2REVnJZcmc00gHuAUFVX3lxTE9QNDFvNkVUOUF0U3FmTjFWdUdEUHlCYUJVU2lybGxxRzBReXBPVkZqVkNsNGJNOXNieWt3QkFWZWZTTjVWdzhjeHNUdEJOOFptUjl0Q2xSV0Y2SXczNkNLZFFSUy1yenpvSkJYSjFTNl9sUE1Ub0o1RTU5UGZQYm9BWEMtWDJaZi04c0l1V1pEM2tOMnpEOHlBU3hLWTM4anBzcExUNG5SV1Fjc1o4aHR5UlNyRUIxYURUdHdsNUgzaW9KeDRrSndyNGlnSWlyY2oxZVpnSFYxLXVxV3hRbGlrVjNwOTAwNmlHWDc4d2c?oc=5,,,"More than 40 people have been injured and two killed in bear attacks across Kashmir since apple harvesting began in August, with animals increasingly straying into orchards, maize fields and nearby settlements.
South Kashmir has recorded 12 injuries and one death in the Anantnag-Kulgam wildlife range, while the Pulwama-Shopian range has reported eight injuries so far, taking the total in the region to 20.
Central Kashmir has recorded eight injuries, and north Kashmir has recorded 16 injuries and one death.
In Kulgam, 45-year-old Latifa Banoo was mauled to death on Aug. 31 while working in an orchard at Tarigam village.
Her family learned of the attack only after she was shifted to SDH Qaimoh by the villagers.
“We are devastated by her death. Authorities should step in to prevent such incidents and ensure that no more lives are lost,” her family said.
Days earlier, 68-year-old Abdul Salam Teeli of Ahmadabad village in the D.H. Pora area of the same district was seriously injured after going to the aid of another orchard worker, Bilal Ahmad Kohli, who had cried for help.
“When I heard the cries, I rushed to help him, along with my wife and daughter-in-law. I saw Kohli lying injured. The bear then turned towards me and attacked me as well,” Teeli said.
“Such a time should never come again in my life. The moment was like a heart attack.”
This spike in attacks has been reported across Kashmir
In the latest attacks, Mohammad Maqbool Bhat was seriously injured at Mirmadan in Dooru, Anantnag, on Sep 3, while another man was injured at Lalwani Seer village of the same district today, on Sep 6.
He was immediately shifted to GMC Anantnag, from where he has been referred to SKIMS, Srinagar.
Wildlife Warden Anantnag-Kulgam Sajad Bhat said August and September are particularly sensitive because ripening apples and maize draw bears into areas where people are working.
In Pulwama, Ghulam Nabi Bhat, 55, a flour-mill worker from Jawbehara, Awantipora was also grievously injured, at his workplace.
Six more people were also injured in separate bear attacks in the Tral area.
In Shopian, a minor girl was injured in a leopard attack in Dragad village on August 4.
Earlier, towards the end of July, three people, including a woman were injured in a bear attack in Reshipora-Harmain in the same district.
Central Kashmir saw three people mauled at Khonmoh, Srinagar, within 24 hours on Aug 16 and 17.
In Budgam’s Rawatpora-Khag, a man, Abdul Qayoom Thokar was critically injured in a bear attack, while in Ganderbal Mohammad Maqbool Bhat was attacked by the animal at Watalbagh , leaving him grievously injured.
In north Kashmir’s Kupwara district, 6-year-old Subahat Jan was killed in a bear attack at Nichama village.
In Bandipora, Javid Ahmad Pir was mauled at Kralgund-Hajin, while Farooq Ahmad Khan suffered severe facial injuries at Chrawan in Ajas.
In Baramula, a man Firdous Ahmad Mir and a woman Zahida Begum were injured while cutting grass at Janwara in Sopore.
“Last year, also during the apple harvest season, we lived in constant fear of wildlife attacks, and this year is no different,” said orchardist Mohammad Sultan of Kupwara.
Wildlife Warden North Kashmir Suhail Intesar said August and September are the peak months for bear encounters.
“Once apples ripen, bears come down to orchards. This has become an annual phenomenon,” Intesar said.
Leopard sightings have also increased, with animals turning up closer to villages and homes. A child was injured in a leopard attack in Shopian.
Wildlife Warden Pulwama-Shopian Suhail Wagay warned against leaving children alone in areas where leopards have been sighted.
“Children are mostly their prey, so they should not be left alone, particularly in areas where leopards have been sighted,” Wagay said.
Wildlife teams have tranquilised and captured many animals, while others were driven away before they could cause harm. In Pulwama and Shopian alone, 46 animals have been removed from human habitations since the harvest began - 22 black bears, 21 leopards and three others.
“These animals were actually present in human habitations. We responded immediately, rescued them and did not allow them to cause any damage due to the quick response,” Wagay said.
Control rooms have been activated across wildlife divisions. Orchard workers and residents have been advised to move in groups, avoid fields during evening and after-dark hours, carry torches and report sightings immediately.
With the harvest continuing through November, officials have urged people living and working near forest fringes to remain vigilant.","success(trafilatura, resolved_via_decode, 4593 chars)"
"Leopard kills one, injures five in multiple attacks across Himachal’s Mandi district - newindianexpress.com",2025-12-24,Himachal Pradesh,Mandi,Leopard,Human Injury,0.0,5.0,1.0,Leopard attacks resulted in one fatality and five injuries in Mandi.,0.98,single_incident,,newindianexpress.com,https://news.google.com/rss/articles/CBMizgFBVV95cUxQdzdNUWR4RGROZkJZdFp5Sl9oMGxjaUJqRURoNmpFUURPLVh1Q19Mdy14WEE2NnQ4THlENHlzeldybTVaWld2aWRTUll2VEN4TW5SVWtnNkZ3QkZlYlNLNUhncjNPay0xRXNyNlUxZkF6R1lWVFYyUkZsTERNalJ4eGV4Qkd1blkzM3MtakVubUxqWXV6U0hpZDc3ZzEtbENpQVJaWTNickZFQ29lLVRpWFE4NnZ1Y2QtcW8wZF9kbnJTY003MG1CcUt2OVZyd9IB2wFBVV95cUxPSHBtcm9UZGJ0dXdLOFdHZzVqelB0aHNwM21BRlh0N2hma19GRHJFdEl4Q2NTa1RhRGJ4VW4xX3NhUUo1SlhOVGQxOTJpOEdjV3BCaTU0X1JXUmdaSXdqQXpqWkhNdHQ0aTlhczJObW1DaGdLNlRPYnFPR2t1dERkcGJDeFZUd3ZpRkIyOWRXVE80MThnY1lDTmxDWXNVZGVJLWxOMENiOXEyZ2F4dlJ5TlllcHRMa19wczFBbjlEVjZPR3Z4bkM2aUVRVVNBQTBaOGNadkVCa1k5WjQ?oc=5,,,"CHANDIGARH: One person was killed and five others injured after a leopard carried out a series of attacks at three different locations in the Balh Ghati area of Himachal Pradesh’s Mandi district on Tuesday morning before being shot dead by locals, officials said.
The leopard attacked people in Chandiyal, Bhadyal and Malwana villages, triggering panic among residents. According to officials, the animal first struck at Chandiyal, after which it moved to Bhadyal, injuring several people, and finally reached Malwana village, where it mauled a 40-year-old man, Balveer Singh, resulting in his death.
Singh, a resident of Bholi village, was a migrant worker living in Mandi and had come to Malwana to visit relatives. All those attacked sustained paw-related injuries and were immediately shifted to hospital, where doctors described their condition as stable.
Sources said forest department teams were rushed to the affected villages soon after the first alerts were received. As panic and chaos gripped the area, villagers reportedly came out of their homes armed with sticks and sharp implements in an attempt to protect themselves.
The leopard was eventually killed when it tried to attack again. Its carcass has been taken into custody and sent for post-mortem examination.
The injured have been identified as Sahib Singh, a native of Bihar; Dinanath of Bhadyal; Rekha Devi, wife of Dinanath; Janit, also from Bhadyal; and Champa Devi of Malwana. They have been admitted to Shri Lal Bahadur Shastri Government Medical College and Hospital, Nerchowk, where they are undergoing treatment.
Confirming the leopard attack, an official of the local administration said one person had died, five others were injured and the animal had also been killed.
Following the incident, forest officials have intensified surveillance in and around the affected villages. Locals have been advised to avoid venturing out alone during early morning and late evening hours, when wildlife movement is more likely.
An inquiry is underway to determine how and why the leopard entered densely populated areas, once again highlighting the growing human–wildlife conflict in the region.","success(trafilatura, resolved_via_decode, 2164 chars)"
"Leopard attack in Himachal’s Mandi leaves one dead, nine injured; animal killed by villagers - Telegraph India",2025-12-24,Himachal Pradesh,Mandi,Leopard,Human Death,0.0,9.0,1.0,A leopard attack resulted in one death and nine injuries in Mandi.,0.98,single_incident,,Telegraph India,https://news.google.com/rss/articles/CBMi1AFBVV95cUxQZkpDOThPb0J5MllKa3d6OVZsNW0zODNXNVJEdkxZc1RjMVhWWmMzMEdfZ2ZjM3JCNW9LZGZienc0dXZHQ05Cb3ZURWVmQjJyLW0tTUNrS0R6UE9zQUlPZWFfd2Q4eDE4QkdSZnN6dVRvU2pRNFpJMVJacHBpOEJhd1l4ZmxRdHR1SzdVSkl4OUhMeElzc3FZZkljSlNGbjFYSEVpT0gyVFVldEJvZnpNRmV1Y21xNWVHUFpVN0JxeVNqSFVZSURVQjF1VFBhZHA0aEw5atIB2gFBVV95cUxNOWlJY0ZCZlVSa0JKdThBcVNiTE5Ja2JPemRjcEM0aFBldkptVFVYV3Q5RjBQSU5EaENHRW5Bel9HUnNDTDY1UWRQUzgtOTk4TmlFUW53S0d4SFgtbkx2Y3NGa051YW5DcHN1eTN2VVJJYXhzY1NaVjVMRTloS0N3N1dRTjJRTEdzNDllYV9VcnF1YUpKdENidTgwY3pDTnFfbm5LSGsyZWZJemxmbnBqdVE2MFlKN2tYUDdwSlhjNHhwRmJLR0xSY3VMX0NaMVRCUDJOam1VM3hjZw?oc=5,,,,extraction_failed(page_fetch_failed after resolved_via_decode)
Leopard declared as man-eater after two women killed in Nainital | Hindustan Times - Hindustan Times,2023-12-12,Uttarakhand,,Leopard,Human Death,0.0,0.0,2.0,Leopard declared man-eater after killing two women.,0.98,single_incident,,Hindustan Times,https://news.google.com/rss/articles/CBMi0wFBVV95cUxPbzhrNGdTcHY4M3c5QkxpV2l4UzZrR2dadlIzRHk1T25oQnBOUzNIaXU0XzI4bkRsLUN3ZVZXNEhwSm94LWNOQnVzWDNjUDlITFIwekh0R2daU015eXdVems5UURPcGlwTU9QQUViODVlekFYek42OUNaZG1ib1FZb1ZjbDdBdkpQNGQ3VzdjZWpEbkVDc25uM0R1c2xnZnZMRndRR2M5ZzR5eU1HSGcyRm1VVnRHbUpkYXgzeGk1c21fQmFlLWNteVcxV1hmLURBZ1Z30gHYAUFVX3lxTE5rX2x5d0dRaVZoRjJfelptWVVFWl8xWll0dzVXYXdwWmVBV0dpQWtBbEpRWGdXYWRIcFJ4Z05TWE95ekR3R2VmMWJya1BJalUweXRDa01NbjREU19ybE1IdC1VRkF6RGtGLUhCRzhYajliOUlZNWZxUmkwLWo0aDhJYUVDNTNDUGtxSU1LS2ZRckUyUEhuVHlxZEpFMHc5UUdnRXhOTVBUZEhSbldhOGtGbjJWUkxjR3RSV2pTYnIyS0t2TnBoc0MwWmNFZ21udHZCR2Q0Z0dMNA?oc=5,,,"Leopard declared as man-eater after two women killed in Nainital
The Uttarakhand forest department has deployed four cages, 10 camera traps and 75 forest personnel in the operation to eliminate the man-eater leopard
The Uttarakhand forest department has declared a leopard as a man-eater after the animal killed two women in Nainital district last week, officials said on Tuesday. The department has also roped in hunters to eliminate the leopard, they added..
According to forest officials, on December 7, the leopard killed Indra Devi, a resident of Maluwatal in Nainital district. Two days later, on December 9, Pushpa Devi, a 38-year-old resident of Pinrau village, who was cutting grass in the field near her house, was also killed in a leopard attack while another woman, 28-year-old Urmila Devi was injured in the attack.
Angered by this, the villagers demanded that the leopard be declared a man-eater and eliminated. Angry villagers also gheraoed Nainital DFO Chandrashekhar Joshi’s office. On Monday, the forest department declared the leopard maneater and issued orders to kill it.
Chandrashekhar Joshi, divisional forest officer (DFO) of Nainital forest division said, “The leopard which was creating terror in Maluvatal and Pinarau villages has been declared maneater. Forest teams under the leadership of veterinarian Dr. Himanshu Pangti are patrolling the area. Hunters Harish Dhami and Vipin Chandra have arrived to eliminate the leopard.”
“Four cages, 10 camera traps, 75 forest personnel have been deployed in this operation to eliminate the problematic leopard,” he said.
He said, “Apart from this, forest teams have been deployed in Hairakhan and Dhungshil areas also. SDRF (State Disaster Response Force) team has also been deployed in the area.”
He further said, “Patrolling is being done in half a dozen villages including Pinero, Maluvatal. Villagers are also forming groups and helping us in patrolling.”
The movement of single devotees has been banned to Chhota Kailash temple. Citing security, the forest department and administration have appealed to the devotees not to come to the temple for a few days, said officials.
Pramod Kumar, sub-district magistrate of Nainital said, “There is a ban on a single person going to the temple. There is no restriction if devotees go in groups.”
Over 450 people have been killed in leopard attacks in the state since the state was formed in 2000. Human deaths in leopard attacks account for nearly half of the total deaths due to wild animals in the state, according to the data of the state forest department. According to wildlife experts, there are many factors due to which it has been difficult to check man-leopard conflict in the state, be it the hilly terrain which provides ample space for leopards to hide to human settlements scattered in hills overlapping with the leopard territories.
In May last year, angry villagers burnt alive a leopard in Pauri district after the leopard killed a woman. In March 2011, angry villagers had burnt alive a leopard in the same district. The leopard had attacked ten people in the area. In June 2018, angry villagers also set a forest on fire in Bageshwar district after a 7-year-old boy was killed by a leopard.","success(trafilatura, resolved_via_decode, 3226 chars)"
Leopard kills 13-year-old girl in Uttarakhand's New Tehri - Deccan Herald,2024-10-19,Uttarakhand,,Leopard,Human Death,0.0,0.0,1.0,Leopard killed a 13-year-old girl in Uttarakhand.,0.98,single_incident,,Deccan Herald,https://news.google.com/rss/articles/CBMisAFBVV95cUxOcS1VcUdnUXJFWE9DbmFDWUpFOFFZeU5CT0xrN21hekZVLVBjSHJuSk1KSlVNSUNGSFBkck9BYzNidGVJNkhtcmJCX3BHR05tSUd5eHFwcXY0cGNlb2lNdG5LU2FseENQTEVxR1dnY2hxbHJIcllXSi0xQ2VWT0xWV3dpRGZVanR6aVk5akRYbDlfLXc2cTFoZlBZb3owa29GNDVEek9tR0JQMEl0dUJodw?oc=5,,,"Leopard kills 13-year-old girl in Uttarakhand's New Tehri
In view of the incidents, the forest department has deployed two shooters in the area to kill the leopard, and eight cameras have been installed to track its activities. Cages have also been set up in the hopes of catching the leopard.","success(trafilatura, resolved_via_decode, 293 chars)"
Woman mauled to death in tiger attack in Champawat - The Times of India,2025-03-29,Uttarakhand,,Tiger,Human Death,0.0,0.0,1.0,A woman was mauled to death in a tiger attack.,0.98,single_incident,,The Times of India,https://news.google.com/rss/articles/CBMixAFBVV95cUxQX0Jsbjlka0NJTC14cHlmSHRzVFlhSTU1QXVrcTlBcUU1b3BwWWxxUkVPQXE3WnFvMlRJUDhnUVl4MlYzV2F0aU9Yd2JEM1ZGdERBZ3lfOWlxSEpHanZFTDhRRUlqZnhEVVNMN1RiYjBNR05sT0JzZjRoZnJOcHlfZXViMEw3Q3pfSHR5WV9hV0dYZ0lPQ1FqajVnTDBVd0pKNkM5aHhSczRyd1ZGZS1EYVNLRnJudDdNbkFsbm1BbU95TjVS0gHKAUFVX3lxTFBXbGpvZ0dPa054YnY5V1NWWXg2dWNZS2dTTk9rdFJDdThyZ3o2RHYzZUZtbnplR1Z1dXhJMDRlZVo1alBVTlFVcjVPM05aUkVqVXNsUEllLVRCb3k1OUlaQzY4bm9Ra2w1dmxSMjJndHNpbFJFZTdsdzF6cldLTFYzclRhWmFBNkJBcGVyVzQ2Tm9pYkNPOUVPTEMtenhvbVdYLUtEOUxqelVZOU8wN2JERUsyUFRNZ196dUVZMTN6OFJGNkYtaHcyRmc?oc=5,,,"Rudrapur: A 45-year-old woman was mauled to death by a tiger near Devipura-Majhgaon village in Champawat district on Wednesday. The attack occurred in the Khatima range forest, about 2km from the village, while she was collecting firewood with five other women. 
The tiger attacked Virma Devi from behind and dragged her deep into the forest. A search operation was launched by a forest department team after the women accompanying Devi rushed back to inform villagers. Devi's mutilated body was found in the bushes three hours later, about 500m from where she was attacked. After a post-mortem exam at Tanakpur hospital in Champawat, her body was handed over to her family, said Surendra Singh Koranga, SHO of Banbasa police station. 
Khatima sub-divisional forest officer Sachita Verma said evidence from the site confirmed a tiger attack. She added that necessary measures were being taken to ensure public safety. 
Residents in the area said they were afraid to step out of their homes, especially in the evenings, as this is the second tiger-related death in the region in two months. In Feb, a 35-year-old man was killed while grazing cattle near Tukdi village in Nanakmatta area of Udham Singh Nagar district. ""We demand immediate action to capture the tiger before another tragedy occurs,"" said Deepak Chandra Rajwar, head administrator of Devipura. The forest department has intensified patrolling in the area and plans to install a cage to trap the tiger. 
Since its formation in 2000, Uttarakhand has recorded a high number of fatalities due to tiger attacks. From Jan 2000 to Dec 2023, 551 people were killed and over 1,833 injured in leopard and tiger attacks combined. 
The number of tiger-related deaths has fluctuated in recent years. In 2022, 11 people were killed, which doubled to 22 in 2023. Seven such deaths were reported in 2024. With Uttarakhand's tiger population increasing from 442 in 2018 to 560, human-wildlife conflict has risen, driving the need for urgent and effective strategies to ensure the safety of both humans and wildlife.","success(trafilatura, resolved_via_decode, 2062 chars)"
"Schools closed, night curfew in Uttarakhand villages after tiger kills 2 - The Times of India",2023-04-18,Uttarakhand,,Tiger,Human Death,0.0,0.0,2.0,"Two people were killed by a tiger, leading to school closures.",0.98,single_incident,,The Times of India,https://news.google.com/rss/articles/CBMi1wFBVV95cUxOQnBzYVdibm5nd2FaRkE4ZkxUWHZNWFE3QWZxSjF4VlM2SXVGWTlyODJfaVlpZlRHREd0bGM5RlI2bjV3c0VnaWs0NlR3R2JhQ0VOcHRUT3FRMEZQUTlJbGRoNHdNMlNSM1kydkUxay1sa3lxSDJsdWJ3dzBBTS1VU1hicjJpcGtRT2M3R2VSaFB1X0dtVlBfdnkwS3hDREhKZkxTdk5TU25HRlRBMWZsbk5LZFVFTzV2WU1hNlpDaFE4U1UyVmZDeTM5TWREOVVOQ0NpS2FtQdIB3AFBVV95cUxNYWdkaUlJMVZLLVlEeEtxUGlBQWNJSjFSTnM2MUVobmhXanZaRDhPVmx1Nl9vSDRvSmlYSW55a1g0SlRNVTZDRnQ5X2twbU5ZWG1RVG1sMHBHRUdNbVIwT3dDSWR4ZmJTTS1tSEt1MWVzSC1PaUJwU3FQVHJHZHFKM1Q5MGs3TzNWOTdFdGdnWUVwS2pyVmJxbHhFbDJtXzJRTERaYnR0UEE0dGxmWFhpVklGRmdpV01BR0pZeW5CUjUxVXhvc1Y3b1FWYm9kaWJGT01udkczQUJUOTU5?oc=5,,,"DEHRADUN: After two elderly men, a farmer and a retired schoolteacher, both in their 70s, were mauled to death in almost back-to-back tiger attacks within 72 hours on the fringes of the Kalagarh Tiger Reserve (KTR), a worried local administration on Monday decided to impose night curfew from 7pm to 6am, and close schools in the area for two days.
With the tiger having been often spotted lurking near villages in Rikhnikhal and Nainidanda blocks of Pauri district, just north of the tiger reserve, people have been warned against venturing out after dark.
Speaking about the terror caused by the tiger, Laxmi Devi, a village pradhan told TOI, “Even the local MLA, Dilip Rawat, spotted the tiger while visiting the area. Staying indoors cannot be a long-term solution. How will our children go to school? All of us are in extreme fear.”
In the first attack on April 13, a 73-year-old farmer, Birendra Singh, along with his wife was harvesting his wheat crop at Dalla village in Rikhnikhal block of Pauri district and had taken a break when a tiger pounced upon him. Despite his wife’s desperate cries for help, the animal dragged away the farmer. Later, villagers found the man's mutilated body some distance away.
In the second incident, which happened barely 35km away from Dalla, the half-eaten body of a 75-year-old retired schoolteacher, 
Ranveer Singh
, was found near his house in Simli village in Nainidanda block on April 15.
Madhya Pradesh: Tigress and her 4 cubs spotted crossing road in Panna, video goes viral
The Kalagarh Tiger Reserve falls within the Jim Corbett National Park, which has among the highest population density of tigers in the country.
Villagers in the area are pressing for the animal to be declared a man-eater and immediately put down. Responding to the demands, DFO of Pauri Garhwal, Swapnil Anirudha, said, “We have got the go-ahead to trap and tranquilise the animal. Our teams have installed cages and over a dozen camera traps have been set up. Patrolling teams are actively combing the place. Also, families of both the victims have been provided a preliminary compensation of about Rs 1.2 lakh each.”
Explained: How India revived its tiger population
There is also speculation that the killings may be the work of more than one tiger, with villagers claiming to have spotted multiple sub-adult tigers in the area.
Forest officials said that DNA samples of both the victims were sent to the Centre for Cellular and Molecular Platforms in Bengaluru to check if the killings were carried out by the same tiger.
A senior forest official, who has been monitoring the landscape of the area for several years, added that “the incidents point at the fact that these big cats are being driven out of Corbett by more dominant tigers and they must be in search of new territory as they are sub-adults. Hence, they have strayed into these villages.""
Incidentally, angry villagers in Rikhnikhal had burnt alive a suspected man-eater leopard in 2011, triggering concerns among forest officials of a repeat of that act this time around.","success(trafilatura, resolved_via_decode, 3063 chars)"
Leopard kills bovine inside a farmhouse visited by tourists - The Times of India,2023-10-21,Uttarakhand,,Leopard,Livestock Attack,1.0,0.0,0.0,A leopard killed livestock inside a farmhouse.,0.98,single_incident,,The Times of India,https://news.google.com/rss/articles/CBMi1AFBVV95cUxOTEJGbHNvdnk0R2JiTGg1ekE4V2lPRlpYamhMVWgydVJzcHZHRmc0TzRBUHJKdDZrUDFtMVJIbFJ2Z0hGdlBidXhDcHJLd0ROOW5DdWg2aENCdEptSHM0TFNuREtTM3RYeGhOM3NzSzRqWndZWUpSbDBDOGNScTNkNmhWa0YtMTZnSkFLY21TODFHTVRpWUd0S2F2WHdzd3Jqb0FHU1BFZjdRZUM4b3lvNlJIMnpidmkwSUpwOVBfSVVxR3phTjBQQnkyU09RaGdfWGN1U9IB2gFBVV95cUxOVDdTeWhvLV8xMkJvX29wUXZMbzR1eVFPWk5yUVlEcjZlRG0wSmFMTERkaFdVWmpNaldPNm9vZ296OTVrVGgyOENEUFY4VUxybV9LdkRJcWNNNmlNWjUyRWhMalFXVXU5ajh6ZVFFRVRwa09RVkQzUmJjdUVaVGZMN3ZHZjVPN0VnaHI0blY4Y3p3MWt6dldqTTRVQk9VSmxROEtBRjJJX2QxREdvLVFQZjctOGkwN2Y3UFZybGNwUkJBYUkxZld2enlRaEJMMTE5TWIxRkRtMFNFQQ?oc=5,,,"NAVI MUMBAI: A leopard killed a cow inside a farmhouse in Saygaon village in the tourist hotspot of Shrivardhan taluka, Raigad on Wednesday. The incident spread fear among locals and tourists. The attack was caught on CCTV. Few other animals were standing around when the leopard attacked the sleeping cow. This is the second such incident in the last four months.
A two-year-old dead cow is among the other cows who were tied in the open area inside the farmhouse run by Amit and Mansi Kamath.
The CCTV footage shows that while the leopard was attacking the cow, two other cows were tied nearby. One of the cows tried to escape but to no avail. After the attack the leopard left the farmhouse. The cow was not providing milk.
The farmhouse workers had alerted the owners, who in turn told to the forest department. The forest team conducted a panchnama after due inspection. They also scanned the CCTV footage. Accordingly, warnings and awareness about the leopard movement has been issued to villages.
The range forest officer (territorial)-Shrivardhan Sanjay Pandharkame, said, “The cows were not tied and kept in herds inside the cattle shed. Wild animals easily attack cattle when they are moving open or those who break away from their herd. We have observed that people are tying domestic animals in the open in the forest area. There were no tourists in the farmhouse that day.” Assistant conservator of forest (territorial) Vishwajeet Jadhav said, “A three-member team comprising a forest guard, agricultural officer, and Agricultural Produce and Livestock Market Committee (APMC) decides the market and compensation values of the killed domestic animal. Accordingly, 75% of the compensation value will be released to the owner soon.”
We also published the following articles recently
Supreme court sends notice to all states on cow vigilantismThe Supreme Court has asked all states to respond to claims by the women's wing of CPI that hate crimes and alleged lynching of Muslims by cow vigilante groups are increasing in India. The court had previously taken note of the issue three months ago. The National Federation of Indian Women informed the court that people transporting meat and cattle are being attacked by vigilante groups, and then the injured persons are being accused by the police. The court had previously sought responses from the Centre and six states on the issue. Rajasthan elections: Cow remains a poll issue, and a bother for farmersAs the assembly poll approaches in the Mewat region, the cow remains a major issue. BJP is focusing on the cow and Hindutva agenda to win the election, while Congress hopes to gain support from Muslims and Dalits. Alwar district, known for cow smuggling and mob lynching, has seen incidents of cattle smuggling and farmers facing difficulties due to unclaimed cattle damaging their crops. Farmers resort to ""cow surgical strikes"" to protect their fields, but face the risk of being accused as smugglers. Uttarakhand: Tiger kills forest guard in CorbettA forest guard was fatally attacked by a tiger while on patrol duty in the Kalagrah range of Corbett Tiger Reserve. The incident took place in the Paterpani area, where the guard, Pawan Kumar, was suddenly attacked by the tiger. Despite being rushed to a medical facility, Kumar did not survive the attack.","success(trafilatura, resolved_via_decode, 3323 chars)"
"Fearing leopard attack, Uttarkashi villagers want schools to not re-open - The Times of India",2026-03-11,Uttarakhand,,Leopard,Human Death,0.0,0.0,1.0,A man was killed by a leopard in Uttarakhand.,0.98,single_incident,,The Times of India,https://news.google.com/rss/articles/CBMi4AFBVV95cUxOb0VxbFowZGR3d2FCRzFiWk5KUHZ4OXZiOFBKcGJYeEVsdGVrSXlWRnk3R2ZyX1ctX00tR3NVb2lSTjN5aDIxSDlOd09pMnpWRUlmSE4tTnNYak9sVDFoUTE2VXlzbk5nMEpmQTBWZlUwNlBsVGZkLTNIcnd2M0xvQnJYOWI2RFRTOE5vLW1uaHJyOG9UVFdoWWZ3MVFVeHVqeVgzNDY1T3FpV1JhbGVRQjNkb3VEdUVUdVo1bkc2SHQ4aXlmbVFTcjFwTVkzck9nUHVUUm5fRlppdXZXQVd3YtIB5gFBVV95cUxOVXNHSGlNd0xERWFtTmg4amtRdW9YRWFmSmk4UEljbTZPXzdYTnpMSG5kSWZpWWtpMFNyTEQzVGNNN3Y1Qm5odG9MY0hVYXphVjExazV3cm1xck9BYjFGUTlYR2RUc0E5Q1BPQjNabFFfRXdOY0hQa2JRTXhXcXVCendjUjRPWE1jVHRPRnpVSURoSk42ci1YR0t3S3ZTbnhjNk9TN3Q4SnBMODZvRUhoQXVHWEw2aUQzeXRVc2tGeTZOejZmcHc4Wk9fbjVGUjRkMnBULWdQVHd0aWVoYTZfNVcyQjU5dw?oc=5,,,"UTTARKASHI/DEHRADUN: Leopard scare continues to intensify in Uttarakhand, with the situation turning worrisome in some villages in Uttarkashi. 
Residents of four villages - Tulyada, Dharkot, Khalsi and Chamiyari -- in Chinyalisaur block of Uttarkashi have urged authorities in the education department to not resume schools post- summer vacation, fearing leopard attacks.
They have also sought assistance from the district administration as schools are all set to reopen from Saturday (July 1). 
Sensing the fear among the villagers, the authorities have agreed to resume classes in government buildings within the villages, like the panchayat ghar, rather than asking children to walk through the forest area to reach school. 
Nearly 50 schools are impacted by the threat of the big cats. The forest and district administration teams, which are scanning the area, said that ""the presence of five leopards is anticipated in a 5-km stretch."" 
""Badi Mani and Barkot saw two incidents in the past 1.5 months of women being killed by big cats. Patrolling in the 5km stretch there shows that there are five leopards in the area,"" said one of the forest team members involved in the operation. 
GS Negi, block education officer of Chinyalisaur, Uttarkashi, said, ""The safety of school children -- particularly those who are studying in schools located near the forest or in secluded places -- is of prime concern for us. Considering this, we are thinking of running the schools in government buildings located in the village.""
He added that some schools are located on the border of the villages and are comparatively safer. 
""We may ask parents to drop and pick the children from school. We have informed senior officials about the situation and will take necessary action soon,"" said Negi.
Recently, a woman was attacked by a leopard in Ranikhet but managed to save herself using a sickle. Similarly, an elderly woman was attacked by another leopard in Aabki village.","success(trafilatura, resolved_via_decode, 1963 chars)"
"Woman killed in leopard attack in Nainital, third incident in two weeks - Rediff",2026-01-11,Uttarakhand,,Leopard,Human Death,0.0,0.0,1.0,Another woman killed in a leopard attack in Nainital.,0.98,single_incident,,Rediff,https://news.google.com/rss/articles/CBMi6gFBVV95cUxPNzg4bFRUUkJMQ0cxMEZMN3ZET2J6blJZbzVJUU1JbS1xM1lyNEc0dlp1eE1qZFZzdU93V1RiRm1ySzJYNndUenRxeFBEMHlWeVBCQjg3VlptUE1jMHV1U3NreUowTFd6aEhVOFEzU0tKNTlpdlZIRVhETFJxdUU0U3FhRExaUHVmM283NHRBUE8zOUlCYnVJX0dkc182ZS13U0F2TjN3bElnYnIyNE54UWlra0ZySXp2ZVJtakJPOUlRZTE2aklqbmtkd1FXZWVJUEkyZ1owd3JXT0VEdEhIaVJBS1YtSDlka1E?oc=5,,,"A woman was mauled to death by a leopard attack in Dhari block of Uttarakhand's Nainital district on Sunday, officials said. 
This is the third incident such incident in the district in a fortnight. 	 The officials said the incident occurred around noon in Dhanachuli area of Khutiyakhal when Ganga Devi (35) had gone into the forest to collect fodder for her cattle. 
Devi's body was recovered two kilometers inside the forest. 
A forest department team reached the spot after being informed of the incident. 
The death of the woman in the leopard attack has caused tension and anger among the local people. 
The locals alleged that despite repeated sightings of a leopard in the area for the past few days, the forest department had not taken any precautionary measures for the safety of the people. 
Earlier, two similar incidents of leopard attacks had occurred on December 26 last year in Dhari block and on December 30 in Okhalakanda block, in which two women were killed. -- PTI","success(trafilatura, resolved_via_decode, 985 chars)"
Leopard attacks 12-year-old boy in Dehradun - Deccan Herald,2024-01-14,Uttarakhand,,Leopard,Human Injury,0.0,1.0,0.0,A 12-year-old boy was injured in a leopard attack.,0.98,single_incident,,Deccan Herald,https://news.google.com/rss/articles/CBMinwFBVV95cUxPVENDYS1MVm8tRkxESzRHY3ZnX0xOOE1JQ3RUN3RBQlJRc0RYX19uTklobVB5NExYZFE3NjM4cDlBb3NJdWtGV1VRaGxFNkk0UEMxY0RoZDJheFV4Q0MyMUZ2d3JpZ3hVTWF0V04tZXFrbFlXR2hqSlpONVQ3TFlydUdZbXVsZ0Y4ODFkcnBrLU9MYkFjdEttaDNzQVlmWVU?oc=5,,,"Leopard attacks 12-year-old boy in Dehradun
After the incident came to light, Dehradun Senior Superintendent of Police Ajay Singh gave instructions to increase patrolling in the area and police are cautioning people living nearby using loudspeakers, they said.","success(trafilatura, resolved_via_decode, 260 chars)"
Shoot-to-kill order for Bhimtal leopard - The Times of India,2023-12-13,Uttarakhand,,Leopard,Retaliation Against Wildlife,0.0,0.0,0.0,Authorities issued a shoot-to-kill order for a leopard after multiple incidents.,0.98,single_incident,,The Times of India,https://news.google.com/rss/articles/CBMitgFBVV95cUxPVmRWZ1VQTk5tSXhXM1RNT3lqN05UcExSRGtHbVlKVlYyQ2ItbjdBLXRwNFp6MDN1b1RpNkk5QTB2cUxWTnNfbGR3Wk5IYi1YdlNpWGxjekZvakREMnJfX2RINTJiVUllbk9FZDdjSk14bUVRdDAzMHQxX2RKWXI3UG9lbU9KeE8tU2dodi1vMnZpb3p5Y0FScnhDSmU5ZHpBTkZCSXF4S1FrTmxWSjlSVUxnbEZQd9IBuwFBVV95cUxPX2FHM2JHc0NmaFI4dFFZeFdnY1l3cU15cEpObnpienA3dXlDOFlxSDFCNjNESmo1RzF1RUFNZGZ4cTZIX0RLakRWamNiUC1jXzhkU0xVYmJzM2xFb0VBT2hFenZ5Rk1WUk4ySVk3OGpzUFJWU3RxUW9oV2pGTXVkUW5NNWlRdVJWZGh2aDVWczluM1gzS1M3ZGxFcXdEUGNWQWVUWEdtN3FCelFDUVpkNFhPaWtaZ3pJbUlV?oc=5,,,"NAINITAL: The state forest department on Tuesday issued orders to eliminate the leopard suspected to have killed two women over the last five days. Armed patrol teams have now set out to hunt down the predator. 
The villagers of Panori in Bhimtal block are in fear as many residents have reported encountering the big cat during routine tasks. Locals and the village head said these were the first instances of leopard attacks in the area in many generations on record.
Villagers are also dealing with a dual challenge involving access to water and fodder. The village relies on a water source situated in a dense forest, but for the past two days, they have been requesting the assistance of forest officials to accompany them to fetch water. Despite the villagers being armed, the officials have been unwilling to join them. Additionally, the villagers have sought cattle fodder for their livestock, but their request has gone unanswered. On Tuesday morning, when a group of women attempted to collect fodder from the forest, they encountered a large feline and were forced to retreat. 
Bhimtal divisional forest officer (DFO) Chandrashekhar Joshi confirmed that they have received the directive to eliminate the killer leopard. He said, ""Teams armed with weapons have been deployed to tranquilise or kill the leopard and we are also installing surveillance cameras in the area to monitor the big cat's movements."" 
Chief Conservator of Forests (CCF) Sanjeev Chaturvedi said leopards have been prowling in the hills of Uttarakhand of late. He said, ""The presence of leopards, once thought to be exclusive to plains and dense forests, underscores a positive trend in wildlife conservation efforts. Recent documentation reveals the adaptation of these elusive creatures to hilly terrains, challenging established beliefs.""
This year, the presence of leopards has been documented in at least three instances. In February, a leopard was found dead in Jhadgaon, Almora district. In April, camera traps captured images of a male and female leopard moving around in Dalla village in Rikhnikhal block in Pauri Garhwal district. Recently, leopard sightings have also been reported in Jageshwar, Almora, Bhimtal and Nainital.","success(trafilatura, resolved_via_decode, 2217 chars)"
"Bear attacks on rise in Kashmir as apple orchards, maize fields become hotspots - Kashmir News Observer",,,,,,,,,,,single_incident,unrecognized_conflict_type:; report_type_backfilled_by_heuristic,Kashmir News Observer,https://news.google.com/rss/articles/CBMi0wFBVV95cUxNQzJnWGxxRUhGOHBIbmI3VTN0bm9pZ3lVd0MwS29hQ0VUbjRKSEl3ZlNWQkJxWUR0enZCSmRaTnZMaHNYbGhBYTNZVnhFX0p4T3NNeDN5M05XZzlfczl1blE5bnFlM2tUeXFDU1JpSm50UFBPWG0tSkxUYjEtd0pvWjhjLXhyOVhXU0dKN0ZMSmlKTDJ1R3dMRllkUGI5ejhCSTZNazFoM25wd3A2S09HUjNXbXRSMWlvWG4yMWlUaml1c0tDSFZoOHNfeGZCeDRkX1Bn?oc=5,2026-08-26,,"Kulgam, Aug 26 (KNO): For 62-year-old Abdul Salam Teeli, a resident of Ahmadabad village of Damhal Hanjipora, Kulgam, what began as an ordinary morning in his apple orchard quickly turned into a fight for survival. Teeli said he left his home around 11 am and reached his orchard around 11:30 am along with his wife and daughter-in-law. “Shortly after reaching the orchard, I heard that a bear had attacked a person nearby. When I heard the cries, I tried to run away with my wife and daughter-in-law. The bear then turned towards me and attacked me as well,” he told the news agency—Kashmir News Observer (KNO). Recalling the frightening moments, Teeli said the animal came close before attacking him, leaving him with injuries to his head. “Such a time should never come again in my life. The moment was like a heart attack,” he said. Teeli was shifted to a hospital for treatment. The other person injured in the attack was also taken to a medical facility. A growing number of bear attacks across Kashmir have triggered concern among residents, particularly those living close to forests, orchards and agricultural areas, with wildlife experts attributing the rising human-bear encounters to habitat disturbance, easy availability of food and increasing human activity around wildlife habitats. From south Kashmir to Srinagar and north Kashmir, bear attacks are on the rise, leaving people injured and, in some cases, creating fear among the population dependent on orchards and fields. Dozens of people have suffered injuries so far this year, while some have suffered fatal casualties. According to official statistics, 32 people have been killed while 350 injured in wild animal attacks in Jammu and Kashmir over two years. A total of 9,301 wild animal attacks were reported across the Union Territory in 2023–24, in which 18 people were killed and 137 injured. The highest number of attacks, 1,444, was reported from Jammu district, followed by 1,173 in the border district of Kupwara in north Kashmir, 998 in Kishtwar, 950 in Baramulla, 826 in Doda, 756 in Ramban, 750 in Bandipora, 667 in Anantnag, 367 in Pulwama, 230 in Udhampur, 224 in Shopian, 218 in Budgam, 135 in Kulgam, 110 in Rajouri, 92 in Ganderbal, 86 in Srinagar, 70 in Poonch and 15 in Reasi. In 2024–25, a total of 6,360 wild animal attacks were reported in the Union Territory, in which 14 people lost their lives, and 213 were injured. The highest number of attacks in 2024–25 occurred in Jammu, with 1,341 incidents, followed by 686 in Ramban, 673 in Kishtwar, 637 in Anantnag, 609 in Doda, 381 in Pulwama, 311 in Udhampur, 309 in Budgam, 252 in Kupwara, 219 in Shopian, 182 in Baramulla, 174 in Kathua, 153 in Bandipora, 143 in Kulgam, 82 each in Ganderbal and Poonch, 80 in Rajouri, and 46 in Srinagar. Over 50 control rooms have been set up across J&K to provide a continuous response to wildlife emergencies and conflict situations. These control rooms are equipped with a range of specialised tools, including tranquillising guns, net guns, snake-catching sticks, protective gear such as helmets and gloves, and cages of various sizes. Some facilities also have night-vision binoculars, camera traps, GPS devices, walkie-talkies, searchlights, surveillance drones and vehicles, and are staffed by trained personnel for immediate action. Most of the attacks took place in the morning hours when people arrived to work in orchards and agricultural lands, an official said, adding that the most vulnerable areas are those with the highest tree coverage and the largest extent of protected areas, including forests, riverine vegetation and meadows that support a more varied prey base. Wildlife researcher and conservationist Kashif Farooq Bhat said the increase in human-bear encounters during this period should be viewed in the context of habitat disturbance and seasonal food availability. “There could be many reasons that human-bear interactions are more, but this is nothing new as we have been seeing it over the past years,” Bhat told KNO. According to him, disturbance in natural habitats and the availability of food outside forests are among the possible reasons. He explained: “We are observing that bears are roaming in cities and villages for days. The question is, what does it feed on? We throw a lot of household garbage and horticultural waste. This is the apple harvesting season in Kashmir, and those apples could be the prime attraction for bears. Maize is also available in the same season, so it is quite evident that during the harvesting season human-bear interactions can be more."" Bhat said land surrounding protected areas that was traditionally used as grazing land has increasingly been converted into agricultural and horticultural fields as well as human settlements. “That means we have entered a little into the national park, and growing agricultural and horticultural crops gives an open invitation to bears to come to these lands,” he said. The researcher said the nature of human-bear interaction has also changed over the years. “Earlier, when bears approached these grazing lands, people would scare them away. But the story is entirely different now,” he said. Anthropogenic disturbance inside and around wildlife habitats, coupled with careless disposal of household and horticultural waste, could be among the major drivers of conflict, he added. On whether the bear population itself has increased, Bhat said the number of attacks cannot be used to establish a population increase. “As far as the population of Asiatic black bears is concerned, we cannot declare whether the population has increased or decreased on the basis of human-bear interactions,” he said, adding that scientific population estimation is required to establish the actual status of the species. “Once those scientific studies are conducted, the reasons for major conflict will be clear,” he said, adding that anthropogenic disturbance cannot be ruled out as a major driver of human-bear interactions. According to Bhat, areas surrounding protected forests are particularly vulnerable, especially where apple orchards, maize and bean cultivation provide easily accessible food. “Food remains highly available, and bears most often visit those areas,” he said. Bhat said local communities have a key role in reducing human-bear encounters. He advised people not to encroach upon, alter or disturb natural wildlife habitats and stressed the need for proper disposal of household and horticultural waste rather than dumping it along roadsides or in open areas. People living close to protected areas should keep outdoor lights on and avoid allowing children and women to move alone outside, particularly after sunset, he advised. Bhat urged residents to follow directions issued by the Wildlife Protection Department. “Most importantly, if a bear is sighted in the locality, people should stay calm, go out in groups and not alone, inform the Department of Wildlife and not take the matter into their own hands,” he added—(KNO)","success(newspaper3k, resolved_via_decode, 7020 chars)"
Man Injured In Bear Attack in Anantnag - Kashmir Observer,2023-08-31,Jammu & Kashmir,Anantnag,Asiatic Black Bear,Human Injury,0.0,1.0,0.0,Man injured in bear attack in Anantnag.,0.98,single_incident,,Kashmir Observer,https://news.google.com/rss/articles/CBMihAFBVV95cUxQOW9OTjBiNi1DTWE2S1RjSzdaQ29kMURlUXpESE5Qd09sZkhpdWpHcDlyOTc5aTFIZWFpNndfRE52X3N4QXBnOGM5ZnJfbDVTYm5iOFVFODNBUmgwZDlzM3NrVk5UbFNya3lub1N0TmFLRXhvZUtOWGJPc1NpWjdkZFB5dHQ?oc=5,,,"Representational Photo

Srinagar- A man was attacked and injured on Thursday by a black bear in the Verinag area of South Kashmir Anantnag district.

ADVERTISEMENT

Ghulam Rasool Rather was walking in his native Zamalgam village of Verinag on Thursday afternoon when a bear appeared there and attacked him, reports said. The villagers rescued Rather and shifted him to Primary Health Centre (PHC) Verinag for treatment.

However, the doctors there referred him to Government Medical College (GMC) Anantnag for advanced treatment.","success(newspaper3k, resolved_via_decode, 529 chars)"
Bear Mauls Man To Death In J&K’s Doda - Kashmir Observer,2023-10-06,Jammu & Kashmir,Doda,Asiatic Black Bear,Human Death,0.0,0.0,1.0,Man mauled to death by bear in Doda.,0.98,single_incident,,Kashmir Observer,https://news.google.com/rss/articles/CBMigAFBVV95cUxOV0JJTUJPYTlvZFA1eFhXcnRFNHdVYS1HSFVtLURoMWczdTQ3aGNlVFg2WnNFYmNiSURldi1mcHNCUXd4S25aeUlfRVNmaVBZaFY0bTNjdXcxTHVEOVFreHppMzlqZWhkeFhPSktVSXpvQ2xMbDVWZG9xSWxDcjR6UA?oc=5,,,"Representational Photo

Srinagar- A man was killed on Friday in an attack by a black bear in Doda district of Jammu and Kashmir.

ADVERTISEMENT

Mushtaq Ahmed of Kathawa Khanpura village was attacked and injured by a black bear near Bhendoga Nullah on Friday morning, reports said. Ahmed, who sustained serious injuries in the surprise beast attack, was removed to a nearby hospital for treatment.

However, before the doctors could start his treatment, Ahmed succumbed to grave injuries.

Meanwhile, the locals have appealed to the authorities to capture the wild bear so that no more human lives are lost due to such attacks by beasts.","success(newspaper3k, resolved_via_decode, 637 chars)"
Bear mauls man in Tral’s Gulshanpora; locals flag wildlife threat - Free Press Kashmir,2026-08-24,Jammu & Kashmir,Tral,Asiatic Black Bear,Human Injury,0.0,1.0,0.0,Man mauled by bear in Tral; locals express concerns.,0.98,single_incident,,Free Press Kashmir,https://news.google.com/rss/articles/CBMiqAFBVV95cUxQWG1wdUJsZlQ2M1VnczA0azBWMVdRTkFqRUFsOEhVNGtPa1h4LXdObWs0ck1lYW84aGdxNVFrd0tfM1FsSkFrcDNHUE5xX2FIdzl2N0M2eVFwNURndW1xa1RjaF90T2JUNE1FV1U5eGVCOGoxRXJFSnhlb1E2WnBHV2dsZVBtV1M0MGdsaG1mTktMSUc2Q1YxcDNUQ3R1ZkpIaHhWZjlwennSAa4BQVVfeXFMTXY3NVMtVFBrSHEtdkxGbWI3alk3S3ctM3FuQWF1RXh5OGNQME9mT1Z6c1kyTlVfMXV0NFN4THRhTWFfUHVTaERKczJuc1dlaVRYSWNUcFJsdUtRNnNhSm9DTVpIMzI1eW5rZlhUSWZ5NEhBVk8yZG5RSW52NlhrY3oxZlpIS3p4VThXVmlCQ3h1R2tmSW5IdFRXYjU2aUtTWEJCOTZ6YWhmVXBrYmt3?oc=5,,,"Pulwama: A man was injured after being mauled by a bear in the Gulshanpora area of Tral in South Kashmir’s Pulwama district on Monday.
The injured has been identified as Muhammad Anwar, a resident of Gulshanpora.
Following the attack, Anwar was shifted for medical treatment and was subsequently referred to the Sub-District Hospital (SDH) Tral.
Locals have alleged that despite apprising the Wildlife Department about the movement of wild animals in the area, nothing is being done to save the humans and cattle. [KNT]","success(trafilatura, resolved_via_decode, 519 chars)"
Bear Attack Leaves 3 Injured In South Kashmir’s Pulwama - Kashmir Observer,2025-09-16,Jammu & Kashmir,Pulwama,Asiatic Black Bear,Human Injury,0.0,3.0,0.0,Three people injured in bear attack in Pulwama.,0.98,single_incident,,Kashmir Observer,https://news.google.com/rss/articles/CBMimgFBVV95cUxQckZPLWVvNTRtMWZGVE5QVTdGUTYyZlE2QzhXZ2ZlMC0yRVhCVVBURDdqa19RazNqU1FVMXZxRDh0ZjFueTJrVDhIS2tYY2psTkxqcU5GNHd5VE9JNVVXcW9wUkhVaGgzUzNiQnB3NXZuYzNlQUdvcGg2NHpEb1czbGtyTGFWWVhCRWh0OWcya1hDbDVuMnBQV19R?oc=5,,,"Representational Photo

Srinagar- A wild bear attack in Zantrag village of Khrew area in Pulwama district of South Kashmir on Tuesday left three people injured, triggering panic among residents.

ADVERTISEMENT

Officials said the incident occurred when the wild animal strayed into the village and attacked locals. The injured have been identified as 35-year-old Afroza Bano, wife of Ghulam Hassan Lone of Bathen; 30-year-old Maimoona Bano, wife of Mushtaq Ahmed Bhat of Zantrag; and 35-year-old Mukhtar Ahmed Mir, son of Ghulam Mohammed of Zantrag.

The trio sustained injuries during the attack and was immediately shifted to SMHS Hospital Srinagar for advanced medical treatment. Hospital sources confirmed that all three are undergoing treatment and their condition is being closely monitored.

The sudden appearance of the bear sparked fear in the area, with villagers urging the Wildlife Department to intensify surveillance and take measures to prevent recurrence. Locals say wild animal incursions into residential areas have increased in recent past due to shrinking forest cover and human encroachment near habitats. (KNT)","success(newspaper3k, resolved_via_decode, 1132 chars)"
Two Injured in Separate Bear Attacks in South Kashmir - Kashmir Life,2026-09-11,Jammu & Kashmir,,Asiatic Black Bear,Human Injury,0.0,2.0,0.0,Two people injured in bear attacks in South Kashmir.,0.98,aggregate_period_total,,Kashmir Life,https://news.google.com/rss/articles/CBMijgFBVV95cUxPemJUbVU2V2lnVDQ5OVp2VDd5VWttYlBqWGV6NWtpR2JCbk5oOFo5NHN1Nko5Y2pZeUluTS1hTlU2QUFjVHdOSWVFX09MUmFWQzY4OGFDcnNJR3ZoZ0ZLN2owNmxOeUU0YndfMVMtLVA0cFByMmEtY3pvcVpDVGdrdFBsRVJxeDBKSV93ZHdn?oc=5,,,"SRINAGAR: Two people were injured in separate bear attacks in south Kashmir’s Pulwama and Shopian districts on Friday, officials said.

A woman was attacked by a bear in the Handoora area of Tral in Pulwama district. She was identified as Hajra Begum, wife of Ghulam Ahmad Khan and a resident of Handoora.

Begum was taken to Sub-District Hospital (SDH) Tral for treatment following the attack.

In a separate incident, a 40-year-old man was injured after being attacked by a bear in an apple orchard at Sedow in Shopian district.

The injured man was identified as Sadiq Ahmad Thokar, son of Abdul Rahman and a resident of Sedow. He was shifted to Sub-District Hospital (SDH) Shopian for medical treatment.

The incidents have raised concern among residents, with locals in Handoora urging the Wildlife Department to take immediate preventive measures in view of increased bear movement in the area.

Authorities have taken cognisance of both incidents.","success(newspaper3k, resolved_via_decode, 954 chars)"
Bear mauls man in Shopian’s apple orchard - Greater Kashmir,2026-09-11,Jammu & Kashmir,,Asiatic Black Bear,Human Injury,0.0,1.0,0.0,Man mauled by bear in Shopian's apple orchard.,0.98,single_incident,,Greater Kashmir,https://news.google.com/rss/articles/CBMikgFBVV95cUxQd1h3NGQzNUVjMHk3TmhWTkdncjROWTM1M3UzXzd5a1FxYXc3dEpSOUlPV2plTE43U09PSEFWa3k5VFpEY29UMzNSSi1NR2RQT3ZLSGlEQW1sZTVhSzFscDlzTU5vMVJKUnI1RGpvVlNKbFJmZC0ySDhWWlVLRzhBV3oxMVZBLUU0YmxEZXVHb3FMQdIBlwFBVV95cUxOQlZPYzFNcnZ4blU3YzlEYVZkV1ROMDdlTUxXc2ZVS0ZSdDJZLU5jbHdfT0ZVMFJVaVpTaXFJM2pFOWhHbXluTk1lMEVHNDEtTWo5bXZwY2xBcUJ3N1d2M09fWDVFNml1S0lnX3JCZmhSUDRJV2F4NUVKM2U0QzZTc3BENm9zc213RThvWHoxNm52Y1NmeWgw?oc=5,,,"Srinagar, Sep 11: A 40-year-old man was injured after being attacked by a wild bear in an apple orchard in the Sedow area of Shopian district on Friday.
An official said that the man was attacked by the wild animal in the apple orchard at Sedow, Shopian.
He said the man was shifted to Sub-District Hospital (SDH) Shopian for treatment. He was identified as Sadiq Ahmad Thokar (40), son of Abdul Rahman, a resident of Sedow.
Meanwhile, cognisance of the incident has been taken.—(KNO)","success(trafilatura, resolved_via_decode, 484 chars)"
Three women seriously injured in bear attacks in J&K's Poonch - Greater Kashmir,2026-06-18,Jammu & Kashmir,,Asiatic Black Bear,Human Injury,0.0,3.0,0.0,Three women seriously injured in bear attacks in Poonch.,0.98,single_incident,,Greater Kashmir,https://news.google.com/rss/articles/CBMirwFBVV95cUxNLUF2VmlncWxhWHdGdnc1eXA5dFFaVVNCdnhOSGQ2aVRqMjUxUEtNVWkwNnMzZEViNEhZRThON3NGcW1jaFlJNHZSYm1VQUlUbFFwV2VjQVBpQWMwRUJ1US04QUVTZG1HNldoaDd5RXZWX0RnRUJaSDhwX3JOX1h4TnpMVGZCVnhLSHAycmpNMG5CVEh4SURyN3RQZkZZVER0OS1YQ3daenVOVHRwdV9V0gG0AUFVX3lxTE1CWEs2RlFCSk1KTGdTYThzM0xzVFVOc3JyMEV4ZFRya2hSWDRXVWN1cUpCUHVTdFlsSVFmQXRXR256MlREcjhFNE9rQ2Zvb0g2NmFXejgtUy1pUUNHeDk5aVV5Q2FVWlhsRnhhRmVIUGtZd3dPUlBXSmtyalNNNWdrZ1l4ajUxNXpVbWZUZHFLVHFpRThVN3dDTjJQRFFuUUVCQkZsbWtLWGtfUVhlYmUxZ3MwRg?oc=5,,,"Three women seriously injured in bear attacks in J&K's Poonch
According to local residents, the bear attacked the women in the Biddar and Chhamber areas while they were engaged in their routine daily work. The sudden attacks left all three women with serious injuries.
Three women were seriously injured after being attacked by a bear in two separate areas of Mandi tehsil in Jammu and Kashmir's Poonch district on Thursday.
According to local residents, the bear attacked the women in the Biddar and Chhamber areas while they were engaged in their routine daily work. The sudden attacks left all three women with serious injuries.
With the help of local residents and police personnel, the injured women were rushed to the Sub-District Hospital, Mandi, for treatment. Due to the severity of their injuries, two of the women were referred to District Hospital Poonch after receiving initial medical care.
The injured women have been identified as Najma Akhtar, daughter of Abdul Karim and a resident of Chhamber; Shaheen Akhtar, wife of Mohammad Parvez and a resident of Biddar; and Gulnaz Akhtar, wife of Jalal Din and a resident of Biddar.
Doctors said that two of the women sustained critical injuries and are undergoing treatment at District Hospital Poonch, while the third woman, who suffered comparatively minor injuries, is being treated at Sub-District Hospital Mandi.
The incident has created panic among residents of the area, who have urged the authorities to take immediate measures to prevent further attacks by wild animals.","success(trafilatura, resolved_via_decode, 1539 chars)"
45-year-old man critically injured in bear attack in Anantnag - Free Press Kashmir,2025-09-21,Jammu & Kashmir,,Asiatic Black Bear,Human Injury,0.0,1.0,0.0,A 45-year-old man critically injured in a bear attack in Anantnag.,0.98,single_incident,,Free Press Kashmir,https://news.google.com/rss/articles/CBMipgFBVV95cUxPYVItM0FYaF9VeGVtc2dmSnVxazNBa2p2XzZiZk5jWEtpNW5rR2IxZUFSOURlVUdwaGlnRzRTZlZGVnQtY1JJdGhhUkJ1UU1BbGhRaUxibzRTRm5TRzl1Sk8zamxWeENicDNuSVhzcVNpN0xXZnpwNE1kUWY4YTM0WkhaMXpvM2pCekNHLWw3c1RNS0NiSHg2OU1rcm1nQlhwSldQVUV30gGrAUFVX3lxTFBCRlFiUGlHT3pQMmlBYm9GUWpKc2RreExlV0QtQ0pvNXJJVndoYW5tUWtfN1g5VVJzMUlUR2FNNnpzdUVkQjB2U0NBNGkxQVVBVERsMmdlc1cwNlBOdkE4cWVXSzB4Z1hOY0NYaHJQenZYLVl6alU5eEx1R2ZHaEpkU3ZiTmxGa0kxQjZlZm1IUmVZOUtqdzRabEZubW1jT25kMkRnOEFtXzFZUQ?oc=5,,,"Anantnag: A 45-year-old man was critically injured after being attacked by a bear in Ainoo Brai Aishmuqam area of Anantnag district in South Kashmir on Sunday.
According to officials, the victim was attacked by a bear this morning while he was working in his paddy field, leaving him critically injured. He was immediately taken to PHC Aishmuqam, from where he was referred to GMC Anantnag for further treatment.
He has been identified as Manzoor Ahmad, son of Abdul Ahad Mir, a resident of Ainoo Brai.
Meanwhile, police have taken cognisance of the incident.","success(trafilatura, resolved_via_decode, 559 chars)"
Man in Azad Kashmir killed in bear attack - Aaj English TV,2023-10-07,,,Asiatic Black Bear,Human Death,0.0,0.0,1.0,Man killed in a bear attack in Azad Kashmir.,0.98,single_incident,,Aaj English TV,https://news.google.com/rss/articles/CBMihAFBVV95cUxPdmpRT2dENHhJbWNyYUVETzRjejR4Vkppckh5MGRaWFJCY3RKVkVnNUd6MXp4amtjWmdlODBXQVFJYmthaGFoNTItMVdCaVo0cnJfdXFibHN3VExrWF84ZXZFTmpiaE40VFV2cGNMNjRjZUd4eUVwLXAwclYxcGpYdk16bG0?oc=5,,,,extraction_failed(page_fetch_failed after resolved_via_decode)
"Bear Attack in Uttarakhand: Farmer Mauled to Death by Wild Animal, Body Found in Cave in Uttarkashi (Watch Video) - lokmattimes.com",2024-05-30,Uttarakhand,Uttarkashi,Asiatic Black Bear,Human Death,0.0,0.0,1.0,Farmer mauled to death by bear in Uttarkashi.,0.98,single_incident,,lokmattimes.com,https://news.google.com/rss/articles/CBMi5wFBVV95cUxQMUtmTWI2bm81eG9Nd0t0SWlEMTlCUFJnY0RIMmxLNHBCcGVfVUx4cWdnaE1zR0c4UGhTekFMX25nQTRfR2VWaEpGRDBKVHZnZGd5LVN0YUVmU3JzeWlvVUd0QXgtUldzN1lteVFTWXNQdFBoaC1pU3dCb2hja2lweFFSQkd6Ty1iU0VGSFpUdGNUZmJDN21sWWROSktjbDJ1TEk1TEFreS1rX2h5Ym9pMllTYURiQWVEWk5MdDktRTZxQmR3c0I1ZDNUeUFycUVSQnpSd2hGMUpqQnRwbEJsLWNydll3NGs?oc=5,,,"Bear Attack in Uttarakhand: Farmer Mauled to Death by Wild Animal, Body Found in Cave in Uttarkashi (Watch Video)
By Lokmat English Desk | Updated: May 30, 2024 17:29 IST2024-05-30T17:26:40+5:302024-05-30T17:29:42+5:30
A dead body of a farmer was found dead on Thursday, May 30, in a cave with marks of ...
A dead body of a farmer was found dead on Thursday, May 30, in a cave with marks of bear's claws on the chest and other parts of the body. According to the reports, a man from Raithal village of Bhatwadi block of Uttarkashi went to graze goats in the forest.
Also Read | Kolhapur: 7-Year-Old Boy Dies in Monkey Attack in Gadhinglaj
The body was recovered from the cave by the forest department team on Thursday and sent to the district hospital for the postmortem. Deceased, Ajay Rana of Raithal Village had gone to graze goats in the forest on Wednesday, when he did not return home till late evening, his family members registered a missing complaint after which forest department and police team conducted search operation in the area. After searching for hours on Thursday, they found a body from a nearby cave.
Visuals From the Cave Were Forest Officials Retrive Body of Farmer
यह हृदयविदारक था, उसके शव पर भालू के पंजों की दरिंदगी के निशान थे। भालू उठाकर एक गुफा में ले गया और उत्तरकाशी के भटवाड़ी ब्लॉक के रैथल गांव के युवक की मौत हो गई। यह युवक बकरी चराने जंगल गया था और भालू ने हमला कर दिया। वन विभाग ने खोजबीन की तो शव गुफा में मिला।
दुःखद pic.twitter.com/6JK5F8PB0e
Forest officer Taknaur Rupmohan Nautiyal said that goat herder Ajay Rana died in a bear attack. There are bear paw mark on Ajay Rana's body at various places. The body has been sent to the district hospital for postmortem. The forest department will provide compensation to the victim's family as per rules.
Open in app","success(trafilatura, resolved_via_decode, 1803 chars)"
Snow leopards kill yaks in Kanchanjungha area - Ratopati,2024-07-30,,,Snow Leopard,Livestock Attack,0.0,0.0,0.0,Snow leopards killed yaks in Kanchanjungha region.,0.98,single_incident,,Ratopati,https://news.google.com/rss/articles/CBMiUkFVX3lxTE9PSmhNYnZ3YW5ubVZZbXdGMHVFOG5WQk9zN2l1MUhOT3p1RXJabm1weGFnM2hLdUoyNDdZOHJWMGNxSFBFVWJEekJxNGktZ0pHZUE?oc=5,,,"Snow leopards kill yaks in Kanchanjungha area
Taplejung: The snow leopard has continued prowling in the Kanchanjungha area.
In the last fiscal year alone, the snow leopards killed 16 yaks reared by the farmers.
The yaks kept in enclosures were killed by the wild cats, according to Kanchanjungha Conservation Area Management Council.
The yaks belonging to farmers from Phaktanglung rural municipality-7- Angmu Sherpa, Gombo Sherpa, Namgya Sherpa, Chhiring Sherpa, Jhamjuk Sherpa, Chhimidorje Sherpa, Chheten Tasi Sherpa, Bhomo Sherpa, and Tenjing Sherpa were killed by the snow leopards.
Yak rearing is a major source of income in the mountainous region of Nepal.
Office secretary at Council, Man Kumar Limbu, informed that they provided the monetary compensation ranging from Rs 40,000 to Rs 120 thousand after conducting study on loss of the cattle.
In the last fiscal year alone, a total of Rs 505 thousands was provided to the farmers as compensation.
The Council further informed that Sirijunga rural municipality-8 of the conservation area also recorded leopard attacks. The leopards ate two oxen and four goats. For the loss, the Council provides Rs 80,000 as compensation.
Even a bear attacked and finished off a yak reared by Mohan Rai from Sirijungha-8. He was provided Rs 45,000 in compensation.
A study conducted by the World Wildlife Fund Nepal mentions that there are 24 snow leopards in the Kanchangungha area. The count of this wild cat was done last in 2015.","success(trafilatura, resolved_via_decode, 1475 chars)"
Leopard Kills Boy In Uri - Kashmir Reader,2024-06-06,Jammu & Kashmir,Uri,Leopard,Human Death,0.0,0.0,1.0,Boy killed by leopard in Uri.,0.98,single_incident,,Kashmir Reader,https://news.google.com/rss/articles/CBMib0FVX3lxTE9kQmlmMUZzbGdKVGF4QkRadnZkeWtqY0JfY3JhcXJKNUI5UkpmWnd0N0VMcDViWm5Eam5TNkdvSUF4MnZLQlhRRklRNURDZmVnUHJ2aHhXcnNoQllLaFJKZWdtQmhsWTJWUWRsVGlqVQ?oc=5,,,"Srinagar: A 5-year-old boy fell victim to a leopard attack in Uri Baramulla on Wednesday afternoon.

Locals told GNS that one Junaid Hussain, son of Zambeer Hussain of Zamboor Pattan Uri was pounced upon and dragged away by the leopard to nearby forests, while he was outside his home.

The family and locals chased the leopard, however before they reached, the wild animal had left the minor boy in a pool of blood.

The minor boy was declared dead by doctors at SDH Uri. (GNS)","success(newspaper3k, resolved_via_decode, 478 chars)"
Fear grips Mussoorie residents as leopard attacks hotel worker on street - The Times of India,2016-11-18,Uttarakhand,Mussoorie,Leopard,Human Injury,0.0,1.0,0.0,Leopard attacks hotel worker on street in Mussoorie.,0.98,single_incident,,The Times of India,https://news.google.com/rss/articles/CBMi4AFBVV95cUxQcjl2QUQwek5oVVZzRnQ5UDVXNk1HNmRHaVl4NXpYZnJXSFZwQktYMktndWYxb1RwLUwtMkNLR0Q1VFlWRU1KUDF3N0IwdnZaRWRTalhlRFNlY3dhei1MUUVlTTZVR3FaTnVXM0tPUFdvWXRyeVpwVFJLX1JKUjZ3Tm14YXl6dzJKcHVENm1paHNNRVRjcWlXbEpWZ1ZtdXE2NEVvTno5dEVfQm04ZUxlb1EtZmdHX2Voa1NQTTBzaHBERXlYc2tXeXRjcGdhXy1ScUZidE1xUm5GTW50YlY1ctIB5gFBVV95cUxORjB5cnRLcDROX3N2Tjl5bk5xYXQ0SUpHa1ZGdVppNWhFYi1IQnZ4Z0hadXFfSUw1RmJEcWo4NDI5N01ZT0llZlBxczhTREV1dmlfbjhKNW9pbU91VnVkbTN3UTI3LXRxZzhSbHM4amlvSkRRMFNma2NFNnFuLUlSRU5IYkVuTXB0UEZ5Wm9KS1RXNnMzcU9JVDhBcThvV2hxTXlBT2hLcHNnOHlTT1RzdnhnbTZJcUgwRzRYUGZiWFdTdm5Sb1lSalNtTmthN21DMnpST0lST181TnIyeU9wSHJLOHhtZw?oc=5,,,"MUSSOORIE: Fear has gripped the residents of Mussoorie after a 34-year-old man was attacked by a leopard on the busy Gandhi Chowk. Monu Thakur, who works at a local hotel, was returning home after work when the big cat pounced on him on Wednesday night. Thakur told TOI that he fought off the animal with his bare hands and is glad that he lived to tell the tale.
“I had seen the leopard near my employer’s residence in Gandhi Chowk earlier in the evening. We had used crackers and sticks to scare it away. But the leopard sprang up on me later that night when I was walking past that route. If it wasn’t for my jacket, the animal’s claws would have dug deep into my skin. I held the front paws of the animal to save myself. At the same time, I took the support of the railing I was leaning on and pushed the leopard. It fell back and I ran for my life.”
 Captain Kamaljit Singh, the owner of the hotel and near whose residence the attack took place, said that he had sighted a leopard cub in the evening. “I’ve seen leopards in forests but to see it on a busy location like Library Chowk was surprising,” he said. Residents said that this was the fifth leopard sighting since the last week of October. A female leopard was spotted on the Woodstock School road in October and days later, a giant leopard was caught on three CCTV cameras on Camel’s Back Road. There were two more sightings on Spring Road.
 Meanwhile, officials from the forest department have instructed people not to step out alone at night and have also promised increased vigil. “This was a rare incident. The cub had lost its way from the jungle and come to the town. The mother came looking for the cub and was aggressive for the same reason,” said forest officer Hoshiyar Singh Pundir.
 Local residents said that the sightings seem to have increased over the years. Khushpal Singh Chandok, a local resident said, “Many of us have seen leopards in quieter parts of the hill town in peak winter. This time of the year is a little too early for them to be around.”","success(trafilatura, resolved_via_decode, 2033 chars)"
Fourth human kill by Corbett tiger in 2 months - The Times of India,2023-12-08,Uttarakhand,,Tiger,Human Death,0.0,0.0,1.0,Fourth human killed by a tiger in Corbett in two months.,0.98,aggregate_period_total,,The Times of India,https://news.google.com/rss/articles/CBMivAFBVV95cUxPUnVIZlRETjlSNDFlektUTGJpRUZhOUtJdXlFenN5aUxKNjlxcnRaOXRXUGNpNHVId1BiNXg2TGFXQzZab3NyanVhR3JIYzlGaWhNVklNODFjeHZUZ3p1S0dsNUYxcjJDa1NVbU1ieVZxYnlEWEpxVm13NGVBSVV6SXZFdG9ENGxCLWNLSEI3MlAzdFN1elBxZ2V3YjB0TlJiZjY2TW91ZHlyR2VJamd4Wm53b3NDdU1fbDJlStIBwgFBVV95cUxPeDNEQTBETkI4cDhVclp2QmRhQ285dmtpMldDRi1RZEFLSkxHVDRIY3ZKdnZmLTJwejJ1bWJUcWRPRk1hMXJISVMyQUJrZmFPam42QW1JYVVLRlFrcS1mMWVNV0taXzg2b2hqRG1wa2U4UGlwSGkydUdUdVBlWWY3Z2ZxT3UxSk55T0xnVzRlTjlYbWxDa3BGMi1BWEhWbG0tYzFsT3gwczlhUmZ4cXhxS21RSVVYWmNoVFdyV3hGLS1fUQ?oc=5,,,"NAINITAL: A 32-year-old woman of Patrani Kargil village near Nainital was mauled to death by a tiger in Corbett Tiger Reserve (CTR) on Wednesday, marking the fourth human fatality since October 18 in the reserve. Earlier, three workers in the reserve were killed by prowling cats in Bijrani and Paterpani areas in November and October respectively.
This year, Uttarakhand has had at least 9 human lives lost to tiger attacks, with four occurring in CTR alone. While four people were left brutally injured in the attacks in Corbett, nine tigers have also died this year in the reserve owing to multiple reasons ranging from agerelated ailments to territorial fights. “In the past six months, our staff has con- ducted workshops sensitising around 2000 people in and around Corbett about the increasing tiger population. Despite this, villagers often neglect the importance of taking precautions.
In the recent incident, the woman had ventured almost a kilometer inside the forests to collect wood,” said Dheeraj Pandey, director of CTR. He added that “a drone team and camera traps have been deployed to identify the tiger.”
According to officials, the victim of the recent attack, Anita Devi (32) had gone into the forest with two other wo- men to collect wood when a prowling tiger attacked Anita. Frightened, the other two women ran away and informed forest officials about the entire episode. After combing the area, they found Anita’s body around 1 km inside the forest.
According to wildlife conservationists, the rising cases of human-wildlife conflict are mainly due to rising wildlife population, fragmentation of habitat, encroached wildlife corridors and urbanisation of fringe forests area.","success(trafilatura, resolved_via_decode, 1701 chars)"
"Angry tiger attacks tourist vehicle at Uttarakhand's Jim Corbett National Park, viral video terrifies internet - DNA India",2023-04-27,Uttarakhand,,Tiger,Human Injury,0.0,0.0,0.0,Tiger attacks tourist vehicle in Jim Corbett National Park.,0.98,single_incident,,DNA India,https://news.google.com/rss/articles/CBMi0gFBVV95cUxNM0IxTFZzUEVRTDlraFpzUHc4dE01QWtZbFVaaUNyU25Lb0RkYzNiLWhyTl9TbVhNMVNrcnBjMlhTdlVGMFdGUmRWVGtiTjZFdS1mTFg2d2FFTS1pMnQyVjBFcDJYd25VaW1DaWZ4U0JLQ01XcjVfbHFBN1ZYbWoxRnBpQlEwZEw0LU1PY19POGljWFB1M2pkZEpURlJZUzBSWEJjenFpSFd0cjZ6V1VuQ2ROSVRDa0EtVzFrQ1M4VnhXVHNoVzJ6QnctSTlXV3JfNFHSAdcBQVVfeXFMTVZqZm56NFBMSVE2SkV4UG5EamxPdS12dkVtQWNUY2k0VDg3WDdSSmxFSEVEaGJGZ2NUY2s3cWVHano0QzZKOXI1QUtZaXQwcXdCTlVpcUlBSEZzRWNVYlpud29MWUstRVFGWmozQlY0anhRMm15blk2MDl3blpUeVRpWnRtOWlEWGhYTnVCLWw0T0RUQ1hzVTA2U2dCLVROM3U5QXR4bnJOQXpDb0NmQXNHTnU2RzBSNFVtNU9meUhhVGEwRXV5ZzFUY0M2U2FHZmhFM0hLczQ?oc=5,,,"VIRAL
Susanta Nanda, an Indian Forest Service officer, shared the video that shows an angry tiger charging toward a tourist vehicle at Jim Corbett National Park in Uttarakhand.
New Delhi: Nothing captures the human-wildlife conflict better than this footage of a tiger frightening a group of people on a safari adventure. We've seen several videos of how selfish humans act when they're in wildlife territory. Susanta Nanda, an Indian Forest Service officer, shared the video that shows an angry tiger charging toward a tourist vehicle at Jim Corbett National Park in Uttarakhand.
Watch it here:
	
Striped monk gets irritated 
		What will you do if at every designated hours people crash into your house as their matter of right? pic.twitter.com/4RDCVLWiRR
An enraged tiger can be seen growling and frightening the tourists inside the car in the video. As the tiger approached, the tourists became concerned and ordered the driver to reverse the car. You can hear the uproar that erupted as the enraged tiger tried to attack on the vehicle.
	“Striped monk gets irritated. What will you do if at every designated hours people crash into your house as their matter of right?”  Nanda captioned the clip on Twitter.
The clip went crazy viral on social and it has garnered mixed reactions as some called it “intrusive” and “oppressive” Check out a few reactions here:
An individual wrote, ""This seems to be becoming the norm now. Wonder if some introduction classes about appropriate behaviour in tourism/reserve forests would make a difference?"" Another added, ""the safari numbers needs to be curtailed - daily basis and also some weeks of no safari !"" ""It's unfortunate that we the people do not allow animals to live in forest nor outside forest.,"" posted a third. A fourth expressed, ""It's always tricky to let humans invade in jungles in any form or under any purpose. The nature ultimately has to pay the price."" What do you think about this video?","success(trafilatura, resolved_via_decode, 1949 chars)"
Leopard Mauls Toddler To Death In North Kashmir’s Handwara - Kashmir Observer,2024-12-06,Jammu & Kashmir,,Leopard,Human Death,0.0,0.0,1.0,Leopard mauls toddler to death.,0.98,single_incident,,Kashmir Observer,https://news.google.com/rss/articles/CBMingFBVV95cUxOVXVfV3J2ekxadEFFN0g2bkQ0bXdqejBmcUVrek4za3k0ckVmWFY2ME5ReWk4SDdHa29OQXhwcUw1amQxY3g1MUo3WEVrNXQwclo0d2NyaUFuczF1ZEdDMTlYVmlORnpPc3JBUjcwX0JWLVdoemZza2t0TnIyVW5PNWxkVmhwMGdqRTZmaTQxdlZCZDZFNHNvR0JEZHZkQQ?oc=5,,,"Representational Photo

Handwara- A toddler was mauled to death by a leopard in Sharhama, Qalamabad area of Handwara in North Kashmir’s Kupwara district on Friday evening.



According to officials, the toddler was playing at his home in Sharhama when the leopard attacked, leaving him critically injured. The boy was immediately taken to the hospital for treatment, where doctors declared him dead upon arrival, reported news agency KNS..



The victim has been identified as Hasnain Nisar, son of Nisar Ahmad Teli, a resident of Sharhama Lach



A police officer has confirmed the death of the toddler.

ADVERTISEMENT","success(newspaper3k, resolved_via_decode, 619 chars)"
"Chairman DDC Budgam Visits Hariwanin Village, Meets Family Of Girl Killed By Leopard - Kashmir Observer",2024-03-30,Jammu & Kashmir,,Leopard,Human Death,0.0,0.0,1.0,Chairman visits family of girl killed by leopard.,0.98,single_incident,,Kashmir Observer,https://news.google.com/rss/articles/CBMiwAFBVV95cUxOSTl5YlZaYXhFZzFNb0F5cmtaTHpGUklPMmp4aWNuTEtQckVnNWFfRlViNmN2V01qeEM2SEpkdVBYQ19EZGhpRm1ZRFNudFl1U3NKMTJCbHNYZk9fVm1pWUZ2UkxJRW5laDRUNWhkNGloR2V4RFk2X295a0lFSWR4RG81a1dJMjYweThub19EQXlycjBOXzBKWnZpYmVReEVBcWVsbFpBOU1FQkt4ZFZKRlp2bHRRMkhZTDdSS2ExZTg?oc=5,,,"Budgam- Chairman District Development Council (DDC) Budgam, Nazir Ahmad Khan, visited Hariwanin village of Budgam district today to express his deepest sympathies and condolences to the family of a young girl who tragically lost her life in a leopard attack a few days ago.

ADVERTISEMENT

During his visit, Khan met with the grieving family members and extended his heartfelt condolences on behalf of the entire Budgam community. He offered words of solace and support to the bereaved family during this difficult time.

Expressing concern over the incident, Khan urged the concerned authorities, including the administration and the wildlife department, to step up surveillance measures in the area. He emphasized the importance of taking proactive steps to prevent such tragic incidents from occurring in the future.

Khan highlighted the need for increased monitoring and strategic measures to mitigate the risk of human-wildlife conflicts in the region. He stressed the importance of community awareness programs and urged local residents to remain vigilant and take necessary precautions to ensure their safety.

Khan reiterated the commitment of the District Development Council (DDC) Budgam to work closely with the relevant authorities to address issues related to wildlife conservation and human-wildlife conflict management in the district.","success(newspaper3k, resolved_via_decode, 1351 chars)"
Body of Missing Child Found After Leopard Attack in Kulgam - Asian Mail,2024-10-23,Jammu & Kashmir,,Leopard,Human Death,0.0,0.0,1.0,Body of missing child found after leopard attack.,0.98,single_incident,,Asian Mail,https://news.google.com/rss/articles/CBMilgFBVV95cUxPMk0yM0FaSnF0dmpWLWlfNXdLTmNvSDc2YjFUa3dwOFREallLRnhUUnhFS2p0NzNhVlFQdTE1cnd2X25CVUh4TFBVUHBFbjU3cEVyYkpCeTMwZC1rdnc3SDBUX1lFSDdkTUNVMkdVbUUyRlpEXzVXX2ZfOWFYYkdEcm5FSklKdzdYSzAtWlBGU213MUJDWWc?oc=5,,,"Kulgam: The body of a child, missing since a suspected leopard attack in Brinal Lummer village of Kulgam district, has been recovered by search teams.

Officials told NVI stated that Saharan Yousuf, son of Mohammad Yousuf, went missing late Wednesday night, leading locals and family members to suspect a leopard attack.

Following the incident, a search operation was initiated, during which the child’s body was recovered.","success(newspaper3k, resolved_via_decode, 424 chars)"
4 injured in leopard attack in Ganderbal - Greater Kashmir,2024-04-04,Jammu & Kashmir,,Leopard,Human Injury,0.0,4.0,0.0,Injury reported in leopard attack.,0.98,single_incident,,Greater Kashmir,https://news.google.com/rss/articles/CBMihwFBVV95cUxQVFRXYndreWJjTGFsaFUwdXRQMDROMTRzblh0RXc0cFQweFZvVzlQQmp5aGxDbHFXZlBweXhkTXBOR0JNbzVrb3VCSDhtSkFDQnNlNWowbkJxSkVHNWJDLUhZTGpmbTVHOEhuYnBRdTVycXZrVng2bzRNWEdZNkZVRnA3Z01iY03SAYsBQVVfeXFMUHRGcUdVWG5LS2YwMUptdENKTTU5N0JZaVBGT3hDTDhqUVJkblFqaEpwbDNzSHpVZVkxeVpJZk1VYzZCcGFlOG41WDN6cUFfZWpJMGdBdktyMHhWX0NUajFMaU0zVUV2al85VHJVdVNBd1JkZHJ5d2lxSGxOWWphQzROWHp0RzZTY256RQ?oc=5,,,"Ganderbal, Apr 3: Two officials of the Wildlife Department and two women were among four persons injured in a leopard attack in the Fatehpora area of Ganderbal district on Wednesday.
Locals said that a leopard was seen roaming in the area on Wednesday morning, causing panic among the residents.
They said that they informed the Wildlife Department officials at the earliest.
Locals said that the leopard attacked the two Wildlife Department officials as they were laying a trap to capture the wild cat.
Two women were also injured in the leopard attack.
All four injured were shifted to District Hospital Ganderbal for medical aid.
After strenuous efforts, the animal was captured alive by the rescue teams of the Wildlife Department, Police, and Forest Protection Force.
The Wildlife authorities have advised people to take precautions while venturing out during the evening and inform the Wildlife Department about the presence of any wild animals.","success(trafilatura, resolved_via_decode, 951 chars)"
Six Sheep Killed in Leopard Attack in Boniyar - Kashmir Life,2026-09-05,Jammu & Kashmir,,Leopard,Livestock Attack,6.0,0.0,0.0,Leopard killed six sheep in Boniyar.,0.98,single_incident,,Kashmir Life,https://news.google.com/rss/articles/CBMigwFBVV95cUxNUVpNd0dzZUtmbUpfY20yNDZVbUEtazVqTnhOWENlQkpXMVNtVEpZaXZzTFI1Q19QdnhVSDVSVXVHSkdONkRNM1B6MmRabUtMNU8xWnU4cGVrT1NIVFNOUnhCWERPZ2hGOU1nS3NlQVFvWm13QmxvdlhUVTlSd0EwSVY0Zw?oc=5,,,"SRINAGAR: At least Six sheep were killed after a leopard entered a livestock enclosure at Barnate in Boniyar during the night, triggering concern among local residents.

According to reports, the leopard entered the enclosure and attacked the livestock, killing six sheep.

Following the incident, officials from the Wildlife Department visited the site and assessed the situation.

Residents have expressed concern over the leopard’s presence, particularly as a school with more than 300 students and a residential area are located only a few metres from the attack site.

“We are worried about the safety of our children and families,” residents said, urging the Wildlife Department to take immediate measures to capture and cage the leopard to prevent any further untoward incident.","success(newspaper3k, resolved_via_decode, 785 chars)"
Leopard Killed After Injuring Six in JK’s Budgam - Asian Mail,2024-05-15,Jammu & Kashmir,,Leopard,Retaliation Against Wildlife,0.0,6.0,0.0,A leopard was killed after injuring humans in Budgam.,0.98,single_incident,,Asian Mail,https://news.google.com/rss/articles/CBMihwFBVV95cUxOOFRUeGtsbllBemNVUmxGV09PWlhkOW90T083TzlvVU93ZkNmSV9acUpJdU1BNkNHS0NXMXNkODNnZmdCYTRUT0wtT1Nkdm1KTHV4VGFtT3prLWU4cGlXSmd1dklaTGtPQkZKaEIwdmFfejZQRDlBd3NRRFNYSlNEV3hqT0tKOGs?oc=5,,,"Budgam: A leopard was killed after it attacked and injured six persons in central Kashmir’s Budgam district on Tuesday.

An official said that a wild leopard attacked and injured six persons at Nasrullah Pora while they were working in the agricultural land.

After the attack, the locals, however, rushed to the spot and immediately took all the injured to a nearby hospital where doctors referred Danish Ahmad Malik, among others, to SMHS Hospital for advanced treatment.

A doctor at the hospital confirmed the incident and identified all injured as Abdul Gaffar Rather aged 70 years, son of Abdul Samad; Adil Shafi Mir aged about 25 years, son of Mohmmad Shafi; Jahangir Ahmad Mir aged about 27 years, son of Mohmmad Shafi; Waqar Rashid Dar aged 21 years, son of Abdul Rashid; and Suhail Ahmad Magloo aged about 18 years, son of Bashir Ahmad, all residents of Nasrullahpora, Budgam.

A wildlife official said that the leopard was killed and has also been taken from the spot.","success(newspaper3k, resolved_via_decode, 979 chars)"
Himachal youth survives leopard attack after daring 12-minute struggle in Solan village - The Tribune,2026-03-12,Himachal Pradesh,,Leopard,Human Injury,0.0,1.0,0.0,A youth survived a leopard attack after a struggle.,0.95,single_incident,,The Tribune,https://news.google.com/rss/articles/CBMiywFBVV95cUxQZTJ2cXhFakgzSlZ4Z0JVbEZvdUM0NmtwSEZxVXdaRFhCYzdmS3B2VVJDa0lNNWdfaWNyRkY4cnFXOW9md1pQaWRrVTVRajB0bXVvbGdXY29mVnpJcVc5SzA1eXBGQkhxaFdzVzJYR1FRa3B3bGZHd0J2YkVuVkxWbUxTTnBZZXVReG9COW1XWnBibmFPRy1wTURpcEw1ZDdTSEtWZjdkalZNeDBWa3d0WG5sUUhTMTI5RFhmc3JHRDZQeGxFNzNhRFd5UdIBzwFBVV95cUxQcUhOM0wtcXNpNHZ2NzZ4MTI4bFh3WnBJd3N1aWZaS1VXY0Q2ektqZXVvRjBMcVRqbjdVbEd1Q0xiVVlkbE5iQTJBMDJTWnJvN1pNY0tXeGVTVmM3ZUdrMzZoTnd2Y0dJZ0lhLXAxRzZQTXdfeWFnZDdFLTdBOWEyRzJKN0wxOXpZRWdPZy11UEV3SWVlWGxFOWpRSFU2TEZYRGhydnlWdnRtbnpjNnJYVXlCQWU5SWJhdi0teS16THU5QjNTemhjZTE2QWY5UTg?oc=5,,,"Himachal youth survives leopard attack after daring 12-minute struggle in Solan village
ITI student overpowers animal that attacked him in fields near Arki; suffers minor injuries
Leopards are rarely killed by humans and such incidents usually occur during man-animal conflict when the big cats are attacked in retaliation for targeting livestock or humans. In a rare incident, a youth in Sarli village of Arki subdivision in Solan district fought off a leopard that attacked him and killed the animal after a prolonged struggle on Monday morning.
The incident occurred around 7 am when Pravesh Sharma was crossing his fields to fetch milk. A leopard, which was lurking in the fields, suddenly attacked him.
Despite the sudden assault, Pravesh did not lose his presence of mind and grappled with the animal for nearly 10 to 12 minutes. During the fierce struggle, he managed to grab the leopard by its jaws and eventually overpowered the animal, killing it by smashing its neck. The leopard was reportedly a year-old female.
Pravesh, a student of the Industrial Training Institute (ITI) in Arki, sustained multiple scratches on his body during the struggle but did not suffer any serious injuries.
His uncle, Shyam Lal, said leopard movement had been reported in the area earlier on March 6 and villagers had informed the Forest Department about it. Residents had also requested the authorities to install a cage to capture the animal. Locals further claimed that the leopard had attempted to attack a scooter rider around 7.30 am on Monday, forcing him to abandon his vehicle and flee.
Forest Divisional Officer Rajkumar Sharma visited the spot and provided immediate relief of Rs 5,000 to the injured youth. Rajkumar said increasing human intrusion and shrinking natural habitats were forcing wild animals to stray into human settlements.
“Leopards generally attack people and livestock at night. This incident occurred early in the morning, reflecting the desperation of the young animal,” he said. He added that forest officials were working to create awareness among villagers so that wild animals could be safely driven back into forest areas. Capturing a leopard by installing cages, he said, is a technically complex task that requires trained experts.
As news of Pravesh’s bravery spread in the area, residents praised the youth for his courage. Teachers and students of his alma mater, ITI Arki, also enquired about his wellbeing after learning about the incident.","success(trafilatura, resolved_via_decode, 2474 chars)"
Leopard scare in Dehradun colonies after attack on 12-year-old boy - The Times of India,2024-01-16,Uttarakhand,,Leopard,Human Injury,0.0,1.0,0.0,A boy was attacked by a leopard in Dehradun.,0.98,single_incident,,The Times of India,https://news.google.com/rss/articles/CBMiyAFBVV95cUxOR09JWFNPNW50Wmh1c2ZmVmQzVHoycFEtWHVWZUJVeVQ1bnl3b1c0eGZhWEZaMktzeHBUMTdWSEo2bHdYejVFWnRnQ1liWFgwWFZob1BubzZ6Si1NeWpGZlRfY1JncEdCLWpSa3RBejRBUHBSMGRwT190V1pCdWdpR3M5ZnRJdFJIWU44MDE4SGVHMklRcTdqQUtqLXpsSDFDZy1iSlplaDBOUTA0Q2lLWkZiY0J3TWhiSFZOUG9TdTVMWHhkdUJ1UNIBzgFBVV95cUxNaHNqLXBzU3dST0s0eGItbTNkZXBDSm05TFhMaVdZR0xzM1l6dGNuVlI0YlpMWnNoUkJJN1pVb05UNTRpSmZIemgwdWVCSnk1YnZTaUtDa0l6U0NYN3Q4aWhhOE5FSXRoOE1QLW5NWDc3THdSR3RwNWZsc2tQOFI4UHdTZTI2dDV0cWp5Yzc4YlpXUU1QYlhNVFRneFNLc2piRFctRXZZWE9ON0ZmU3BZcFhEbERFTk9ya2wtMVJ0OWpRc2cwTHlxVnlNLXByZw?oc=5,,,"DEHRADUN: On the day a 12-year-old boy was injured in a leopard attack in Dehradun, another leopard was spotted near the Forest Research Institute (FRI) in the heart of the city on Chakrata Road. Following this, FRI issued notices urging people to stick to the main roads within the campus and avoid unnecessary ventures after dark. The forest department has also heightened alertness at the campus.
On Sunday evening, Nikhil Thapa, 12, was attacked by a leopard while returning home with friends after collecting firewood near the Rispana riverbed in the Sundhowali area at Canal Road near the IT Park.
Nikhil's friends, Gautam and Umesh, acted quickly, shouting and pulling him away as the leopard attacked, preventing more severe injuries. Bleeding profusely, Nikhil was rushed to Government Doon Medical College Hospital, where he is set to undergo surgery.
Nikhil's father Sher Singh Thapa said, ""He will soon undergo scalp reconstructive surgery; he is okay and under observation."" He added that the family has received initial compensation of Rs 20,000.Early on Monday morning, the big cat was spotted in CCTV cameras in the Vrindanavan Enclave colony of the area.
Mussorie DFO Vaibhav Kumar under whose jurisdiction the area falls, said,""We had already alerted residents of nearby societies like Doon Trafalgar to be cautious. The Rispana river area, with bushes and vegetation, provides good habitat for leopards. In urban areas, leopards tend to hide during the day and hunt at night near habitation.""
To monitor the area, two cages, eight camera traps, and 20 personnel have been deployed, the DFO added. Notably, on December 26, a four-year-old boy was fatally attacked by a leopard in Singli village on Doon's fringes. The big cat remains uncaptured.
Meanwhile, chief minister Pushkar Singh Dhami expressed concern over increasing incidents of leopard attacks in the state. He directed principal secretary (forest) R K Sudhanshu to work on an action plan to stop such incidents. Dhami said strict action should be taken against the forest department officials who are negligent in preventing such incidents. 
The CM said that in cases of death due to human-wildlife conflict, a proposal should be brought soon to increase the ex-gratia amount provided as financial assistance to the family members of the deceased from Rs 4 lakh to Rs 6 lakh. He said new wildlife rescue centres should also be built in the state.","success(trafilatura, resolved_via_decode, 2426 chars)"
"Leopard kills youth in Mandi, injures eight - The Tribune",2025-12-25,Himachal Pradesh,,Leopard,Human Death,0.0,8.0,1.0,A leopard killed a youth and injured others in Mandi.,0.98,single_incident,,The Tribune,https://news.google.com/rss/articles/CBMijwFBVV95cUxPSFFGRjd1V3dEV0JDdV85Tll2Z3hPeGJFQlBMYW9fUV9FM0pDRmt4M3ctQTB5cUM3SkxTYktNbjRDd2QtVU1welRhWVpnS21HOFBXbl9zdDZmcndMdFpLc1NiMzAxd2lJSGZiNjgxZ3A1aVFEMzJ2d3JyT3JUdmduR0lfT0MwdXBnMENHcDJVUdIBkwFBVV95cUxQcllQRDBVa3NKMUluMC15WGRJN2VlN3hhaHA5VnpSaS1NbjRaaC0xbUlDWS1peTE1NWJjal85czNfYWFtdFpHbzJPcFp0c2JLNVNxb2hDaVpfajlFenNFSlE1WDNjWmdfNmRCUG5rR3NnVjlyTmpfelhWa0dxNWJuV2hqa3dseFMtN0QxRW5uNVN6RVk?oc=5,,,"Panic gripped the Balh valley in Mandi district on Wednesday morning after a leopard attacked residents of three villages, killing one person and injuring eight others.
The reign of terror ended when alert villagers united and killed the leopard. The leopard first attacked residents in Chandyal village during the early hours, creating chaos and fear. It then moved to Bhadyal village, where it again attacked people indiscriminately. Four persons sustained serious injuries in these two villages. The leopard later reached Malwana village, where it fatally attacked a youth.
According to eyewitnesses, the youth was reportedly living in Mandi city and had come to the Balh valley to visit relatives. The deceased, identified as Balbir Singh, a native of Bheuli, died on the spot.
The injured include Sahib Singh, Deenanath, Champa Devi, Janit and Rekha Devi. The injured were rushed to Shri Lal Bahadur Shastri Medical College, Nerchowk, where they are undergoing treatment.
Following the attack, panic spread across the Balh valley. Residents came out of their homes carrying sticks and other improvised weapons to protect themselves. When the leopard attempted another attack, the villagers killed the animal. The leopard’s body has been sent for a post-mortem examination.
Teams from the administration, police and the Forest Department rushed to the spot to take stock of the situation.
Balh SDM Smritika Negi confirmed the incident and said immediate relief was being provided to the deceased’s family, while all possible assistance was being extended to the injured. All victims are out of danger. After an autopsy, the body of the deceased was handed over to his relatives for the last rites.
Mandi Divisional Forest Officer Vasu Doegar said a forest team immediately visited the spot and found the male leopard dead. It seemed the animal lost its territory and entered human habitation, he said.","success(trafilatura, resolved_via_decode, 1905 chars)"
Villagers in Uttarakhand hold forest officials hostage after series of leopard attacks on livestock - newindianexpress.com,2026-01-02,Uttarakhand,,Leopard,Retaliation Against Wildlife,0.0,0.0,0.0,Villagers took action after multiple leopard attacks on livestock.,0.98,single_incident,,newindianexpress.com,https://news.google.com/rss/articles/CBMi5AFBVV95cUxQWDgwZnVKWmZCa0VaU1BkbEV2RUlfTUt3MU5zUTFudnV5WE5zWDUtLWFENWgxNV9wc3NuRzc4aFhhN1I4RDVxcXVJVnBjcXRsaVJRUTYzNy1tT19EOWMxNkNaWnA2RzJJQncteFpRS2VCRkxVaU9TQzVkemhhbUo2MkpPYnBDTmtRbEZUS0lONGpOQ0RXNGVhNHk4UExqYlZKMkp6VHZ3Sk5GbFE0TkdpSUoyZmsteWdjNUJHNDhxODNLQm5YVFBmU1JBUHY4d2t2MEl1Q3NCN2wyVm9xaENBNnZtQjDSAfIBQVVfeXFMTTE2dkJhUS1vc08wanlHWER0am5DVXNHSkxNbTNhSFhGcm5jVXc0ZjQxR0MxcFRWMjB5QzdWMmFwTjZRUkVITTJURllKNlpLcmM2eWQtUTFpRWFhblZ6cUo1YjhkY00zMlgxWmtCV1I0RllKTWs2ZEllU3JhTGRhWkpzWVlURVpKTDVLSXNCOTN4SW1ET1lDT29JdzNZT0RtemFjS2lzUHZuYVkzcmpXaFJ5Z1JmM2ljaGRNcm9XVkd0NGl2bGxGbnR6SVZDbjEyZVh1b2g1Zy0zeUZaMlVTVzItYllTNkhncjM1SmxiWUNxdVE?oc=5,,,"DEHRADUN: In a dramatic turn of events, villagers in Mehalchouri and Kunigad areas of Gairsain in Chamoli district, Uttarakhand, took forest officials hostage for over two hours on Thursday night.
The villagers' patience snapped after a leopard killed a cow and its calf in the Ujetiya village, bringing the total number of livestock killed in the past one month to several. The villagers had been demanding the installation of a cage to capture the leopard, which has been on a rampage, attacking livestock in the area.
The latest incident sparked outrage among the villagers, who detained forest officials, demanding immediate action to capture the big cat. The villagers released the officials after a two-hour standoff, but not before warning of further agitation if their demands are not met.
""We have reached our breaking point,"" said a resident, requesting anonymity. ""If the leopard is targeting our cattle so openly, how long before it turns its attention to our children and the elderly?""
The affected zone lies near the sensitive border between the Garhwal and Kumaon regions. This single leopard, or possibly more, has caused widespread tension in the areas.
In Bhandarikod (Garhwal side), the predator reportedly killed three cows belonging to Krishna Nand Thapliyal. Earlier the same day, an attack was reported on Mohan Singh’s pet dog in Ujetiya, leaving it injured.
The carnage extends across the administrative boundary into Almora district (Kumaon side). Villagers in Pasara Gaon, Purana-lohba, and Nawan have reported five more cattle kills attributed to the leopard.
Driven by desperation, the enraged villagers of Ujetiya detained the on-site forest staff to demand immediate action. The standoff was resolved only after District Panchayat Member Suresh Bisht arrived and assured the community that traps would be installed immediately. Following the release of the officials, the villagers proceeded to bury the remains of the slain animals after post-mortem formalities.
Bisht, expressing grave concern, suggested the leopard might be turning man-eater due to the severity and frequency of the attacks. ""I have been in discussions with the DFO at the district headquarters,"" Bisht confirmed. ""Following talks with the Conservator, permission has now been granted to set up cages in the affected area.""
Local leaders, including Gram Pradhan Deepa Devi of Silanga and Block Panchayat Member Virendra Negi, demanded swift action, citing rapid success in Almora where traps were placed just two days after incidents there.
Divisional Forest Officer Pradeep Gaur confirmed the installation of cages and an increase in forest patrol frequency. ""We have deployed the necessary equipment and increased vigilance,"" Gaur stated, appealing to the public to remain cautious.
Meanwhile, sources within the Forest Department revealed that Uttarakhand lost 12 people to leopard attacks and seven to tiger attacks in 2024.","success(trafilatura, resolved_via_decode, 2930 chars)"
"Uttarakhand: 15 killed by big cats this year, max in leopard attacks - The Times of India",2024-07-21,Uttarakhand,,Leopard,Human Death,0.0,0.0,15.0,"15 people have been killed by big cats, mainly leopards, in Uttarakhand this year.",0.98,aggregate_period_total,,The Times of India,https://news.google.com/rss/articles/CBMi2gFBVV95cUxNQXhPRUh6QlVWeV9Bc2VUNlZMdUZ0aXNBRjFoOHZfRTV3QTNLRDA3cHpPdktXcEMwVm53cUFrRUhqbHo3YjRCaGhjMVN2aHlSdkxLWUhfdVVncHRJSzRZaWNON1FJNU43V04yUWVPNmdBWkRLc0tXYk1ULXRUWkd5S0xNWkMxRzltOVlzR1p4SmQycHB0SkF0VWFqYlRUZFROWDB0a1VzSXVTR2NVazhoMTVNbkNUWXNjdlJ3eldiV1AtWTNtSnMtUURCNmM4RnR2ZkgtX2wzOVdwZ9IB3wFBVV95cUxPZ2NYOWxFRXI4cGRLNTRWVTkxc0ZTQVhpcU51dUl4RHNYZkZ2THBodnFnQVVrQnJGX1EyVVF6ZVdveEtodDlVT1JjRHdGb2xCU3BNVUhwbzVmS0ptQ0F4T1hFMmk1T1NPaDdKT1dLSmFRRGF2Q3dsQXc5d0tSN3BUdFZxR3Q1V2JuRWFVazlGRXFHM1lLNFByaHIyOE9KQ0RPSDF3aUtHYTNsOXdKSTFIMUo4QjVxcmMzSFpSRDhZYTdnVEdQcUxiUnV5Uzd4NjhEWmptcHFNOUNreVdPTmhZ?oc=5,,,"DEHRADUN: Uttarakhand lost nine people to leopard attacks and six to tiger attacks in seven months this year. In the most recent casualty on Thursday evening, a 17-year-old boy was killed by a leopard in Mehad village in Devprayag while returning home after playing cricket.
""People in the area were enraged by the boy's death in such a manner although officials say they have trapped the killer leopard,"" said Hoshiyar Singh, pradhan of Mehad village.
Forest authorities captured an adult male leopard early Friday morning from the same spot in Devprayag after an overnight search operation. The leopard is being sent to a rescue centre for medical examination, and its DNA samples will be matched with samples taken from the victim's body by scientists at the Wildlife Institute of India.
On Friday, a man was attacked by a leopard in a different part of the same forest division, in Kirtinagar area, and suffered leg injuries. The leopard was later found dead. According to the post-mortem report, it died from an existing maggot-inflicted wound.
Forest officials emphasise that awareness is key to preventing such attacks in a biodiversity-rich state like Uttarakhand. ""A scientific evaluation of human-wildlife conflicts over the past 23 years was conducted. Based on it, we are implementing short- and long-term interventions in 26 identified hotspots. These areas have been identified at both species and geographic levels, where forest landscape restoration and hi-tech equipment are being used to prevent encounters. As a result, we significantly reduced the number of deaths last year,"" said Samir Sinha, principal chief conservator of forests and chief wildlife warden of forest department.
Sinha added, ""While we are preparing thoroughly and equipping ourselves, it is important to realise we are dealing with animals whose behaviour we cannot change or predict. This inherent uncertainty remains, highlighting the crucial role of awareness in averting attacks. We are continuously spreading awareness and emphasising the importance of co-existence."" 
At a State Board for Wildlife meeting on Friday, authorities launched a poster campaign titled 'Coexistence - Don't be afraid, stay alert', which is being circulated across the state, especially among people residing close to forest areas.","success(trafilatura, resolved_via_decode, 2303 chars)"
"36 dead in wildlife attacks till June this yr, leopards top killers - The Times of India",2026-07-02,Uttarakhand,,Leopard,Human Death,0.0,0.0,36.0,"36 deaths reported due to wildlife attacks this year, with leopards being the main culprits.",0.98,aggregate_period_total,,The Times of India,https://news.google.com/rss/articles/CBMi2gFBVV95cUxOckxKVmRFLWlrWnU3MFpVOTJqZ1lXcmZVeTVkRDJDcG1EWlJiYURNdkFPRk0yYUJmeGt0Y2l0RkNKVklMVTZGY1ZuaUkxUTdmNW1rVHhydU1KZmVLb3dSYjZvTUpFaHc0R1NmS3VuVTdTUkgtdTdJQ3dQOVBjTk9WTU5yakJBUF8zck5KVXZldXpRaEJSYkZQcGEtbko0SDF0ZGw0V18wOGJGWnJ2M1MtYTZUQXZBMGw5UUR6NjJSbWNvOGVZWUVtTnFaa2FULURreWhTRkZ0WlBUd9IB3wFBVV95cUxPVlFuNjVjWjVnS0lZRVA1OGR0dmwxTVJ4Q19aTG5OaVBXWC1rSEZTVWo5eWlXeUNKc1BRSHRxSkdnTE5kVEkzSW83YWRTYXBQUVdPNWxISDA0Qzh2SFAxQV9oMlVLNHgtR2Jha1kwYUZtNzYtXzNPRHlsYVU2dWlBd1Nmc244N0N6NWZVUm1hUlUwcnVQNmJlYmNMZ3RqQkJZRGZ1c0FBRDNTNzFxZXQ5XzRxWEdETkVWV2wyTFZOcTNkVlF2WXVSV3FCWXRuaFFFckN6eF9WSXVteHRNVlZn?oc=5,,,"Dehradun:
 Uttarakhand has recorded 36 human deaths in wildlife attacks during the first six months of 2026—averaging six fatalities per month—with big cats accounting for the vast majority of the toll, according to recent forest department data.
Leopards were responsible for the highest number of fatalities at 15, followed closely by tigers at 11. The remaining deaths were attributed to elephants (5), crocodiles (3), and a bear and snake (1 each). With these latest casualties, the total number of human lives lost to human-wildlife conflict in Uttarakhand since its formation has reached 1,325.
Leopards also caused significant non-fatal injuries, with at least 46 people attacked by the animal in the same six-month period. For comparison, leopards claimed 18 lives and tigers claimed 12 in 2025, while 15 people were killed by leopards and 12 by tigers in 2024. Overall, 68 human lives were lost to wildlife attacks in 2025, down from 84 in 2024.
Given that tiger deaths (11) and leopard deaths (15) in just the first half of this year are already nearing previous annual figures, experts warn that total fatalities for 2026 may match or exceed last year’s annual totals.
Wildlife experts attribute the sustained pressure from tiger attacks to habitat saturation in and around the Corbett Tiger Reserve, which is pushing younger tigers into buffer zones and village fringes in search of territory.
Meanwhile, the high number of leopard cases reflects the predator’s extensive distribution across human-settled landscapes.
Joy Hukil, a veteran private wildlife shooter deployed during recent big cat tranquilising and elimination exercises, shared insights from his decade-long field experience. “The overpopulation of leopards and tigers is the key reason behind these escalating cases. Conservation efforts must extend beyond policy discussions and be backed by effective, science-based management on the ground,” Hukil said.
“We need accurate assessments of predator and prey populations, along with the availability of water, habitat and food resources across every landscape in the state. A balanced ecosystem and informed wildlife management can significantly reduce human-wildlife conflict,” Hukil said.
In response to the prevailing situation, the forest department has intensified operations in conflict hotspots. Measures currently being deployed include lemongrass plantations to deter wildlife, AI-based virtual walls, and the deployment of additional Quick Response Teams (QRTs) among others. The state has also announced the opening of rescue centers across all 13 districts, apart from special incentives to boost community awareness and engage locals in promoting human-wildlife coexistence.","success(trafilatura, resolved_via_decode, 2714 chars)"
17-year-old mauled by leopard in Uttarakhand's Tehri - The Times of India,2024-07-19,Uttarakhand,,Leopard,Human Injury,0.0,1.0,0.0,A teenager was mauled by a leopard in Tehri.,0.98,single_incident,,The Times of India,https://news.google.com/rss/articles/CBMixgFBVV95cUxQUERacWhRVmFQY2VHczdfYWlia3o4c0V5bDBHVjdWbUdGVmkwSkp1TkxURGdDZU00TktYcDhpRHhodkRYUVhWSUpIVUd3QjlzQjFjSGgwWno2R3lyNjI4MG5rTVBZTnhCeTNsbGVvRHRrQ19iLV94T0ExTVpoTlNtMTBGbGMwMDFLYjJYRDk4dy1zclhweU9RcGRSYmRadzVjT2FnYzktMTJNSzdNN1VxdnVEQUJmRWJuOUQzVTRNZXdEQWVKQVHSAcsBQVVfeXFMTXRLekZKMGpGbjJXeDFCRW9Ha1YwM0ZNeTlvdEFMUkFxblVGNnFLYWJOU3BFblRJelE4NjR0QUJqUWNtTS1zRWRqNk50UE1HMjNySVB4NWNybGZMRnR0b21uQzJaWDZrbTI2bnQ4Tk9rdlZRZ2MxY3ZOZ0h6M2ZmVGxoSldCV1EyRXd0Rlp1bk84OEF4VGZLeDVxa2Z4RE5DRF9TeDJrT2w3eXpoQXJPeWdvN0gwMnFCbDJfemVaVjdLSUJvUmN3cU9IY1k?oc=5,,,"NEW TEHRI: A 17-year-old boy has been mauled by a leopard in Uttarakhand's Tehri district, officials said on Friday. The incident took place in Devprayag on Thursday night when Anurag, a class 12 student, was returning home after playing cricket and was attacked by the leopard, Kirtinagar sub-divisional magistrate Sonia Pant said. 
Despite some local people raising an alarm, the leopard did not leave the boy, the officials said. 
According to the officials, police and forest department personnel reached the spot after receiving the information of the incident. 
The victim's mutilated body was recovered late Thursday night, Pant said. 
BJP MLA from Devprayag Vinod Kandari, who reached the spot on Friday, directed the forest department to capture the leopard immediately. 
By 6 am, a team of the forest department successfully trapped the leopard in a cage, the officials said. 
However, the angry locals created a ruckus, demanding that the leopard be shot on the spot, they said. 
The forest department officials told them that the captured leopard would be taken only to the office in the tehsil, to which they agreed. 
Upon reaching the tehsil, when the local people discovered that the leopard was being transported to Dehradun via Hindolakhal, they threw out the employees of the ranger office and staged a sit-in, locking the place, the officials said. 
Divisional forest officer Jeevan Dagade calmed the people down and appealed to them to not let their children go out of homes alone in the evening.","success(trafilatura, resolved_via_decode, 1516 chars)"
Uttarakhand CM directs forest department to take preventive steps after leopard attacks children - ANI News,2024-01-15,Uttarakhand,,Leopard,Human Injury,0.0,0.0,0.0,Leopard attacks prompted preventive measures in Uttarakhand.,0.98,single_incident,,ANI News,https://news.google.com/rss/articles/CBMi8gFBVV95cUxPZWpqUkVhazRlMkFCZG9OZ2p3Q3RwLXNEMk5xM193M2xQREs1VjJoM2FKQTBMMU9KNlBjaHdtNi1WNzkweW1LQUt2WTBQWk9sa3VFckQ4T00tMUtHcG9yNGQ4SXJaZE1DUkxVQzRPcVdwQnFQSlRPeFcxcWpKNDJUN09QLUhUX2s1SzdiQnZSZHQ2SUFxVmdCUFFEcGVGcjlUX2xyS01TLUxkdEhpeW9hWmM5OWRCNUlWMTJyWkZqVXppQ2cwS1dYamxvaUtFOHdOalZCM1VSc2h1SVBnV2lBd2RVX3FuNWhSaF9SWHczM3Q0QQ?oc=5,,,"Dehradun (Uttarakhand) [India], January 15 (ANI): Expressing concern over leopards attacking children in several areas of Dehradun, Chief Minister Pushkar Singh Dhami directed Principal Secretary Forest RK Sudhanshu to work on an effective action plan to stop such incidents.
At a meeting in the Secretariat, the Chief Minister said that strict action should be taken against the Forest Department officials who are negligent in preventing such incidents.
To catch the leopards, cages should be installed and night patrolling should be done.
He also said that in areas where incidents of human-wildlife conflict are taking place, the forest department should be kept on 24-hour alert mode.
The Chief Minister said that in cases of death due to human-wildlife conflict, a proposal should be brought soon to increase the ex-gratia amount provided as financial assistance to the family members of the deceased from Rs 4 lakh to Rs 6 lakh.
CM Dhami said that new wildlife rescue centres should also be built. 
Earlier, Uttarakhand Chief Minister Pushkar Singh Dhami participated in a cleanliness drive at Kainchi Dham in Nainital on Sunday as part of the Bharatiya Janata Party's (BJP) campaign at religious places ahead of Ayodhya's Ram temple inauguration.
Chief Minister Pushkar Singh Dhami said, ""Our Lord Ram is going to be seated at his birthplace on January 22. The entire country is filled with joy due to the fortnight of cleanliness, Deepotsav and Ram Bhajan. Everybody is excited and happy that the wait for the Pran Pratishtha of Ram Lalla will finally be over.""
Highlighting the cleanliness campaign started in Uttarakhand, Chief Minister Pushkar Singh Dhami said, ""We are starting the cleanliness campaign from Baba Neem Karoli Dham today. This drive will be run at all the religious public places in the state."" (ANI)","success(trafilatura, resolved_via_decode, 1828 chars)"
"6 kills and counting, leopards terrorise Udaipur villages; Army, drones in race against time - The Indian Express",2024-09-30,Uttarakhand,,Leopard,Human Death,0.0,0.0,6.0,Six people killed by leopards in Udaipur villages.,0.98,aggregate_period_total,,The Indian Express,https://news.google.com/rss/articles/CBMiuAFBVV95cUxPMWtMeDc3akxrTUdwZi0zQldHRlBqRWs5MXdheF9CYXYwWTB0UTJQcXVYN25yckRZaWdEcEZfaURhVmN2eFdQNDNDNF9qcE9teHdMdjVERjdESUhEUUtsUDR5Y2Y4QTNINjNBSUdYVjB1RmIwZGlReUg3eEZURV8yTzBTSkk4T2xZTGFWV1pVaVJfZGJ2cTVRTTFsQ1lfb1JXMTQ1aFhrQ01ickF0c2pBUGdPWHA1Z2R60gG_AUFVX3lxTFA0MmlOOS1xVUxrT0VDSkpEUVBla2JVTXdONUxmYjBBdEtNSUZadjBOYjV1ZndyWS1hNWVVMFBVUHJpbk8zZ1JEYnVlZWxidkJRNjMwdGdCUk9OTWxtV19KUEN6WU82WGIzRWEzTDE3cy1VS3BaVG9taUtPWFYwaUh1NUowbFlLdkxMT1ZqdE5jZlZRUlpoYWdSS2xFOXJEczFaekJUZFRNeERpMHlyc2pNeVdTTmVkSTh1eTVkMHBV?oc=5,,,"6 kills and counting, leopards terrorise Udaipur villages; Army, drones in race against time
The latest victim, 60-year-old Gattu Bai, had gone to graze goats near Majawad village on Saturday morning. When she didn't return home by nightfall, her family alerted forest officials, who found her mangled remains some 300 metres from her home.
When their cows returned home alone at 7 pm on September 18, Keshav Bhil (21) knew something was wrong. His 16-year-old sister, Kamala, who had gone out to graze them in the forest that morning, was meant to return home by 4 pm.
When she wasn’t seen even by nightfall, village residents set out with torches to look for her.
“Early morning, around 80 men from the village searched for her in the forest and finally found her mutilated body deep in the forest,” Keshav says, his eyes welling up.
Kamala is among 10 people who have been killed in leopard attacks in the contiguous forest areas of Udaipur and Rajsamand since May. Six of them, including a five-year-old girl, were killed between September 19 and 30.","success(trafilatura, resolved_via_decode, 1054 chars)"
Leopard Beats a Hasty Retreat after Dogs Attack in Haridwar - ETV Bharat,2024-06-01,Uttarakhand,,Leopard,Retaliation Against Wildlife,0.0,0.0,0.0,Leopard retreated after being attacked by dogs in Haridwar.,0.98,single_incident,,ETV Bharat,https://news.google.com/rss/articles/CBMisAFBVV95cUxNbXZGWjhwUjZLLWFDR21JUXpodG9MOTJsamlPZldtTnVPa0VBT25sMjZOYXVJRk0tTDM3T1huV0dCMUlGZ3dTcXlzSzNNd2hhZ29HX044c0JkYy1SR2NRT1ptczQtU2ZHeDNjZGtvOTZBQ2E5OWxUY05YMml6OUF3RWpmQ3ZoTEFBaUIwSXZhUFVhdkNZSTkzb3MyMHNXMERRSnFkaE1XMmxEM3o1cUtuQdIBtgFBVV95cUxNVlpRNHZNRkVPSzU2ZnYwOUk1enJISndhQWV0REpNUmd2eDNHUy1FUnFuMmRBYUdVZGh3ZkpEMWRlU3J2MHl5YTV0THVyVmw2alRFRkNuMGtjcEdNbDZVQjJ1S0dTblUwWm1KRGFPUG1XVjZaTHYxNnk1eFloMkFCSnlCelFDdDRRZXJNb0RhNjRnUEVXclFEUnlHWWhIMUxIaXZlTXU2eF93QUxYdkM5X0UwdWFLdw?oc=5,,,"Leopard Beats a Hasty Retreat after Dogs Attack in Haridwar
Leopards attacking human beings and hunting animals is quite normal, but have you ever witnessed dogs taking on a leopard and in the process, the leopard beating a hasty retreat? If not, can watch a video where dogs attack the leopard in the Bahadarabad area of Uttarakhand.
Haridwar (Uttarakhand): You must have witnessed a leopard hunting a dog, but in the video, the dogs surrounded the leopard that came to hunt the dogs. A leopard ventured out of the forest and entered a dairy farm in the Bahadarabad area of Haridwar on Friday.
The leopard came to hunt the dogs. But, the dogs are not scared of the leopard. They showed courage and faced the leopard bravely. The dogs overpowered the leopard so much that they injured it.
Meanwhile, after hearing the barking of dogs, the owner of the dairy farm rushed to the spot and was surprised to see the fight of dogs with the leopard. He hurriedly closed the door of the room. In this way, the leopard got trapped in the room. The leopard got so scared of the attack of the dogs that it went and sat on top of the cupboard. The forest department was informed about the presence of the leopard. The team of the forest department reached the spot to rescue the leopard.
Haridwar's Forest Range Officer Shailendra Negi said that information was received about a leopard being trapped in the Bahadarabad area at 3 am on Friday. After which, when we reached the spot, the leopard was found locked in a room. Later, a rescue operation was launched to rescue the leopard.
Initially, an attempt was made to tranquillize the leopard twice, but for some reason, it was not tranquillized. After that, the leopard was caught directly in the cage. He said that the leopard came out of the forest to the area to hunt a dog, but it got trapped. At present, the leopard has been sent to the rescue centre for first aid.
Read more: Leopard Attacks Dog In Goregaon, Captured On CCTV","success(trafilatura, resolved_via_decode, 1972 chars)"
Terrifying VIDEO: Man Kills Leopard With Bare Hands In Uttarakhands Tehri - Free Press Journal,2024-07-21,Uttarakhand,,Leopard,Retaliation Against Wildlife,0.0,0.0,0.0,A man killed a leopard in Tehri.,0.98,single_incident,,Free Press Journal,https://news.google.com/rss/articles/CBMirwFBVV95cUxQMU43NkV1bFBYQllqNGlqZ0tWSzVhNU1NSnhLYklubnd1T29DZWp3VFR4SFhETDhmeXE0Zkl4OUdaWGo0bXB6d0pYRnJxUFFfUm1odl8ySlpoUXFLQTFlemxvTk5GOFdHemZMWmFlNHVTekFrRHdKNjU0Y3JreUw2X3JwaUJvTjZjX2JzMnlXUjRWWUFKM19yMmNUeDBvQnd5T1AzSjk5OW9wYnphNVNj0gG0AUFVX3lxTE1YektySmFVMEFxZENidTFHUF96czQ4WENZMTMySUJLcTF1cFZ6eG41OENjWnh4WC1GTXd6NlNLR04tTXNkUTJCa0FjdENVVU9PTWRfUkQ3US1ZRE1qYTNlbVUyNU03cUdmTVkxeUk2cGgyX3JZMUtqdmU4MHExSnFsUzU3XzdwbXg3azR0R2FkOGI3OTlJTHdnMHJkdFhNbU9iNDFzendJNU5EeW9jT0lkWm90SQ?oc=5,,,"In a terrifying viral video, a leopard attacked was seen attacking a 56-year old man in Uttrakhand's Jakhi village of Kirtinagar block, Devprayag assembly constituency. In the video the man can be seen severely injured and the leopard was seen dead on a floor.
According to tweet posted by @AjitSinghRathi, the man in the video Lakshman Singh Negi attacked the already injured leopard around its throat. The tweet also mentioned that, the leg of the leopard was badly injured, the wire was stuck in its neck, the leopard died shortly after falling. In the video the Lakshman Singh Negi's hand can been seen brutally injured.
According to media report in hindi news portal Hindustanlive, Laxman Singh Negi was walking from his house in Jakhi to Khumkhu when the leopard, hiding in bushes 50 meters below the old Jakhi road, launched the attack on him. Villagers quickly alerted the forest department and Devprayag MLA Vinod Kandhari. The forest department team, upon arriving at the scene, discovered the dead leopard nearby. The department conducted a postmortem on the leopard to determine the exact cause of death, as the animal appeared to have sustained previous injuries, likely from being trapped in an iron net.
According to other media reports, Kirtinagar Range Ranger Buddhi Prakash confirmed that the leopard had old wounds on its neck from an iron net, which may have driven it to attack a human. The forest department has completed the postmortem, and the exact cause of the leopard's death will be known once the report is available.
Meanwhile, the forest department is preparing to provide compensation for Laxman Singh Negi's injuries. The community hopes that such incidents can be minimized in the future to ensure safety for both humans and wildlife.
In a recent incident reported from Uttrakhand, a 17-year-old boy named Anurag was mauled by a leopard in Devprayag, Tehri district, on Thursday night. Anurag, a class 12 student, was returning home after playing cricket when the leopard attacked him. Despite local residents raising an alarm, the leopard did not release the boy, officials reported on Friday.","success(trafilatura, resolved_via_decode, 2128 chars)"
"Woman, 55, Mauled To Death By Leopard In Uttarakhand, Wild Cat Shot Dead - NDTV",2026-06-09,Uttarakhand,,Leopard,Human Death,0.0,0.0,1.0,A 55-year-old woman was mauled to death by a leopard.,0.98,single_incident,,NDTV,https://news.google.com/rss/articles/CBMirwFBVV95cUxNUGNHejliVVFtSWZScXJ6NGV1U3dJbUNBSWtYMUFfN2hJRnZnNUVFTTZXWXREelhqY215b1IwYUN5UVFBLUdhbVdpV0hva1NrbktvVDhrbFR5aGRfbDFobFNrbi1BYTZzUTltT2RVbF9qZk4tYzVCV0tiR1RuN1VUM05NdzB5UUo3WUVKZk9qd3p3OEJyU3hJUXJaaFVCTE1NSkR4TDRDTHJxeS1UeXhj0gG3AUFVX3lxTE9GTERVamRQeldaM1lVeGNwOFp1Rk5fTlZEbUxEWTZVcFpkQlpES1BOdTZiMEtnYzltbWdOOFZTQWZRZTJkeUUyLUpsbG1iXzBZSTJOUEpVQnlFd2huWTZDTXNmeElxZE5hdDhOT2pmMGZZN0luWlRRSzVOSjh2SUQ5LXR2MllHZ3M4d1VnY2dleFh3T0NXSlMtS2xpNlZhMG5QWVNLZTh4YXBOS2o5VGJPU3Nrd180VQ?oc=5,,,,extraction_failed(page_fetch_failed after resolved_via_decode)
48-Year-Old Man Mauled To Death By Leopard In Uttarakhand - NDTV,2026-03-11,Uttarakhand,,Leopard,Human Death,0.0,0.0,1.0,A 48-year-old man was mauled to death by a leopard.,0.98,single_incident,,NDTV,https://news.google.com/rss/articles/CBMinwFBVV95cUxOZ1JsYmlsT2NvTjY4TzlOMi1RQ3ZRU1BSMVU2VHpESEFfeEZ3OFZ5N29pUTRnU1R3MGFCRzM0bkpZeE9TVzB3VUN6ZUV6c0xzRmRBLVJiMWRHdUVQSUhXTUQ3OU0wWFJuZG9waldKSFBsci1Fell4U0FLOGlabDRncTlsaWNUM3Rrck1TZXpUd3RzeDVqcnJ1UTlSa25JZWPSAacBQVVfeXFMTW5HVlFzM3RrNk5CV29FcUJicVdHSmVaYjFsTlJhNHR6eklnLV92Qk9NZEZvYktERGNnOVZ2T2JObGR1TWlncnJIMGxSQ0VlT0psX2xpVHlyZWJRYVZlYlRDMUNlQ0p3MTlTVWRZQVdVVzMtMzZBbUI1aXNaUU1pN3Z2Z2VfTWlJVXFGOWxuR1V0bFFMSk1seFRseWo2dWhvdFRXcVZuMmc?oc=5,,,,extraction_failed(page_fetch_failed after resolved_via_decode)
"Man Killed In Leopard Attack In Uttarakhand, Nearby Schools Shut For 2 Days - NDTV",2025-12-04,Uttarakhand,,Leopard,Human Death,0.0,0.0,1.0,"A man was killed by a leopard, leading to school closures.",0.98,single_incident,,NDTV,https://news.google.com/rss/articles/CBMitAFBVV95cUxQV3NIbVkxb3JqWTdMVUc5RXZ0dE5VWDFqc1A4V1VaSzVURWIzTk9tVGlvbVNSRHhoSkxYYS04bXgxX2JCSC1CSWEtdXhrOFZtT05KeXNYVVRyVUhQMFRlVVFEOFB6a25la1Zpay10OUJyZ1RXbjRCaElXU0VVMUxwME9DcUV5Smo0YUdNQURhcDJyaGdkVDdKZmctVWRaZ0dsLWpqZEdUZnZtaFJVVHBUWXI0SVjSAbwBQVVfeXFMT3dQaXJBMUZvc29kLUFzdE1HWElPMFFrQkJ6bUtZRjF4cXhWeXhjT05oNXJjdVlFYWVZQ1ZFaklTU3NtQUZtOHl6M0hYRmZZSjRGaVFxNTdsZi1sWFZOc2dTeU5zNlJ5WHhXTHpBQ3JSWlM1THptdTljU0czd0Q5RWlqV0NhQmdObFFsVGRRTDJZeE9ucmdlNW10bFZuVGt4NEdzM0I0X244MW9VV2NVelBnUkJaZDY1R3JHTjI?oc=5,,,,extraction_failed(page_fetch_failed after resolved_via_decode)
Leopard's Selective Attacks On Two-Wheeler Riders Surprise Forest Officials In Uttarakhand's Uttarkashi District - ETV Bharat,2025-06-21,Uttarakhand,Uttarkashi,Leopard,Human Injury,0.0,0.0,0.0,Leopard attacks on two-wheeler riders have raised concerns.,0.98,single_incident,,ETV Bharat,https://news.google.com/rss/articles/CBMiowFBVV95cUxNX21NZzc3VnNmZWEzSTJ0TVc2TEVVLUVQbjFJS0RYWEVqNWl1WVViWEFycUVsZlhGaGlEOWZWLU96Sl9OQk5sT0RWQkNBWmFYakhNYklfMzNjR1NOMm1oWWxudUtkNnlkSElBeGN6NURHRlZmLW43cmd2Wm5rZklHcHJrR0pubV9ZcVFWMzBuYTRWX2NpRnhoNi1hOU4yZlNteEVV0gGoAUFVX3lxTE9HUW5zeDRzX0JjNDNCd0w2d29NUnFfRnk4YUVaX0VYY0hIOUFFNWNQQmRkSy10VEptUVBzMHV1NWlWUjY3aG5fZGNYUXlUTmxqZVFsVVRiZ01iN2dpRkZFTVNvZzJNZXpiVnNuWnlmd0Y2bEhpY042enpsOFowaEwzNEUyZmRwOEJCWWxtS2w2QTZ4TkNuRlBfaTdHUnJ6MzJmeEhtYzN1dQ?oc=5,,,"Leopard's Selective Attacks On Two-Wheeler Riders Surprise Forest Officials In Uttarakhand's Uttarkashi District
🎬 Watch Now: Feature Video
Dehradun: Generally, predatory wild animals attack their prey stealthily but here is a leopard which has adopted unique tactics in the Badkot division of Uttarkashi. Even the senior officials of the forest department are surprised by the strange behaviour of this leopard. The officers of the forest department are not only trying to capture this leopard but are also trying to find out why this leopard is showing so much aggression against especially two-wheeler riders.
Be it a national highway or a state highway, if this leopard sees a two-wheeler rider, it pounces on him. In the Barkot division, two-wheeler riders have been attacked more than 3 times in the last 20 days. The big thing is that all these attacks have been done by the same leopard. Perhaps this is the reason why the forest department is also surprised to see these activities of the leopard.
Why is the leopard doing this? It is an unusual incident for a leopard to chase two-wheeler riders and try to attack them. It is believed that the leopard may be doing this because of the cubs present with it. It is believed that the leopard might be carrying out such attacks to protect its cubs.
PCCF Wildlife Ranjan Kumar Mishra says that everyone is surprised at why this leopard is attacking humans in moving vehicles. However, it is very difficult to understand the changing behaviour of wildlife. In such a situation, it is difficult to say why such unusual behaviour of this leopard continues in this area.
In one of the several cases cited by the local people, a leopard attacked a bike rider on 8 May. Another such incident took place on 6 June, and a third person complained about a leopard attack on June 10. These are the cases that have reached the forest department in the form of complaints. There may be some cases that have not been reported by the local people. However, after receiving information about frequent attacks on two-wheeler riders, the forest department has started monitoring with about 8 to 10 cameras installed in this area so that information about the presence of the leopard can be obtained.
Special teams formed
Following this, four teams have been formed to continuously patrol this area. With permission from PCCF Wildlife, cages have also been installed in this area so that this leopard can be caught.
As per the statistics, more than 534 people have lost their lives in leopard attacks in Uttarakhand in the last 24 years. And, 2,052 people have been injured in leopard attacks in the state in the last 24 years. In 2025 alone, leopards have injured more than 18 people in the first three to four months. Before this, in 2024, 14 people died in leopard attacks within a year while 127 people were injured.
Veterinarian Rakesh Nautiyal says that the number of leopards is increasing and due to migration in the mountains, houses are becoming vacant. Obviously, due to this, leopards are moving towards residential areas and these villages are becoming their habitat. On the other hand, cattle which are easily preyed upon are also attracting these leopards towards residential areas. After the forest department increased patrolling, the presence of leopards has been decreasing in this area last week.
Read More
Dehradun: Generally, predatory wild animals attack their prey stealthily but here is a leopard which has adopted unique tactics in the Badkot division of Uttarkashi. Even the senior officials of the forest department are surprised by the strange behaviour of this leopard. The officers of the forest department are not only trying to capture this leopard but are also trying to find out why this leopard is showing so much aggression against especially two-wheeler riders.
Be it a national highway or a state highway, if this leopard sees a two-wheeler rider, it pounces on him. In the Barkot division, two-wheeler riders have been attacked more than 3 times in the last 20 days. The big thing is that all these attacks have been done by the same leopard. Perhaps this is the reason why the forest department is also surprised to see these activities of the leopard.
Why is the leopard doing this? It is an unusual incident for a leopard to chase two-wheeler riders and try to attack them. It is believed that the leopard may be doing this because of the cubs present with it. It is believed that the leopard might be carrying out such attacks to protect its cubs.
PCCF Wildlife Ranjan Kumar Mishra says that everyone is surprised at why this leopard is attacking humans in moving vehicles. However, it is very difficult to understand the changing behaviour of wildlife. In such a situation, it is difficult to say why such unusual behaviour of this leopard continues in this area.
In one of the several cases cited by the local people, a leopard attacked a bike rider on 8 May. Another such incident took place on 6 June, and a third person complained about a leopard attack on June 10. These are the cases that have reached the forest department in the form of complaints. There may be some cases that have not been reported by the local people. However, after receiving information about frequent attacks on two-wheeler riders, the forest department has started monitoring with about 8 to 10 cameras installed in this area so that information about the presence of the leopard can be obtained.
Special teams formed
Following this, four teams have been formed to continuously patrol this area. With permission from PCCF Wildlife, cages have also been installed in this area so that this leopard can be caught.
As per the statistics, more than 534 people have lost their lives in leopard attacks in Uttarakhand in the last 24 years. And, 2,052 people have been injured in leopard attacks in the state in the last 24 years. In 2025 alone, leopards have injured more than 18 people in the first three to four months. Before this, in 2024, 14 people died in leopard attacks within a year while 127 people were injured.
Veterinarian Rakesh Nautiyal says that the number of leopards is increasing and due to migration in the mountains, houses are becoming vacant. Obviously, due to this, leopards are moving towards residential areas and these villages are becoming their habitat. On the other hand, cattle which are easily preyed upon are also attracting these leopards towards residential areas. After the forest department increased patrolling, the presence of leopards has been decreasing in this area last week.
Read More","success(trafilatura, resolved_via_decode, 6585 chars)"
"5-year-old boy, elderly woman killed in leopard attacks in Uttarakhand - The Tribune",2026-02-04,Uttarakhand,,Leopard,Human Death,0.0,0.0,2.0,A 5-year-old boy and an elderly woman were killed in leopard attacks.,0.98,aggregate_period_total,,The Tribune,https://news.google.com/rss/articles/CBMirwFBVV95cUxOSkNqSWp2SF9aRFM4YldrRHdhVHd5XzVqN2pBUUJQYUV5Rndoc3N3YnRSZWtoZV9zT0JhOUpkdU1uTFN6OFFYaHBmbFZWYklhOHBrZUVKNl9yYmoxTU1OSENHd2I1MGFzV2pubk1GUC1xTFBxeDVhMTJER3dTV2FtNzkxOVVwTl9DUjZ6enFMaU9iRTR0Z19LdGd1ZnhoYTFGY2E3ZVhTMnZqN1RXWlQ40gGzAUFVX3lxTE11dm9iZjNVc2thUGI3U0pBZFVrZW1sVWxZX1hqOHN2b21RSUVxc1U4cTJUMmZ4UXBZTDVOSzVzV0NTWlBxdmpYc1p5RFJTVnJkSUZqUUNwSTlhVXExcDlRcVNNcE1qYV9ZbFllZkZ4SGl5Z3NWOEpzRWhQdDgybEk5YkdEdnpNTkt0NVN5Zmh3b2lWWm4ydjdIMko4bTV5d29OV0F6bU5MQTM3Z0ZURERTTlE4?oc=5,,,"5-year-old boy, elderly woman killed in leopard attacks in Uttarakhand
Seven teams conducted a continuous search, after which the child's mutilated body was recovered from the forest at 11 pm
A 5-year-old boy and an elderly woman were killed in separate leopard attack incidents in Uttarakhand, police said on Wednesday.
In Sindravani village of Rudraprayag district, a leopard snatched a child playing in his courtyard on Tuesday afternoon and dragged him into the forest.
Upon receiving the information, teams from the district administration and the forest department reached the spot and launched a search for the child.
Rudraprayag Sub-Divisional Magistrate Sohan Singh Saini, who led the search operation, said that seven teams conducted a continuous search, after which the child's mutilated body was recovered from the forest at 11 pm.
The child was identified as Daksh Bisht, and the body was sent for post-mortem.
Saini said that in view of the potential threat from the leopard, cages will be set up at various locations and a forest department team will continuously patrol the area.
Meanwhile, the Rudraprayag district administration has declared a holiday for the next two days in eight schools in the area for the safety of the children.
In another incident, a 60-year-old woman was killed in a leopard attack in the Juna Estate area of â€‹â€‹Bhimtal in Nainital district.
Officials said that Ganga Devi had gone to the forest to collect fodder for her cattle on Monday, but did not return till late evening. Following this, the villagers started searching for her.
The woman's body was recovered from deep inside the forest on Tuesday morning, bearing clear signs of a leopard attack, officials said.
The villagers alleged that leopard activity has been observed in the area for quite some time, but the forest department has not yet taken any concrete steps to catch it. They demanded that cages be set up in the area.
Nathuwakhan Forest Range Officer Vijay Bhatt said that as soon as the information about the incident was received, teams from the forest department and the police reached the spot.
He said that patrolling has been intensified in the area and efforts are being made to catch the leopard.","success(trafilatura, resolved_via_decode, 2222 chars)"
Schools closed in Uttarakhand's New Tehri after leopard kills girl - Deccan Herald,2024-10-21,Uttarakhand,New Tehri,Leopard,Human Death,0.0,0.0,1.0,"A girl was killed by a leopard, prompting school closures.",0.98,single_incident,,Deccan Herald,https://news.google.com/rss/articles/CBMivAFBVV95cUxOcENMT0V1SkhiNE5Nci1sejEzbnBQVTVNdXBab1E1UkdDSDktZ0JIa3l1Z3JWX3REV2g2ZUdINGZ5cDlFUlJqZ3FHVHFkeXFsTVdtaDJxRXhDMW5GZnluUGtDbE9UNTBKQ2VURkpyOGo2aTNCZGtFcktwaEJMZlEtdEpPYm9OR1BMVkZrVVgySVFWWVUwcVdWc2ZoUHVhc2tqX3hYV1VucnZHZnpzandFb0JCbkt6Z3JEaXRDVA?oc=5,,,"Schools closed in Uttarakhand's New Tehri after leopard kills girl
Officials said that the forest department team is camping in the area in search of the leopard, but it has not been caught by the 'shooters' yet.","success(trafilatura, resolved_via_decode, 212 chars)"
5-year-old girl injured in another wolf attack: Police - The Indian Express,2024-09-04,UP,,Wolf,Human Injury,0.0,1.0,0.0,A girl was injured in a wolf attack.,0.98,single_incident,,The Indian Express,https://news.google.com/rss/articles/CBMisAFBVV95cUxNcUYzQnVPblJwdVExZlgwVXRFaFFtWHRCRzNvdVFEbHVucXBuUmRhNnVEcTZ0MFNtajFHamJvMjNJaTJZeUY1MXNIZlJrc3ZBOWpUOG1LR3dTOTVOTEJSVnd2SGhtd1RQSWdjcUVmWnFjbENfbVRYMmlYRWswRmJ5Uk5JOUhNZW1oRUZaRVAxWDQ0S0doOGdmU01YYTlDNjM3LTJELTR5V2cyRmNnVlo5VNIBtwFBVV95cUxQSFdHZHBrWXZNaTFXRjNZQTBvZ25Peks4QzB5eGRJd1FPZWZPZVowaXZFSFQ3QlcyczFzbjloOGdZeEkzeUxTYXctdlZyeWxaVGg1NThITGQ1U0g0Y0c3eE9kelRvR3FWUVZiVDJmUWwtU2JWN0VIQ1QzRkhuQWd1Sk9VV1M0LURvOGpKc1huRWlMTU1kWTFDY0ctb1FYOU5ZSXVTUEZFTHdxODY0LWM3bXVCMEZBdGs?oc=5,,,"IN THE latest instance of a wolf attack in Bahraich, a five-year-old girl who was sleeping outside their residence in Girdhar Purva village was injured on the intervening night of Monday and Tuesday, police said.
It was the cover provided by a mosquito net that prevented the animal from getting a firm hold on Afsana, who raised an alarm. Her grandmother, Sughana Begum, who was sleeping beside her, intervened. The animal then bolted towards a nearby sugarcane field, police said citing the family members. Other family members were also sleeping nearby, both outside and inside the house, officers said. Some local residents reached the area and searched for the animal, but to no avail. Afsana was taken to a community health centre and is stable.
Circle Officer, Mahasi, Rupendra Kumar Gaur, pointed out that the animal was unable to drag the girl out of the mosquito net. The house, which lacks doors, is in a populated area, with the nearest field nearly 250 metres away.
Over the past few weeks, at least 19 persons have been injured and eight others — all of them children — died in attacks by wolves. State Forest Minister Arun Saxena on Tuesday said directions have been issued to capture the wolves “by all means”.
The minister was in Pilibhit a day after Chief Minister Yogi Adityanath expressed concern over the rise in human-wildlife conflict in some parts of UP.
“Six wolves were spotted by drone cameras and four of them have been captured, despite which the attacks have continued. Therefore, an order to shoot the wolves might be necessary,” he told mediapersons.
Of the four captured wolves, one died, two were sent to Lucknow zoo and one to Gorakhpur zoo, officials said.
— WITH PTI INPUTS","success(trafilatura, resolved_via_decode, 1710 chars)"
UP: Villagers kill sixth and final wolf ending months-long havoc by predator in Bahraich - Organiser,2024-10-06,UP,,Wolf,Retaliation Against Wildlife,0.0,0.0,0.0,Villagers killed a wolf to end the threat.,0.98,single_incident,,Organiser,https://news.google.com/rss/articles/CBMi0AFBVV95cUxOZlBEWlZHWS1xSUJPaHQxZW4xeDBjUjU1OUlWN0lhRF9kVGNudGUyQkJ6aGlILXU2M0UydmJMWGRrNGpOcmdKNTBESWdWYVU2ZDl3cVlIWWhBLXE2bkNiTHMtN3NLRndhUWp1SDhReTFMMzBSVU5SYWtkVDNlaC10Xzg5ejZlQWhXQXZLN1BmQzk5UG5NNUZkdlprMlNsSUx1YllaUXBhOTFfYUVDd3I0UGdRM2VxX21EUnR6N21aeXZ2eXRiNUtMMGhIR2lUUGpo0gHWAUFVX3lxTFBFQVRmOTV3TGJ3dEd6U0tqQ3Z3c2RxdHJ3bXhuY25SaWVMYUMxSjJUMVhtbkh0eGxlcFI3OU1LenNiSHdKTUg1UkJyOWV6WEJoWm1XM2JTZkdGYW41WVJaMWtYSENRYnFRV25DOGNUVlA5UWVxWEx5MDZwdWJWQ0J4QTYxX3BaV21nSVJCNFJpMTRLajRVNmhYcHRIc2dzcWE5ZWtYVmQtb0xEVWRoWmFOclIybXFnZk44akh2MWtpMmRwemYzLWlxZEQ4UGpqSVZBOHlkcUE?oc=5,,,"After months of terror, the six-member wolf pack responsible for wreaking havoc in the Mahsi region of Bahraich has finally been eradicated. The last wolf was beaten to death by villagers in Tamachpur village on Saturday while attempting to hunt a goat.

Following this, the forest department came to the village and recovered the body of the wolf. Further action will be taken after the postmortem of the wolf’s body.

“For many days the department’s teams were trying to catch this last wolf. When we got information that there was an animal body lying in a village. We immediately went there with our team and saw that a dead wolf was lying there since there were marks of wounds on his body. It is possible that these villagers or some other people killed it. We will investigate this. Only after investigation will we be able to say anything further,” Bahraich District Forest Officer Ajit Singh said.

For the past few months, this pack of six wolves had wreaked havoc across many villages in the Mahsi tehsil in the Bahraich district of Uttar Pradesh.

Earlier, the Uttar Pradesh Forest Department had initiated “Operation Bhediya” to apprehend the pack of wolves responsible for recent attacks in 25-30 villages under Mahsi tehsil in the Bahraich range of Bahraich Forest Division.

The Forest Department had captured the fifth ‘killer’ wolf on September 10.

In order to capture the sixth wolf, the Forest Department in Bahraich had installed snap cameras at most of the probable habitats of wolves in the area to monitor any movement.

Three snap-cameras were installed in Sikandarpur village around six caves, which local villagers claim to be the habitat of the wolves.

Nine people were killed and more than 40 people have been injured until now due to the attacks by the man-eater wolves in various villages of Bahraich.

(With inputs from ANI)","success(newspaper3k, resolved_via_decode, 1858 chars)"
28-year-old woman injured in attack by man-eater wolf in UP's Bahraich - India Today,2024-09-13,UP,,Wolf,Human Injury,0.0,1.0,0.0,A woman was injured in a man-eater wolf attack.,0.98,single_incident,,India Today,https://news.google.com/rss/articles/CBMiwAFBVV95cUxPcFBrVDBGR3FvRUVSNDB1REFqMHlsOGt2UmdEa1E0dVhXX0RFS011SHdySmd4Zi1oVzlXc0xlRURFRWR3SjE3VndSUW92MThzaWdsVUIyaUpJeVgyZklJRDNEYTBWNDNDUmRKNnFBXzZ4a29rWFUzQm04Y0pXVXRLc25LQjAyMHhzalhPc3hJVmgwZHZkd05TdldKV08xM2VjaGNCS0JkSVhtc1FUMEQtczlvNkhsYzMwUlZOQzNFYks?oc=5,,,"28-year-old woman injured in attack by man-eater wolf in UP's Bahraich
The animal attacked a villager for a fourth consecutive day in Bahraich since the fifth of the six wolves on the loose in the region was caught by the authorities.
A 28-year-old woman was attacked by a wolf and sustained injuries to her neck and chest in Uttar Pradesh's Bahraich, officials said on Friday.
The latest attack took place in Singiya Nasirpur village in Bahraich, which has been affected by wolf attacks for some time now.
The animal attacked a villager for a fourth consecutive day in the area since the fifth of the six wolves on the loose in the region was caught by the authorities.
Wolf attacks continue unabated as people are living in fear as the man-eater animals are on the loose in the area. The escalating threat of wild animal attacks has sparked concern among locals.Â
Meanwhile, the authorities are trying their best to catch the wolf, but hardly any strategy seems to be working as continuous heavy rain in Bahraich is hampering search operations in the affected area.Â
The Singiya Nasirpur incident came a day after two separate jackal attacks left several villagers injured, including a 10-year-old boy. A jackal was also caught on camera moving through a field, prompting the Forest Department to be on high alert.
These recent incidents come amid an ongoing crisis in Bahraich, where wolves have claimed the lives of over 10 people and injured dozens more. Authorities have intensified their efforts to capture the predators, successfully apprehending five wolves. However, a sixth wolf remains at large, continuing to instil fear among the local population.","success(trafilatura, resolved_via_decode, 1661 chars)"
12 injured in jackal attack in UP's Pilibhit amid wolf terror in Bahraich - India Today,2024-09-08,UP,,Jackal,Human Injury,0.0,12.0,0.0,Injuries reported from a jackal attack.,0.5,single_incident,,India Today,https://news.google.com/rss/articles/CBMixgFBVV95cUxNSGN3QjJ2cEV1bHNyT1IzT3ZZTFFQbDF4ZTNBVXByYzNQRTRVOFliTFRYOFY1YWxkdnlHZ0NlOFRTOUlUNkxRSXoxZ1hGOHRiMTRTeTVtZTQyc29IV2NDeUFzOGY5Q0tPZE1rTEdpcUJMU2xpRU5JQTgxeDJvQVhiWGVJQ3d5Tmppb0E2SHozOFpiUzZfeEN4LTlZWXRDa1AyUjhYVmREZGJOWmVnSXQtNmhzUm9Ma01EMnhYOXZIMFRSQl9MRXfSAcsBQVVfeXFMUFNwSC11U0VzTXltTk4zS1dDNVBsM21ZN1FwNG1rOXljd01aQXJwZnlUQXFnV2NXa1B1V3FoLTJTTEEwQ2MwVzZBR1lBT1dvNmE2UHBnTU1oS205cEV2aFhLX0Vock1mVGhKYTV6c3hSWGthcjF3ZHpkV2VDa2Fma2dzVXNENTZjRXczdmxuU2xQS1g5dmo2aEtyckhscmpRMnp5bHZzcm1jT1RjTnVBYWw5Nml4YmExMDQ1NTUwR2N6TV9TSjc4NjkxRDQ?oc=5,,,"12 injured in jackal attack in UP's Pilibhit amid wolf terror in Bahraich
A pack of jackals attacked people in two villages in Uttar Pradesh's Pilibhit district in which at least 12 people, including seven children, were injured.
At least 12 people, including five children, were injured after being attacked by a pack of jackals in two villages in Uttar Pradesh's Pilibhit district.
According to the locals, the jackals first attacked children in Suswar and Pansoli villages in Jahanabad area when they were playing outside their homes. When some elderly people rushed to protect the children, the wild animal also attacked them.
After the attack, all 12 people were admitted to Jahanabad's Community Health Centre (CHC), where they were receiving necessary treatment.
Enraged by the attack from the jackals, the locals then kill one of them.
Upon receiving an alert about the jackal attacks, a team from the local administration and forest department rushed to the spot and started an investigation into the incident.
The attack by jackals in Pilibhit came at a time when wolf attacks in neighbouring Bahraich district have killed a total of 10 people, including several children.
About 36 people, including women, children and the elderly have also been injured in wolf attacks in Bahraich.
Speaking about the attacks by a pack of jackals, Pilibhit's District Forest Officer (DFO) Manish Singh said some villagers earlier claimed that the attack was done by a pack of wolves but it was later confirmed that a jackal was behind it.
""We are monitoring the situation. These jackals have become aggressive because the rains have flooded their hiding places, forcing them out. Also, it is their mating period, during which they tend to be more aggressive. We are keeping a close watch on them.""
Meanwhile, Pilibhit's MP Jitin Prasada also spoke to the locals about the incident over the phone.","success(trafilatura, resolved_via_decode, 1891 chars)"
"Wild boars attack UP farmer, chew his genital - The Times of India",2018-05-18,UP,,Wild Boar,Human Injury,0.0,1.0,0.0,A farmer was injured in a wild boar attack.,0.98,single_incident,,The Times of India,https://news.google.com/rss/articles/CBMivwFBVV95cUxPMDVJM3RMRG5acHZzQVJLb2owb0p2eVpGU2VaSEFZeXN1ckswajJ4NjEwaUNXTHdyYWlDZXJKdXNwTHYwQVhUT0VuMjhCaXVmZkVyWTVHWEJKNlJ2Y3hnanVWYTQ3ZmdYR0pWTlc1cFl6RExFWEFKeXlxTjU2bWNCcElxX1ZyMlpaV09TdHN5WG51Ykw3U1JVRDVTeHZRUmR4amFTdXhuNUZpTHJWeXRNZTNWMEdtU3RhRkY3ZDQ5MNIBxAFBVV95cUxNLWV3Ylo2Y3A3Z2RiSnc5YUlaXzB4c3VSZkU2aHR3QXVZN3NybzJZLUt5TVlRT2gtNTVBM1VvQ01RRkJiUUV4Z3ZUSW1ObXpRWnFQQWdrZzNCanRUdTBJV3JMQXh5NzUzYUNKbm8tb0VvOEVzMF9kOVQwbEU5RlcyZElhNkQ2QVRsR2gyQkhIdUl0OUtDaEJ5ak5JMU9IbDNzcVZWdGprNm9pOWowRkQzdEsxcWhvWFZvc295MkJhWThYMkxz?oc=5,,,"SHAHJAHANPUR: In a bizarre incident, a group of wild boars attacked a couple of farmers in Shahjahanpur’s Lalpur area on Wednesday night and chewed the private parts of one of them while injuring the other.
 The victim, Ram Manohar, 55, had gone to answer nature’s call in a sugarcane field when a fully-grown adult wild boar suddenly emerged from bushes and attacked him.
 Local residents rushed to him after hearing his shrieks and rescued him as they drove the animal away with sticks. 
 Manohar, parts of whose thigh and private parts were chewed by the boar, was taken to the local community health centre from where he was referred to the district hospital.
 In the meanwhile, the group of wild boars rushed out of the cane field and injured another villager, identified as Ram Sahay, who was sitting outside his house.
 Panic gripped the area where villagers kept vigil throughout the night with stick and torches.
 Dr 
Sandeep Verma
, superintendent of health centre, said, “The injuries on the victim’s private parts were serious. Hence, we referred him to the district hospital.”
 Balhar Singh, a local farmer, told TOI, “Wild boars are a huge menace for us as they are fond of sugarcane and often destroy our entire crop. It is extremely difficult to take them out of the field if they come in a herd. There are no carnivores in the adjacent forest area and this is why their population is increasing day by day.”
 Divisional forest officer Manoj Khare said, “It is an unfortunate incident, but there is nothing much we can do to control wild boars and nilgais. We can provide permission to shoot wild boars if someone asks for it; however, there is no provision of providing any compensation to the victim by forest department.”
 Boar attacks on humans have been documented since the Stone Age, with one of the oldest depictions being a cave painting in Bhimbetaka in Madhya Pradesh. 
 A 2012 study compiling recorded attacks from 1825–2012 found accounts of 665 human victims of both wild boars and feral pigs, with the majority (19%) of attacks in the animal’s native range occurring in India. Attacks on humans are rare, but can be serious, resulting in multiple penetrating injuries to the lower part of the body. The animal typically attacks by charging and pointing its tusks towards the intended victim, with most injuries occurring on the thigh region.
Read this story in Marathi","success(trafilatura, resolved_via_decode, 2399 chars)"
Wolf attacks in Uttar Pradesh | Terror before sundown - The Hindu,2025-12-19,UP,,Wolf,Human Injury,0.0,0.0,0.0,Wolf attacks causing fear in the region.,0.5,single_incident,,The Hindu,https://news.google.com/rss/articles/CBMiwgFBVV95cUxNRGRrSi11YW5QMzI0Uk96S21Ebnk4R3JlTGRhbE8xMzZIN09Jb0ljeVdITU1oS0VpaDRVTjVjTXowZWwtZHV1V3JkbFBWZkpKYkNiZVREaXJhRGNSNU9nZzBuZzlUMHEzUEtEUjh2b2NaaFBvM19CNTM5NGE3UGxWWVNzZlVyLVgwOUlvRV9QV2tlaXZldzZGQkVXczBNYlRLZ0ZzdDd3Y2dCa1drVGVJUV9BaksySUl1M1ZZeU5IUi1DUdIByAFBVV95cUxOZUsxZnNoVDh4eFBmSExweENPaHZxTnNVVEFOYmV5bWk1dHo1MWEzSm1xcjNETHR0emlGRG5MQ2lWWjh4MlZrZXNkZXpQWmJ2azA2a1M2dXRucXhYaENaeXFBWnJ6MjVjcjBwMVVKeXdKbXp1MVZSZHlVSnY0ckNCWXptNm9xcHQ2ajdmalE5bVNiOHI3dkwyRDRxUEpOa2cwWVhHcTBXeDQ0NTI0Y2UtMmJOeTZ6bmx5RUZ3a0VMUjBBcVZIaThNaw?oc=5,,,"It was a sunny winter afternoon in Mallahan Purwa village in Uttar Pradesh’s Bahraich district, which shares its border with Nepal. Over an hour was left for sunset, when a four-year-old boy, Star, went to the nearby playground. Barely a few metres away, his grandmother Devmani was chatting with her neighbours. The buffaloes were in their shed and the dogs were playfully chasing each other on the road. Bikes were honking at a distance and the tractors whirring. Suddenly, a scream broke the momentum. And Star was gone.
“Bhediya use kheech ke ganne ke khet le gaya aur uske dono haath kha gaya (The wolf dragged him away to the sugarcane fields around 3-4 km away and bit off both his arms,” recalls Priyanka, Star’s mother. By the time, the villagers found him, both his arms were gone, his body soaked in blood. Priyanka says there were at least 32 bite marks on his chest. The child, profusely bleeding, was taken to the nearest hospital – 50 km away – from where the doctors referred him to Lucknow. He died before reaching the State capital 130 km away.
Star, who breathed his last on November 28, is among the 11 who were killed allegedly by wolves in Bahraich since September 9. The victims include nine children, between two months and four years, and an elderly couple, both over 75 years. Over 30 people have been injured.
Her son’s last words echo in Priyanka’s ears whenever she lifts a glass to drink water. All he had asked for was water before closing his eyes out of pain, she says.
“We had named him Star because he really was one,” says Deepak Kumar, the child’s uncle who works as a JCB driver along with Star’s father in Karnataka. “Even at his age, he knew everyone and everything – PM, CM, phone numbers, addresses... You just needed to ask him and he would answer within seconds. We never thought that our brightest star will have such a tragic end,” the uncle adds.
Kumar, who had come home to attend his nephew’s cremation, has now decided to stay back in the village as he is afraid of leaving his two children (one is three years old, the other 15 months) alone until the killer wolves are trapped. However, Star’s father went back to work, because he can’t afford to quit his job.
Fear grips the villages
Even before the residents of Mallahan Purwa came to terms with Star’s death, another child was allegedly picked up by a wolf and killed on December 7. This time it was two-month-old Subhash. While Star was attacked in daylight, Subhash was taken away at night from his home.
“I was sleeping on the veranda and Subhash was inside the only pucca room with his mother,” recalls Mangla, the baby’s grandmother. “The room didn’t have a door,” she explains, adding, “I felt some movement and before I could jump out of bed, I saw a wolf taking away the baby in its mouth. I yelled for help and ran towards it but by then, it had vanished into the dark.” After a frantic search through the night, all they found in the morning was a bit of the child’s skull and his green pants.
Kiran, Subhash’s mother, wanted to perform the last rites of her child with the only part of the body they had, but the police is currently conducting a post-mortem on it. She has sent her four-year-old daughter away to live with her maternal grandparents, out of fear of the wolves.
The family barely manages two meals a day. Six among the nine members either sleep in the open or in huts. These are now guarded by eight policemen, deployed to ensure their safety. The police team is also creating awareness among villagers about staying safe. “We are asking everyone to keep children indoors, and if they do step out, to always have an adult with them,” says Subhash Singh, one of the constables of the patrolling team.
In the fields though, where a police van is parked, children play alone. Their parents, daily wage labourers, are unable to keep an eye on them at all times.
Operation Bhediya 2.0
This is not the first time that Bahraich has faced wolf attacks. Last year, between March and October, animal attacks had claimed the lives of seven children and left 18 people injured in Mahasi area, some 40 km from Mallahan Purwa. This had forced the Forest Department to launch Operation Bhediya (wolf in Hindi) towards the latter half of 2024. A pack of six wolves were identified by experts as the attackers.
In a mission that lasted several weeks, forest officials placed camera traps with soft toys soaked in children’s urine to create a false sense of human presence. They also left goats as prey in sugarcane fields. Five of the six wolves were caught and sent to a zoo.
This year, after Chief Minister Yogi Adityanath declared that animals identified to have attacked or killed children should not be spared, shoot at sight orders were passed in case authorities failed to catch them.
This year, six wolves have been killed so far, says R.S. Yadav, District Forest Officer (DFO), who, with his team, is combing the banks of the Ghaghra river, near Bhirgu Purwa village, 10 km from Mallahan Purwa. Here, the wolves had killed 80-year-old Cheddan and his wife Manakia, 75, when the couple was sleeping on the porch of their home on September 29.
“We can sense a behavioural change in the wolves who have become smarter, fearless, and more cautious. They are not getting caught in camera traps any longer nor are they visible through drone surveillance,” says Yadav. “The earlier attacks happened at night; now, they can take place at any time,” he adds. He points towards a pugmark, saying it was a wolf’s. The forest rangers, drone handlers, and villagers rush to the spot to catch the glimpse.
Wolves are an endangered species and categorised as a Schedule-I animal under the Wildlife Protection Act, 1972. Apart from U.P., wolves are majorly found in States like Maharashtra, Gujarat, Rajasthan, Jharkhand, Chhattisgarh, Karnataka, with a small population in Odisha and Madhya Pradesh as well. “We have just around 3,000 wolves in India. Bahraich is a great habitat for this animal because the district is situated on the Ghaghara river floodplains and surrounded by dense grasslands, which provides water and natural prey,” says Semmaran Muthuramalingam, conservator of the Devipatan forest circle.
He says environmental factors like floods and course changes in rivers besides man-made factors have drastically changed the landscape. This has led to a shortage of prey for wolves. “Now the wolves turn towards the villages for their prey. The tall sugarcane fields, situated barely a few kilometres from the river, are now hiding spots for wolves.”
“We are using the latest techniques to trap the alleged killer wolves but the difference in their behaviour is making it difficult for us,” said a Forest Department officer who is a part of combing team.
The officer adds that the Forest Department has written a letter to the Wildlife Institute of India (WII) in Dehradun, Uttarakhand, requesting the institution to conduct a “seeing survey” and “habitat study” of the area so that the human-animal conflict can be minimised.
According to reports, prior to 2025 and 2024, wolves attacks made headlines in U.P. in 2002, 1996-97 and even in the late 1980s.
In 1997, after a spate of wolf attacks the previous year, Yadvendradev Jhala and Dinesh Kumar Sharma, wildlife scientists and conservationists from the WII, had published a study titled ‘Child lifting by wolves in India’. It detailed that 75 children were attacked by wolves in 50 villages in eastern U.P. between March 17 and October 15, 1996. The study found that the frequency of attacks was one every third day while a child was killed every fifth day. The average distance between consecutive attack sites was 13.28 km and the total area where attacks occurred covered 1,390 sq. km. The victims were between four months and nine years.
Salvador Lyngdoh, a scientist from WII, says Bahraich and nearby regions not just have wolves but other animals like leopards, hyenas, jackals and feral dogs. “I haven’t been at the spot but after studying the behaviour of wolves for years, I can say the animal in question is shy and cautious and quite afraid of humans. If it is wolves that are attacking humans, there has to be a reason for it and the same must be investigated to rule out other species,” he says.
Studies done in past also found that many areas where wolf attacks took place had more vulnerable children than domestic livestock or wild prey. Most killings were related to some form of neglect by the parents and most of the victims belonged to the poor section of society. Over 50% of them had only their mother to look after them, says Satish Kumar, chairperson and professor of the Department of Wildlife Science, Aligarh Muslim University.
Satish feels that even if the attacking animal is a wolf, it is likely to be a lone wolf and not a pack. “This was one of the observations that I recorded during my past visits to places where reports of wolf attacks came from U.P., both in 1996 and in 2002. Had it been a pack of wolves, the bodies would not have been found in one piece. Also, for a pack, the attacks would have been very frequent, as each animal would get only a limited amount of meat,” he says.
There are also those who doubt if the animals attacking the village residents are wolves at all. A Forest Department officer says the poverty in this region is so acute that people may claim these are wolves but they could, in fact, be any other animal. The Uttar Pradesh government has announced ₹5 lakh for every death by wolf attack while the injured get ₹50,000.
Homes without doors
Nankau, a forest watcher in Mallahan Purwa, is doing double duty these days. He is helped by the villagers who burn crackers at night to keep wolves away. As most homes lack toilets, women are advised not to venture out to relieve themselves in the dark.
“Peeche lambanbaa;muhbaranbaa (Their back is long and face big),” details Baadi Devi, who claims to have seen the wolves many times. The last time she saw one was early one morning when it attacked Anushka, 5, on the veranda of her home, where the family was sleeping. She narrowly escaped death after her mother attacked the animal with a stick. The child still has scratches on her back and a wound on the chest.
Kiran does not wish to get into the nitty-gritty of what killed her two-month-old son. All she knows is that children are getting killed and that needs to be to stopped. “Save our children from whatever is killing them,” she says.
Edited by Sunalini Mathew
Published - December 19, 2025 05:18 am IST","success(trafilatura, resolved_via_decode, 10556 chars)"
J-K: Wildlife Department grants Rs 2 lakhs compensation to bear attack victim in Udhampur - ANI News,2025-06-14,Jammu & Kashmir,Udhampur,Asiatic Black Bear,Human Injury,0.0,1.0,0.0,A bear attack victim received compensation.,0.9,single_incident,,ANI News,https://news.google.com/rss/articles/CBMi5wFBVV95cUxObVRybjR3cTdmWUVUMmNSX3VPckxKeDV0NU9TbURxNkhPbm5JaC1QdzNqMTN6QUVQc2ltZXNzNXdCeXlSR2ZhRU4xSm5RTVFpYmotQk5kSlNuRUF0VDI0NlF1N0xZbnF2V1dFQWZ5ZmhILXItSDdMcGVxcDRZdUg5ai0teTU0UmJZLThVRzMxajFoUVBHUjRwX2JYOTQ4VkJvU3FKLVdQVzdTYl9NYnBuM0E5U2xCRHc2bGYtc1dYbVlZcTdzUGRhbmpEd0czaTNCQXhQLXF4YnlfS094dXVLdlRoV3hVMG8?oc=5,,,"Udhampur (Jammu and Kashmir) [India], June 14 (ANI): In a compassionate gesture, the Wildlife Division of Udhampur, under the Department of Wildlife Protection, Jammu and Kashmir, handed over a compensation cheque of Rs 2 lakhs to the family of Ganesh Kumar, a resident of Sarar Bup in Udhampur district, who was severely injured in a sudden bear attack earlier this year. 
The victim, Ganesh Kumar, sustained grievous injuries during the unexpected encounter with the wild animal but is now reported to be in stable condition and recovering. 
The compensation was formally handed over to his wife, Babli Devi, by Vijay Kumar, Wildlife Warden of the Jammu Division, during a formal event held on Saturday.
Recalling the incident, Babli Devi said, ""The bear attack happened on November 22, 2024, due to which my husband was severely injured. Even now, he cannot work. The department has given us Rs 2 lakh. 
Speaking on the occasion, Wildlife Warden Jammu Division Vijay Kumar highlighted that the Jammu Wildlife Division covers four districts and has recorded six cases of human-wildlife conflict in the year 2024. Fortunately, no fatalities were reported, but the department has disbursed a total of Rs 4.50 lakhs as compensation to victims of wild animal attacks. 
Vijay Kumar said, ""As far as human-wildlife conflict is concerned, we take care of four districts. Local people get injured. Under the Jammu wildlife division, last year, there were six cases. There have been no death cases. We have given compensation of four and a half lakhs. For minor injuries, we have given Rs 25,000 compensation. In Udhampur, we have given compensation to four people.""
The latest compensation of Rs 2 lakhs was granted to Ganesh Kumar, who suffered serious injuries in the bear attack in the Sarar area. The timely financial aid aims to support his medical treatment and recovery.
The Department of Wildlife Protection continues to monitor such incidents closely and ensures prompt assistance to affected individuals under its compensation scheme for wildlife conflict victims.  (ANI)","success(trafilatura, resolved_via_decode, 2075 chars)"
"Tiger kills woman in Champawat district, body recovered - The Times of India",2017-04-26,Uttarakhand,Champawat,Tiger,Human Death,0.0,0.0,1.0,A woman was killed by a tiger.,0.95,single_incident,,The Times of India,https://news.google.com/rss/articles/CBMiyAFBVV95cUxNNlllSmo2OHdTb1Y4Wk5ZZGotcWVMakFQMklyUHI0RHBCS1h0V0hIN21uZHZFREREUlNEZVdCazkzVHdya0Nnak9JTEhHa1ZSaktOTmktc01xdFA5YVE1cE9WcE9BR2tMZWM4NUhfX2pPZThnN3RlTjlxeDRRX2N5bTJTaXRCRXBOOUd0MHFfaFJsY3duUktWOEptaFRkd1NJN2lBdmVIVVdsRHNPWTRya3VzZWVFOUY2Q3Z2Zmh0TDZfenBOMHNwNdIBzgFBVV95cUxPZHA3ei1BTEt4NW8zU3QwdS1zV0g0M2kzRlgyZkhJQVJGeUtJMVFsOWlrNUJXckdNbXhLc0lJMUkzR0tPc3N3S3RVc0lYdzZEU05WRzNnYWR5cEExQ1ptVHA5NGZhMzdzcVoyM3VVTWo5STF1WUF3aWJ2eXk3V3VHZTRrT1RtNGstcXBPMmcyLXBueFhkSHRCbmdaZVVZY0lKS1J5OTFRa19zbVNLRW9uM3JJbExiWkI4UkJqdnZvOEFkYkZhREFqRmtuWDBQZw?oc=5,,,"NAINITAL: In yet another incident of human-wildlife conflict, a woman was killed by a tiger in Tanakpur of Champawat district on Monday. 
The half-eaten body of the victim was found in the forest close to populated area. Parag Madhukar Dhakate, conservator of western circle, Kumaon, said, ""We have placed two capture cages and deployed more than 25 staff on patrolling in the area.
An advisory has also been issued to the residents to avoid visiting forest areas."" 
 When Radha Devi (45), who had gone to collect fodder for cattle near Diyura forest in Aambagh area in Tanakpur, did not returned home at her usual time, her kin and villagers started searching for her, only to find the half-eaten body of the woman. 
Last month, Bhagwati (33), a resident of Kadirabad village in Bailpadav forest range, had gone to collect fodder in the forest in the vicinity of Dabka bridge near Corbett Tiger Reserve, when a tiger attacked her. Her companions ran for their lives and within 30 minutes locals reached the spot with canes, rods and drums to scare the animal away to give woman a chance for survival.
The move backfired as the tiger attacked Lakhpat (52), a relative of the woman, and dragged him into the forest.
 In October 2016, bringing to end a search operation that cost nearly Rs 1 crore and lasted for almost 40 days, an elusive man eating tigress was shot dead by a forest department shooter in Gorakhpur village.
 A helicopter, drones and a team of 150 personnel, including five shooters and more than 100 camera traps, were deployed to track the tigress, which evaded the trap using a vast expanse of sugarcane and other standing crops.
 Later, named as 'Sugarcane Tigress', the animal had become a nightmare for people of the region, leaving the department on tenterhooks. The tigress had killed at least two people and left four injured.","success(trafilatura, resolved_via_decode, 1851 chars)"
"Caught On Cam: Bear Attacks Man At Kashmir Golf Course, Official Says 'Playing Dead Saved Him' - ETV Bharat",2026-06-27,Jammu & Kashmir,,Asiatic Black Bear,Human Injury,0.0,1.0,0.0,A man was attacked by a bear at a golf course.,0.9,single_incident,,ETV Bharat,https://news.google.com/rss/articles/CBMi1wFBVV95cUxQTHdXajFmQ1FJek1sZnRqak9kSFk2Z0Z4dEJtX1BMRU82SkFfRU1fcHZfZ2twZS02dEZuX2Y4Z1VCREdDeTVIZC1jZnY0QmVLenBvb2dXdWd0ZHF0XzlKTnRPckUyRWd6UmZtb0tINU1UNl9tQkZBY1F2SmlJaVRLdkNCR01aMHJYY203Nmc4dlVCajRFMGpxR1RCMTRqOHZvSmVFS0ZyUGpjX1Q3NUtfc215cUkyd2g5V1RfaGpRMGl5RGdKRzdSWVczUWoxS2h3UGlBUnBhMNIB3AFBVV95cUxQOWQwbVMwR0d2MTZjMDlfdnpRY0xzZGNTSm9jdTdmN1l6M3RBenhxQUFDLVcxOWt6N1lRUEU3U09qUWF0NTJ2eGNjQkd2MGdIQmxLdDFzZUVtWTlzazJILUxHSkFRd3lpMjZ1eTdSQkluNFF5SDdRUGVVeUJpalVIZDZaZFJqN3ctMDF4R0VSeUNVcndZODJoNTFPVUh4ZEdkZnV6WjlweER6bzhVMHdBS3BVN2lWekFYZWRCZGhrQ3ItN0RicWpFSDBSVC1kQ0o4RHBQdE5aQmJ2cDEt?oc=5,,,"Caught On Cam: Bear Attacks Man At Kashmir Golf Course, Official Says 'Playing Dead Saved Him'
CCTV footage shows a massive black bear attacking a man, who retreats in fear and shock.
Srinagar: A casual labourer was injured after being attacked by a black bear while on night duty at the Royal Springs Golf Course in Srinagar, prompting the Wildlife Department to intensify efforts to capture the animal.
The incident took place during the intervening night of June 24 and 25 when Ajaz Ahmad, a resident of Tral in south Kashmir's Pulwama district, was at the main gate of the golf course.
According to officials at the Royal Springs Golf Course (RSGC), the bear suddenly emerged and attacked Ahmad, leaving him with minor injuries.
""Ajaz Ahmad was performing his night duty at the gate when the bear attacked him. Realising the danger, he immediately lay flat on his stomach. Some passersby heard his cries for help and rushed to the spot. The commotion and the presence of people forced the bear to retreat into the nearby forest,"" a golf course official said, adding, ""Playing dead saved him from fatal injuries.""
Ahmad was shifted to a hospital for treatment soon after the attack. Doctors treated his injuries and later discharged him as they were not serious.
CCTV footage of the attack shows the bear lunging at Ajaz, who retreats in fear and shock, while dropping the stick he has in his hand. The bear then tries to maul him but luckily backs off and runs away after a few seconds.
The attack has triggered a search operation by the Wildlife Department. Officials said a rescue team has been stationed at the golf course for the last three days and multiple cage traps have been installed to rescue the bear. However, the animal has remained elusive.
Wildlife officials said trapping a bear is often a time-consuming exercise, particularly in areas that have natural forest cover and abundant food sources.
They said the golf course lies along the foothills of the Zabarwan range and shares a boundary with the forest landscape connected to Dachigam National Park, making the movement of wild animals into the area a recurring phenomenon.
The Wildlife Department has advised staff and visitors to remain alert, especially during the early morning and late evening hours when bears are most active.
Bear sightings at the RSGC have become increasingly common over the years.
In September 2024, a video showing two bear cubs calmly walking across one of the course's fairways went viral on social media. The footage also showed golfers continuing their game without panic as the cubs wandered through the sprawling course overlooking Dal Lake.
The latest attack has also revived memories of another prolonged wildlife operation in Srinagar.
In December last year, a black bear kept residents on edge for nearly 11 days after repeatedly appearing in some of the city's busiest localities, including the National Institute of Technology Srinagar, Kashmir University, SKIMS Soura and several residential neighbourhoods.
The animal was finally captured near Nigeen Lake after wildlife teams, assisted by Srinagar Police, carried out continuous surveillance and installed specially designed cage traps.
The Golf Course itself has long been associated with debates over wildlife conservation.
The 18-hole course was developed on land that once formed part of the Salim Ali National Park, also known as the City Forest National Park. Situated on the foothills of the Zabarwan mountains, the forest supported a rich variety of wildlife, including the critically endangered hangul, Himalayan black bears, leopards and dozens of bird species.
In 1998, the then Jammu and Kashmir government decided to convert the protected area into an international-standard golf course. Large numbers of trees were felled, slopes were levelled and renowned American golf course architect Robert Trent Jones Jr. was brought in to design the facility.
The Royal Springs Golf Course was commissioned in 2001. Conservationists had then expressed concern that the project would fragment wildlife habitat and displace animals that had traditionally occupied the area.
Wildlife experts say occasional movement of bears through the golf course reflects the close proximity of human activity to natural wildlife corridors around the Zabarwan hills and Dachigam landscape.
Officials said rescue operations will continue until the bear is safely rescued and relocated. They have appealed to the public to avoid venturing into isolated areas around the golf course after dark.
Read More:","success(trafilatura, resolved_via_decode, 4556 chars)"
"Man Injured in Bear Attack in South Kashmir, Hospitalised - Kashmir Life",2026-09-10,Jammu & Kashmir,South Kashmir,Asiatic Black Bear,Human Injury,0.0,1.0,0.0,A man was hospitalized following a bear attack.,0.9,single_incident,,Kashmir Life,https://news.google.com/rss/articles/CBMikgFBVV95cUxQQkdpVlIxVy02VXRweXRzX3JibzJRVDdaSHZPWldHZ2hfN1FQV200aFpIcU4wdEZOUG1NQVNQUTFjeENvdWh5cENFU0VqVVZ4akszV2x5cnc5NzJWemFKaEc3bzdGVzJYV1RUY2JyTzVBMEhqamVYa1AyNWhhZDFFVks1a09WV1V2dHkyeHlPQzV4UQ?oc=5,,,"SRINAGAR: A 65-year-old man was injured after being attacked by a wild bear near his native Chowgam village in the Shangus area of south Kashmir’s Anantnag district on Thursday, reports said.

The injured man was identified as Ghulam Hassan Magray, son of Habibullah Magray, a resident of Chowgam.

According to reports, Magray was outside when the bear suddenly appeared and attacked him, leaving him injured.

Following the incident, local residents rushed to the spot and shifted him to Sub-District Hospital (SDH) Shangus for treatment. His condition was stated to be stable.

Further details about the incident were not immediately available.","success(newspaper3k, resolved_via_decode, 647 chars)"
"Leopard Attacks, Kills Minor Girl in South Kashmir - Kashmir Life",2025-12-17,Jammu & Kashmir,South Kashmir,Leopard,Human Death,0.0,0.0,1.0,A minor girl was killed by a leopard.,0.95,single_incident,,Kashmir Life,https://news.google.com/rss/articles/CBMiiAFBVV95cUxPMTBJN2RYMXZnWmdqQXVndndpZlNzdElLWGZaeWh4RkF3ZDdQcGdCQXBwd3hVLTlKZUhpNGRmeUZiM1VvajF5RldTeExwbzBTdE9ORUJmeWczdl9hdWF0bjlfOFd1VG1DYzlVN1p4V2c2MGo3WU83di1NZ2NfTzVOQ0RTODlGZWlV?oc=5,,,"SRINAGAR: A leopard attacked and killed a minor girl in the Khiram Sirigufwara area of south Kashmir’s Anantnag district on Wednesday evening, officials said.
According to reports, the wild animal attacked the girl in the locality, killing her on the spot. She was identified as the daughter of Riyaz Ahmad Paswal, a resident of Khiram Gujjar Basti Galan in the Sirigufwara area.
The incident has triggered panic and fear among local residents. Soon after the attack, locals alerted the authorities, following which teams from the Wildlife Department rushed to the spot to assess the situation.
Further details are awaited. (KNC)","success(trafilatura, resolved_via_decode, 629 chars)"
Uttarakhand: Leopard kills 2 young girls in Chamoli district | India News - Hindustan Times,2015-07-02,Uttarakhand,Chamoli,Leopard,Human Death,0.0,0.0,2.0,Leopard killed two young girls in Chamoli district.,0.98,single_incident,,Hindustan Times,https://news.google.com/rss/articles/CBMiygFBVV95cUxNVlpUOXE2c1ZDWklUcm96Y3o0dFAxRkhWOWNNSnV6QmhadGpJVHJkdW50MjZobHk1U0t0dGFIOHp2SlRJN2tFRVB2WGEyTklIOHJ4M3J5MFFUMHg2d3VWVk1DOGwyVGx2VlpHNEJIYXY2c0k0dkV0d3pYdVUxc0h0YUh4QzBNdjlneW9VVkdSeXhxaDdfZVdPR2tpWW4zcE1pNU4wcm5ZTmZxSFR4X01vdGlraXhMVFVjTmswYXVoUVM2NjJWYUpRWXln0gHPAUFVX3lxTFB1Q3A3eUU1TnZoWUJIdmFySVFfTTlUNFdDejlpNVpFSHZkQmdnV2dlQ3RSZGdWbzVMWWdheUVtRXBwRmpJWE1jbm1jLTM5cjkzb0VYUUZoU0N0WGtXNlpZbkFaRmRLM0I3WGZHU19pSlVVelhJcWJZZG9ZMHM3ZHRfWC03NV9LdS01cVNGY2ZfamZOalhoTTBOZjB0THVDX3BUNVFETXNTaFNnSzNTcDdXbDBzNHpDbE9PWjJaMy1ZVURUb0ZQSUtYZTVzckwyWQ?oc=5,,,"Uttarakhand: Leopard kills 2 young girls in Chamoli district
A leopard killed two young girls late on Wednesday in Uttarakhand’s Chamoli district, sending shockwaves among terrified local villagers amid increasing man-animal conflict in the hill state due to breakneck industrialisation and burgeoning population pressure.
Laxmi, 14, was found dead by her mother inside a cowshed around 2 kilometres from her village of Partha while the body of her sister, nine-year-old Kavita, was discovered in a nearby jungle, just outside the shed where they had gone to feed domestic animals.
When they didn’t come back till 7pm, the mother went in search of the girls and heard the leopard roar.
""She ran towards the cowshed and was horrified to see the dead body of her elder daughter lying in the cowshed,” said Narendra Singh, a relative.
Since its creation in 2000, Uttarakhand has lost 257 people to leopard attacks with a shrinking prey base and human encroachment on its habitat triggering a spike in man-animal conflict, most of which are reported from areas on the edges of forest reserves.
The state has one of the highest leopard populations in the country at 2,335 and the big cats have already killed at least 10 people this year.
But the latest attack has officials worried since this part of the district hadn’t seen such an attack in the past five years, causing panic among residents who are dependent on the local forests for their daily chores and livelihood.
""A cage has already been installed at the strategic point and a team of experts has also been dispatched,"" said NN Pandey, district forest officer of the Badrinath forest division. Officials could only reach the area early on Thursday due to heavy rain in the area.
Residents in three well-populated villages nearby are now scared for their lives as the area is covered in thick forests.
""The village Sagwara is very close to the cowshed where the leopard killed the two sisters,"" state Congress committee secretary Sushil Rawat told HT.
""Now that two precious lives are lost, the beast should be declared a man eater and either be caught or killed to relieve the people of the panic,"" Babita Bisht, Sagwara village chief said. Since 2000, 141 leopards have been declared man-eaters, out of which 32 have been killed.
The attack comes barely a week after a man-eating leopard was shot dead in Pauri district after it killed two people.","success(trafilatura, resolved_via_decode, 2404 chars)"
8-year-old boy killed in leopard attack in Pune’s Junnar; 4th human casualty since Oct - The Times of India,2025-12-16,,,Leopard,Human Death,0.0,0.0,1.0,Leopard killed an 8-year-old boy in Pune's Junnar.,0.98,single_incident,,The Times of India,https://news.google.com/rss/articles/CBMi7AFBVV95cUxOZVJJOGFfaXg5VjF5SVhpSTVuNVUxQ09KcExnV0U1c29Ybnk2YlFOeVF6WHpISnpVQkV5emhkWVc2ZG5FWHkyTjRhd0pFQjZON0U4MG5mbm1IMHJTdkNjMktBRnB3MUxvY0t0aHJ4bm1mY1hXN2NNa0t6YW9rU0lQM3ZPUkpnbkthZmVUYUFBamNySUxrYk1rMXlwSGhILUJtQU1QRG9ORHdjcnQ5Y0xCSVlBUUNPN2xIcFZsd01qd19QX1pCYS1JVVoxQlhwX2dCUGxYRjZESHZMQm9lNV9CVVBrcE1rbVVlc1NKWNIB8gFBVV95cUxPNUhPa2toLTVhank5RWlydkFoUTVTQ3BDNkFJV25pMlNtS1N5UEVSX0l3ejJzdWJ1dVZSWTBsRmxvYVU5Q2NfbnowOUU4S05qVnNsVFg0VFJCdllsZlJxeVNFZTA1eERjd0pvN0lKZXZLOHVCdWZOM1Vrd3VDVFgwWkVyOHNZMEk5bEJmX21qV1I4cG03OWpxbU0tSG44TXhaQllTS2xEREEzakx0VG9tWEFuNmJGQ2dTTXVGS0hER181TGJOZ3lucEVQSGJFTEdiaGdPb2lwM3RsNmpZQmxHTHhuNXY4YUtqamxtV0E1QnA3QQ?oc=5,,,"Pune: An eight-year-old boy died in a leopard attack at Pargaon village in Junnar tehsil, about 110 km from Pune, on Monday morning. This was the fourth human casualty in leopard attacks in the Junnar forest division since Oct.
Forest officials said the leopard leapt out of a sugar cane farm, attacked Rohit Babu Kapre and dragged him into a nearby field. An official said Rohit was playing in a field and his parents were working in a nearby onion farm when the animal attacked him, an official said.
Rohit's father, Babu, had come from Roha tehsil in Raigad district to Junnar with his family three months ago in search of work. ""On hearing his screams, we ran towards the field and chased the animal into a sugar cane field. We found Rohit in the field with marks of several injuries around his neck. He was dead by then,"" Babu said.
""I had come to Junnar in search of work in farms. I had no idea that leopard attacks were frequent in this area. It was a mistake to bring my family to Junnar,"" he said.
Forest officials said Pargaon is located 6km from Pimparkhed village in neighbouring Shirur tehsil, where three people — two of them children — were killed in leopard attacks since Oct. 
""We are in the process of seeking permission from the office of the principal chief conservator of forest in Nagpur to kill the leopard,?"" said a senior official of the Junnar forest division.
Assistant conservator of forest (Junnar) Smita Rajhans told TOI, ""We have captured 25 leopards in the past six weeks at Pimparkhed and other villages. We suspect that a new leopard might have found a territory in the village. In such a situation, the animal usually struggles to find food and water sources and becomes aggressive.""
During a spot visit on Monday, forest officials found pugmarks of a male leopard. ""We activated trap cameras and placed 12 trap cages at vantage locations in the village to capture the animal,"" said Rajhans.
Monday's incident sparked anger among villagers, who blamed the Junnar forest division and local politicians for their ""hollow promises"" after the three fatalities at Pimparkhed. ""Apart from capturing some leopards from the villages, the authorities have not done anything substantial. Leopard sightings and attacks continue to be frequent,"" said Kiran Gajare, a resident of Jambut village, close to Pargaon.","success(trafilatura, resolved_via_decode, 2336 chars)"
"Uttarakhand: 5-year-old leopard that killed villager, livestock shot dead in Gajald | India News - Hindustan Times",2025-12-11,Uttarakhand,,Leopard,Retaliation Against Wildlife,0.0,0.0,0.0,A leopard was shot dead after killing a villager and livestock.,0.95,single_incident,,Hindustan Times,https://news.google.com/rss/articles/CBMi3AFBVV95cUxNbGpyZEdhNU1tcnNtZXZ1UE94TzZTLTZfQnJaRklYTnNhNk1IdlVPNlVDMm11THdsbm00bjl6QVhUUHBSVTVHYXNOU2c4d0VrNVpWRXVfdFBxWHFfenV6V3p0NUdqWWR6VkdHYnlmam13aTdnTTdBR0ZkVzQ4N2M5MDRmX0UxU3ludG4zMUxtS3FjY1JYNHAwanFETmk2ZDA2SnZTMjFZQ2lIdXB0dk5yLW1TMDNFNTUyVUJ3US1RNHU0RkZ1emdkcUFBS1BRQzR1bS00YlBGcWN3b1V20gHiAUFVX3lxTE9wOTRLYWROaTFpanlHaDBWZmF2NGhKaldDV1RBaHkzMVhXM2l1TjdkLTRZdk9RbE1oNTVFV3VFcTJWYTVUZUJiel80TE02Z3NGUUVfeDhGcXhia0d5ajZtdnMxQkNfMlFQa2U2dnRLTEhQY2VpSkRIUkU2aFYxRXo3OGE2N3plNFBoS0MyR2Q0c1p2aldJMnlkOEFnb2JpcUNVaWQzMElvN3piVzNraXRJZF81Ym1TOXRiTjlmdEhUZzEtd0hXZ0pnS0l2YzJiMjRLLW55MnI5SklfcTNsbm5SRFE?oc=5,,,"Uttarakhand: 5-year-old leopard that killed villager, livestock shot dead in Gajald
Pauri divisional forest officer said that the female leopard was tracked using camera traps, pug marks and drone surveillance before being shot by sharpshooter
Haridwar: A female leopard that had terrorised villagers in Pauri Garhwal over the past week, killing a 45-year-old man and livestock, was shot dead late Wednesday night near Gajald village in the Satyakhal area of Uttarakhand.
Forest department officials said on Thursday that the big cat was eliminated during a coordinated operation involving department personnel and two specialist shooters after the leopard was linked to multiple attacks, including the killing of a villager earlier this week.
Pauri divisional forest officer (DFO) Abhimanyu Singh said the five-year-old female leopard was tracked using camera traps, pug marks and drone surveillance before being shot by sharpshooter Joy Hukil.
“Two forest department shooters were already deployed in the area, and they were assisted by two specialist hunters, Joy Hukil and Ramesh Chandra Barthwal. The leopard was shot late Wednesday after continuous tracking,” DFO Singh said.
“Postmortem is underway, and DNA samples are being collected. Prima facie, camera trap images and pug marks confirm that this is the same leopard that killed 45-year-old villager Rajendra Nautiyal in Gajald village on the morning of December 4,” said DFO Singh.
Forest patrol teams will remain stationed in Gajald and neighbouring villages until the situation stabilises, Singh added.
A dedicated tranquillising team has been deployed in Phoolansain village under the Jaiharikhal block of the Lansdowne forest division after villagers reported sightings of a tiger in the area over the past few days.
Residents of Siroli village too reported multiple leopard sightings in recent days. “Two days ago, a leopard attacked a cow and a calf here. A few of us managed to scare it away, but people are frightened. A goat was also attacked near the village’s natural water source. Forest personnel have been stationed in and around the village, and bushes are being cleared by forest staff, panchayat workers and villagers,” said 62-year-old resident Rajendra Singh Negi.
Pauri Garhwal district magistrate Swati S Bhadauria said round-the-clock monitoring has been intensified across all leopard-affected areas. “We are providing fodder to villagers so they do not have to venture into forest zones, especially in areas where leopard activity is high,” she said.
Forest teams across the district are equipped with fox lights, ANIDER devices, drones and tranquilliser guns in high-risk blocks including Pokhra, Rikhnikhal, Jaiharikhal, Thalisain, Yamkeshwar, Pabo, Kot and Duggada.
- Neeraj Santoshi is the Chief of Bureau for Hindustan Times in Uttarakhand, where he leads the state reporting team while covering government, politics, environment, wildlife, Uttarakhand High Court, and issues shaping the Himalayan region. With more than two decades in journalism across conflict zones, he has covered politically sensitive regions and environmentally fragile landscapes, and focused on stories that combine public interest with in-depth storytelling. An alumnus of Pune University with a Master’s in Communication Studies, he has reported extensively from Jammu & Kashmir (2003-2010), Madhya Pradesh (2010 to 2018 ) and Uttarakhand (Since 2018), covering subjects ranging from insurgency, elections and governance to wildlife conservation, mining, climate change, agriculture, human rights and social justice. He has covered politics and legislative assemblies of both Jammu & Kashmir and Madhya Pradesh over more than a decade. Before taking over as Chief of Bureau in Uttarakhand, he served as Special Correspondent with Hindustan Times in Madhya Pradesh and earlier reported for both Hindustan Times and The Indian Express in Jammu & Kashmir, where he covered state politics, environment and insurgency-related developments. Over the years, his stories have focused on environmental degradation, wildlife, illegal mining, governance and the changing social fabric of Himalayan states and Central India. He is particularly interested in long-form explanatory journalism, and stories that explore the intersection of ecology, conservation, governance and society. Outside the newsroom, Neeraj enjoys reading widely on neuroscience, consciousness studies, Artificial Intelligence and quantum physics, with a special interest in Kashmiri Tantric Shaivist traditions. He is also passionate about wildlife, mountaineering and the Himalayas, interests that continue to inform his reporting and deepen his understanding of the region he covers.Read More","success(trafilatura, resolved_via_decode, 4723 chars)"
South Kashmir: 8-Year-Old Boy Injured in Leopard Attack - Kashmir Life,2025-09-29,Jammu & Kashmir,,Leopard,Human Injury,0.0,1.0,0.0,An 8-year-old boy was injured in a leopard attack.,0.98,single_incident,,Kashmir Life,https://news.google.com/rss/articles/CBMijwFBVV95cUxQS3B3SGROWTBxeklKOE1CeldIcXNETnJwMkRRVTY4WWNBaUo1eXBRRjBKVE5tNy1SY0V3ZjZEU2JRUHNhWkdGcjQ5ZFJGQ0sydURnR0tlWndmdEtnZlV6VG8zWEtZdjRXZW1pdU5PQXhTV3FZQnd1SVdxU0NTOXVzQjBpMzZCSUt3TkpnM045QQ?oc=5,,,"SRINAGAR: An eight-year-old boy sustained injuries on Monday evening after being attacked by a leopard in Chetragam area of south Kashmir’s Shopian district, officials and locals said.

The victim, identified as Rehan Suhail of Kashwa locality in Chetragam, was reportedly riding his bicycle around 7 p.m. when the wild animal pounced on him. Alert villagers rushed to his aid and managed to drive the leopard away, rescuing the boy from further harm.

“He was suddenly attacked, and it was a terrifying moment. We rushed immediately, making noise and throwing stones to scare the animal off. Thankfully, the boy was pulled to safety,” a local resident said.

Rehan was rushed to the Sub-District Hospital Zainapora, where doctors provided first aid before referring him to Government Medical College (GMC) Anantnag for specialised treatment. His condition was reported to be stable, though he sustained multiple injuries.

A Wildlife official said the attack reflects an increasing number of leopard sightings in parts of Shopian, particularly in areas close to forests and orchards. “We urge people to remain vigilant, especially during evenings. Parents should ensure children are not left unattended in vulnerable areas,” he said.

Locals in Chetragam said leopards have been spotted in their orchards and fields several times in recent weeks, creating fear among villagers. “These incidents are becoming more frequent. Authorities must intensify patrols and take measures to trap or relocate the animals,” a villager remarked. [KNT]","success(newspaper3k, resolved_via_decode, 1537 chars)"
Woman injured in leopard attack while working in field in J-K's Doda - ANI News,2025-04-26,Jammu & Kashmir,Doda,Leopard,Human Injury,0.0,1.0,0.0,A woman was injured in a leopard attack while working in the field.,0.98,single_incident,,ANI News,https://news.google.com/rss/articles/CBMiywFBVV95cUxOTk1WU3VVZmVqYTBVYkpUY3N5Nk54dUtXdE8xZ0RSM3YtQ3BWX0phNzJlV3k4dW9FcjlhdXpuU19uUFJFZUFqbVdFWnJMNjM4TEZVZF9hTnoxYU5kSkxYM0QzYmZMYnkxMUJNY0M5SnBlUmVWVDUxeFFucU1HdlZZTjh1azJKZFhjRXByRUMwTFpZX1h0UjNRc2JJV3dKN25XbGlLY1hjUHJ0akt3aF85blZGRTNlZlB5RmZhNktJYlA3anc5WE43Ym95aw?oc=5,,,"Doda (Jammu and Kashmir) [India], April 26 (ANI): A woman was injured after being attacked by a leopard while working in a field with her husband in Jammu and Kashmir's (J-K) Doda district, officials said on Saturday. 
The incident occurred in Rajgarh area of the district on Friday. 
The victim, Salima Begum, wife of Abdul Rasheed and a resident of Chuchatter, sustained multiple injuries, including superficial cuts, during the attack. 
She was immediately rushed to the Government Medical College (GMC) in Doda, where she received medical attention. According to Dr Salman, the Chief Medical Officer (CMO) at GMC, Begum is in stable condition. 
""She is stable and under treatment as of now. She had some superficial cuts, and hence all the needful things have been done,"" said CMO Salman. 
Earlier in March, forest officials at the Chinnaswamy Gounder Estate in the Onapalayam area of Tamil Nadu's Coimbatore successfully captured a leopard which had attacked four goats. According to an official release from the Coimbatore Forest Department, the incident occurred early in the morning on March 10, when the leopard entered the estate on Siruvani Road and took away the goats.
Upon investigation, forest officials found footprints. Following orders from the Chief Forest Conservator, the Field Director of Anamalai Tiger Reserve, and the District Forest Officer, a trap was set up at the site and monitored using an automatic camera.
The leopard was located in a newly built house in the Poochiyar Bhupathi Raja Nagar area of Onapalayam on the night of March 10 at around 11:35 pm.
Forest department personnel, along with the Anamalai Tiger Reserve Forest Veterinarian, carefully monitored the leopard's movements and successfully captured it using a trap net before securing it in a cage.
The Coimbatore Forest Department confirmed the successful capture and assured the public of continued vigilance in ensuring the safety of wildlife and resolving human-animal conflicts.
Meanwhile, in a similar incident of human-animal interaction, a leopard entered a wedding ceremony at MM Lawn on Budheshwar Ring Road in the Para police station area in Uttar Pradesh's Lucknow, an official said. (ANI)","success(trafilatura, resolved_via_decode, 2197 chars)"
"16 sheep killed, 17 injured in leopard attack in Budgam - thekashmirimages.com",2026-09-10,Jammu & Kashmir,Budgam,Leopard,Livestock Attack,16.0,0.0,0.0,Leopard killed 16 sheep and injured 17 in Budgam.,0.98,single_incident,,thekashmirimages.com,https://news.google.com/rss/articles/CBMimwFBVV95cUxObDNjUGY5VG5OSnVBQUY1TWkwZ21sU1d1WHJ1T1JnTGhqQmtscFhoSTRmaXRQajNfM0hFd3dRTmU2amltS1RGaF9ON0lmR2t3QVZCME13ZHlGTGZlQ3NJdmpoSVQ0MjROakFHM0R5MDhtczlVTTEzcE92YjQxaWtSZXZSUnk1RHkweG5QeEo0bHNMaDRYcDNleTlhTQ?oc=5,,,"Budgam: Sixteen sheep were killed and 17 others injured after a leopard attacked a flock in the Chadoora area of Budgam district during the intervening night of Wednesday and Thursday.
Imtiyaz Ahmad Chopan, owner of the flock, told the news agency—Kashmir News Observer (KNO) that he believed a leopard had attacked his sheep, though the animal’s identity is yet to be confirmed.
He said the animal entered the livestock enclosure in Badipora village of Chadoora during the night and attacked the flock. “We depend on livestock for our livelihood, and the incident has caused significant financial losses for us,” he said.
Chopan appealed to the government and concerned departments to provide immediate assistance and compensation for the loss of livestock.
Meanwhile, locals also urged the Wildlife Department to inspect the site and take necessary measures to prevent further attacks in the area.—(KNO)","success(trafilatura, resolved_via_decode, 905 chars)"
J&K: Leopard attacks CRPF cop in Kashmir camp - The Times of India,2025-12-29,Jammu & Kashmir,,Leopard,Human Injury,0.0,1.0,0.0,A CRPF cop was injured in a leopard attack at a camp.,0.98,single_incident,,The Times of India,https://news.google.com/rss/articles/CBMisAFBVV95cUxOS2VGeVF2cEhiWVRhZmdYcklINk4zOXNydnJ5cWFqclFpLVVIcE9uMU1qYU9IOWJBcEdmZDhFWHlGeHlPS2FtZVBxY0FNdGZuSjcwdVFqdXVZS3BpTXlVVi1SUW1OR05HOGNrSGpNWGlDZDdOekpETS1feFpZWE9iVlFBM1g2TWtkTzVlVVpqcThiaktBeUdUU2lYMThlbnhrZjlBeEt1aXpNd3RJbXFJNdIBtgFBVV95cUxPRjcxTmpfd0sxMnlwRlFHSzhfdXJpVldqbjlKTC1Sbm1YOVJyLVMtMVB3eDJEYy1oakNJd1F3WVhFSS1WREc4dU5UbDNaLUhBejA2bzZ5Sm91dl9qN3RndmJlenBvT2Z1VHd3SURGTGFKLUFrVzI5R211MmJYVGQ2d0ltOFpFamxUaDBuZXRTODQtaUxMU18ybnBCMHFjRnlIUENtNmcwbDZHZTN4Zy1hMlFGZFAwQQ?oc=5,,,"SRINAGAR: A CRPF head constable was injured after a leopard sneaked into a paramilitary camp in south Kashmir’s Anantnag district and attacked him while personnel were having breakfast in the mess. The big cat then fled into a nearby forested area.
The injured jawan was rushed to a nearby medical facility, where he is reported to be out of danger.
The incident comes amid a surge in leopard and bear sightings across Kashmir in recent weeks. On December 17, a leopard attacked and killed a five-year-old girl after she stepped out of her house in a village in south Kashmir.
Forest minister Javed Rana said the government is drawing up a comprehensive plan to curb the rising incidents of wild animal attacks.","success(trafilatura, resolved_via_decode, 711 chars)"
"Leopard enters CRPF camp in J&K’s Anantnag, trooper injured - thehawk.in",2025-12-24,Jammu & Kashmir,Anantnag,Leopard,Human Injury,0.0,1.0,0.0,A trooper was injured in a leopard attack at a CRPF camp.,0.98,single_incident,,thehawk.in,https://news.google.com/rss/articles/CBMilAFBVV95cUxNYkpETDk1VHZSMEp2dGtGWHNUeDBNdVFpcEpjNEpqRW9yWDE1OVpPdHd3MXFhNUlOWnJyOW9sTUtGSEI4MXlsa183dUdYOGtfbWwtelFFVE9adHVqTkVjYkpwSHlDa0NOMldvTFl6NUZRUmFHaGR4RzU3RlFsdUJ6UDhWMDg0cjVmN3RTdWtPYUtOcVNM?oc=5,,,"Srinagar, Dec 24 (IANS) A leopard entered the CRPF camp on Wednesday in Jammu and Kashmir’s Anantnag district and injured a trooper inside the camp.
Officials said that a leopard entered the Kapran CRPF camp in the district, creating panic and chaos there.
“Head constable, Kamleshwar Kumar, was injured in the leopard attack. He was given first aid at the local primary health centre, and his condition is stable. He is back in the camp,” the officials said.
Wildlife protection department field staff have been called in to relocate the leopard safely.
Recently, a leopard attacked a flock of sheep, killing at least seven and injuring many others in a village in North Kashmir's Sopore. The incident triggered fear among the villagers, who appealed to the Wildlife Department to deploy teams and set up cages to capture the leopard before it caused further damage. A team from the Wildlife Department launched a hunt to track and capture the wild animal.
In September, an eight-year-old boy sustained injuries after being attacked by a leopard in the Chetragam area of South Kashmir’s Shopian district.
Human-wildlife conflict (HWC) incidents have alarmingly increased in the Valley during the last decade. Frequent incidents of wild animals like bears and leopards devouring livestock by entering villages, attacking a child or causing an injury to the villagers come to light here.
The HWC refers to the negative interactions between humans and wild animals, with undesirable consequences both for people and their resources on the one hand, and wildlife and their habitats on the other. The conflict caused by competition for natural resources between humans and wildlife influences human food security and the well-being of humans and other animals.
In many regions, the number of these conflicts has increased in recent decades as a result of human population growth and the transformation of land use. HWC is a serious global threat to sustainable development, food security and conservation in urban and rural landscapes alike.
In general, the consequences of HWC include: crop destruction, reduced agricultural productivity, competition for grazing lands and water supply, livestock predation, injury and death to humans, damage to infrastructure, and increased risk of disease transmission among wildlife and livestock.
At the national level, collaboration between forestry, wildlife, agriculture, livestock and other relevant sectors is key.
--IANS
sq/dpb","success(trafilatura, resolved_via_decode, 2468 chars)"
"Leopard Kills Man, Injures Five Others In Himachal Pradesh; Succumbs After Being Attacked By Villagers - ETV Bharat",2025-12-24,Himachal Pradesh,,Leopard,Human Death,0.0,5.0,1.0,Leopard killed a man and injured five others in Himachal Pradesh.,0.98,single_incident,,ETV Bharat,https://news.google.com/rss/articles/CBMi5AFBVV95cUxOZXVGMkJ6Nkdrd1hCeXRKbXo3dmxZOFpkVVZpcjhzNmlEOVR4cW5jQ29vQ0JDSVJ3S1Ztc0hYYl9UWWJRLURzbGVYVHZ3U3ZhbDlPVEpOZHdSb3JrN3dJTF9tUmw3U21TZXFZVGhhR0ZJSXZ0QkRadFd5dkZJNTRxOGhoZU1yNktwUHdXcHV5R0EtY3J1VnYzTlRvYnlBZFFrdk15elNYWkpYNWFvTmY0Z2hSNjdISmJjdGh5T09ncjFKYkROSFR3YVRRVFFFYUtkdXRZbS1NRHpvNmRPOU53amZhNy3SAeoBQVVfeXFMTUdBYWFLQzk2d1JwSkVEWVZadW9ib3JKS09Jb1J0ZVdFQjR5Z25nN1l0YTByNkY5ME1sd1VyMjVXNkVuSWQ0ekFSbG43S2tYYk9lTUNoTFRHbzJicWNPV3kxbU9SYy0yTzZNdXFIQlE1T1VoX1M0d2VOdC1TZ1NGMTZ2dm5IUzkwaElRUVdTMUg4TVRBX3REcXNOOHNaZUlhbUt6TjhWREF1TFdWMHlkZTcxbTl6R3F1aWF6dnU5RFhRU01CUGpzaVcxamZVdDh6VVpFTVN4aFRrX1Y2MlY4bXl6aVJXdmdweWtB?oc=5,,,"Leopard Kills Man, Injures Five Others In Himachal Pradesh; Succumbs After Being Attacked By Villagers
Balveer Singh (40), who came to visit his relative in Malwana village, had gone outdoors to relieve himself when he was killed in leopard attack.
Mandi: A villager was killed and five others, including two women, were injured after a leopard attacked them in Himachal Pradesh's Mandi district on Wednesday, an official said. Armed with sticks and sickles, panic-stricken villagers later attacked the leopard, which succumbed to injuries.
According to forest officials, an atmosphere of fear had been created in three villages, Chandiyal, Bhandiyal, and Malwana, in Balh valley of the district as the leopard was attacking whoever it encountered. The villagers were terrorised and in order to defend themselves, they came out of their houses and together attacked the leopard with sticks, sickles, and sharp-edged weapons. The attack resulted in the leopard's death.
Forest officials have identified the victim as Balveer Singh (40), a resident of Bhuili, who had come to his relative's house in Malwana village. Officials said Balveer had gone outdoors to relieve himself when he encountered the leopard, which attacked him, and he sustained severe injuries on his neck. Balveer died on the spot, they added.
The injured have been identified as Sahib Singh, a native of Bihar, and Dinanath, Champa Devi, Janit, and Rekha Devi, who were all residents of Bhandiyal and Malwana villages. The injured were taken to Medical College Nerchowk, where they are currently undergoing treatment.
Following the incident, police and forest department teams reached the spot and sent the body for post-mortem. The forest team will also send the leopard carcass for post-mortem.
Balh Sub-Divisional Magistrate Smritika Negi said one person died and five others were injured in leopard attack. The administration is providing immediate relief to the family of the deceased and the injured. Forest department and police teams reached the spot immediately after receiving the information, and an investigation into the entire incident is underway.
Balh MLA Inder Singh Gandhi visited the hospital and inquired about the condition of the injured. He expressed deep sorrow and assured all possible assistance to the affected families.
Also Read","success(trafilatura, resolved_via_decode, 2326 chars)"
"Leopard kills 5-yr-old girl in Shirur village, 3rd such death in Pune district since April - The Times of India",2025-10-13,,,Leopard,Human Death,0.0,0.0,1.0,Leopard killed a 5-year-old girl in Shirur village.,0.98,single_incident,,The Times of India,https://news.google.com/rss/articles/CBMi8wFBVV95cUxPa0cyV2licE1Xek1UOEVIaTV4bWJwa1VyTGlRZXpqbzk4cGFSMHh3SVd0Ulp5TGVzajk0U1lkQTQ4NzloajBGNzVGS3Z3VVVfSXNRTlJKanBwQUw4V3NtWnRHdjZkYmZINEI0NFZwZFA2M294LWtCVENQTXVCLV9sSG1USEZuRkx3aDY2THVZQ1BiYVBFSFlyWUJRbnNVREdTVEV1NjBkTEFOMTJ4a205NGZ6eXlldTVvYUZLbnVFa1NSNGxQcW8wV0ZuRXBYUTdmSVBxalNSamktNWcxZWR4NzZDVVg4ZVRsQ1JxZTRDc3BHYlXSAfgBQVVfeXFMUGNPTE5LWV9BUmJZZFpnZEhteU90WVAwbDQ2bWVwVEstc2Z0ZFZTS3ZyLTRKVlg0WHFlemRqQm1UYVBpcnBDcWtMRmhfREFlekJIbGJhcDc5eHQtVXhSVXozR0d3R01faTFhbDhzTWUtREg2WndpSHFvQWhMTzZIaDQxT21HNWtVZm9LUGZPNm9uVk9Pd2tnNS1oTlJsU21TYlNaa2FoaDd4QXc0Z0pWMkl6bXJvTUFXN2RzZkhQR19taHQ4c1JaTzZqUTRyY3dhcmphUWI0bzJQRXRxdmxxR0JyQXR0R3YzLU1xMlFyZUR4T1BuZ0wwaDQ?oc=5,,,"Pune: A leopard hiding in a sugar cane field killed a five-year-old girl who was on her way to give water to her grandfather working in a farm 300 metres from their house at 10am in Pimparkhed village at Shirur taluka, about 75 km from Pune, on Sunday.
The girl, Shivanya Nilesh Bombe, sustained severe injuries to her neck and hand. She was rushed to the Manchar Civil Hospital, where doctors declared her dead on arrival.
Her uncle, Ganesh Bombe, told reporters: ""Shivanya's grandfather, Arun, witnessed the attack. He tried to save her, but the leopard had already inflicted serious injuries before disappearing into the fields.""
The girl's parents are farmers. They have another daughter younger to Shivanya. Family members said they had spotted leopards in the area before and their dog was attacked around two weeks ago.
This was the second death in a leopard attack in Shirur and the third in Pune district, this year.
Earlier, on Sept 24, a six-year-old boy studying outside his house was killed by a leopard in Chincholi village, Junnar. In April, an 85-year-old woman sleeping outdoors because of the scorching heat was mauled to death in Shirur's Inamgaon. 
That apart, two people were injured in leopard attacks in the district, this year.
In the fiscal year 2024-25, Pune district had reported nine deaths and nine injuries in leopard attacks.
A senior forest official said leopards frequent Pimparkhed village and its surroundings. At least three deaths in leopard attacks have been reported in Pimparkhed and nearby Jambut village in the past. ""We have set up a base camp near Pimparkhed for swift response. Additionally, three cages have been installed in the area to capture the big cats,"" forest assistant conservator Smita Rajhans told TOI.
Meanwhile, the area where the incident occurred on Sunday is surrounded by sugar cane fields, making it prone to leopard activity. Rajhans said forest authorities would install 10 more cages and trap cameras in the village to catch the big cat.
Former Lok Sabha MP of Shirur Shivajirao Adhalrao Patil visited the hospital to meet the family. He said leopard attacks are frequent in the region and demanded a long-term solution. ""Sterilisation of leopards is the only viable solution, but no concrete steps have been taken so far,"" he added.","success(trafilatura, resolved_via_decode, 2300 chars)"
"Five-year-old boy, elderly woman killed in separate leopard attacks in Uttarakhand - newindianexpress.com",2026-02-04,Uttarakhand,,Leopard,Human Death,0.0,0.0,2.0,Two human casualties reported from leopard attacks in Uttarakhand.,0.98,aggregate_period_total,,newindianexpress.com,https://news.google.com/rss/articles/CBMizAFBVV95cUxNc1p6WDE0dGE3ejV2SDNBZDY4Y2U5eHpUamJRQ29jdFFhdXJhZHRlbENLZmtDbF9kdHdWZ2F1YktJdzlZdFhzYVZ5LTBXUjlpampKWDM2SENIWUdjaC1wa3ZMNFFxeGoxdmpNV1Vib0VUcnU2b3hUUTlkZHBsdEtwMUg5UEpjemJVd05yYzh0NXN2QnJqelNqSVloRUp4NEZTTzI0VlA4ejNGUS1xZkF2NlFISnYzV3Z3QmVISnVLUnIycmZyYnh0Ul9lWFfSAdoBQVVfeXFMTk9qQmxPeDhvdWo3Z3lSbzJqMXRHZHRXdmlScUZBakVfc1diRmhBaUJZcnNmRlBSdVgtZGVDaURDay0tazYzSHpzYXp0OWdRRnBLVmtVN1ZlcXhJWnJuQl91MF8xVlhnNlJ5VmhLVE1vOGs5TTZhUWVZSW5fZGxxV3ZzX3d2X3o2bE5vbWkweXZDbUJYaS12ZmRvdUsxenZPY1haaW80dG93bUlVb0NwLU9yMTdnbWZydDFMb0dOMVc5aGpST0RfRzNXZ0hqTmMyQkRYV2xuR2lvYmc?oc=5,,,"RUDRAPRAYAG/NAINITAL: A 5-year-old boy and an elderly woman were killed in separate leopard attack incidents in Uttarakhand, police said on Wednesday.
In Sindravani village of Rudraprayag district, a leopard snatched a child playing in his courtyard on Tuesday afternoon and dragged him into the forest.
Upon receiving the information, teams from the district administration and the forest department reached the spot and launched a search for the child.
Rudraprayag Sub-Divisional Magistrate Sohan Singh Saini, who led the search operation, said that seven teams conducted a continuous search, after which the child's mutilated body was recovered from the forest at 11 pm.
The child was identified as Daksh Bisht, and the body was sent for post-mortem.
Saini said that in view of the potential threat from the leopard, cages will be set up at various locations and a forest department team will continuously patrol the area.
Meanwhile, the Rudraprayag district administration has declared a holiday for the next two days in eight schools in the area for the safety of the children.
In another incident, a 60-year-old woman was killed in a leopard attack in the Juna Estate area of Bhimtal in Nainital district.
Officials said that Ganga Devi had gone to the forest to collect fodder for her cattle on Monday, but did not return till late evening.
Following this, the villagers started searching for her.
The woman's body was recovered from deep inside the forest on Tuesday morning, bearing clear signs of a leopard attack, officials said.
The villagers alleged that leopard activity has been observed in the area for quite some time, but the forest department has not yet taken any concrete steps to catch it.
They demanded that cages be set up in the area.
Nathuwakhan Forest Range Officer Vijay Bhatt said that as soon as the information about the incident was received, teams from the forest department and the police reached the spot.
He said that patrolling has been intensified in the area and efforts are being made to catch the leopard.","success(trafilatura, resolved_via_decode, 2046 chars)"
Forest Dept Shooter Kills 'Man-Eating' Leopard In Uttarakhand Village - ETV Bharat,2025-12-11,Uttarakhand,,Leopard,Retaliation Against Wildlife,0.0,0.0,0.0,A leopard was killed by forest department as a retaliation measure in Uttarakhand.,0.95,single_incident,,ETV Bharat,https://news.google.com/rss/articles/CBMiuAFBVV95cUxPWXEzUHV3aWt4QXZpMHZMRjdxR2RieHA2VjVQMmNBb3lLc3VpSDVGV0l5NjhOOGRWTk54SGxxWGh1bl9QNnh3V0dVQ2VKSG0tZTJ2Z19TeHpjaDNYVXRGM2REZ21mejNjLW5HS2xMNHFoYlNWdThZSk1FY3Z1N3BOeEVDME40OTJSdHdTbHppbEtBcWhOaEVsUldNbk42VzF5bWtsZUFpR09GRV94STRDMXpkd3VSQTVT0gG-AUFVX3lxTFBYRmE2bXRkWWtMVkRCTV9WUUMyY3JaY3JRcEJaYjYxZ0kxZm5IcVRIcW4yTWVpclV1c2F4elRYVXZNSGZKTTJoVXBjelNtdW5EZmpJdndWMkJWZ1NvYzIxOHk3RGtRSkwxZ0p1Qlc4ZmJxckNVRkxlTVFmTGtfOVNBbkNwS2VxWmJEN255WVdiNUI0dnYxUF9DNXpmMl8zV1loRTk1Y1llWDBGTmpBYjQyZFJRUWV6aFgxdjM4RHc?oc=5,,,"Forest Dept Shooter Kills 'Man-Eating' Leopard In Uttarakhand Village
The leopard was killed by shooter Joy Hukil and team giving a sigh of relief to villagers of Gajald who had been living in fear.
Pauri: Locals at Gajald village here on Wednesday heaved a sigh of relief after a shooter hired by the Forest Department shot dead a 'man-eating' leopard.
Pauri Forest Divisional Officer, Abhimanyu Singh confirmed that the female leopard around five years old, was killed by shooter Joy Hukil and his team on Wednesday night. The killed leopard is the same captured in the trap cameras installed in the area, Singh said. The leopard's carcass was later transported to the Nagdev Forest Range in Pauri for further proceedings. Singh said that a DNA sample of the killed leopard will be taken and tested to ascertain if it was the same leopard.
Villagers had been living under fear due to the terror caused by the leopard. Last Thursday, a 45-year-old man, Rajendra Nautiyal, was attacked and killed by a leopard at the village. Since then, leopard activity has been continuously observed in the area. On Wednesday, a leopard attacked a woman in the Chaubattakhal area leaving her grievously injured. Several domestic animals were also attacked by the big cat, causing widespread anger among the villagers. The villagers demanded that, in addition to the departmental shooters, a private shooter be immediately deployed to eliminate the man-eating leopard.
Amid the outrage, Chief Minister Pushkar Singh Dhami had directed the Forest Department to take action in this regard. The department hired the shooter and neutralised the big cat in a coordinated effort.
Following the twin attacks in the area, a team of senior officials led by Principal Secretary (Forest) R K Sudhanshu had visited the spot and met the affected villagers. (With agency inputs)
Read More:","success(trafilatura, resolved_via_decode, 1860 chars)"
"Woman killed in leopard attack, bear injures another in Uttarakhand - ThePrint",2025-12-26,Uttarakhand,,Leopard,Human Death,0.0,1.0,1.0,A woman was killed in a leopard attack while another person was injured by a bear in Uttarakhand.,0.98,single_incident,,ThePrint,https://news.google.com/rss/articles/CBMiowFBVV95cUxQbzFJQ2lyWGYwdGRFbkVGNGt0UElrM24ta2lFWmZZZmdhRC1UeTdENG1NQ3ZLaFNFUm8tOWxudlYwWGtqRzU2aHpjOWtzb2ZvUE1GWXZyNUF3S2hhVzNtWGtWU25WTG5ndVdGdlBMNFFOdS1jTzBKdnloVWxseVBGakF1Tk40NTJuc1lYbVpfc2VNZFJJeFFYS1ZtQXBKdFNsNFN30gGoAUFVX3lxTFBTR1pLQ09RcU1iVFk0bG1Jb0xSTU05NjEzNkMyeWJYMmh5RmdmS1NjQ3FBTnpCN1haNVluZDJqYXk1OEo0NV9VenNremJrLVJSZnM2NUtmaVA3QzJZMVZINkJqVTZkREtjMUlXbzFXeThpMGtsbmF5Sjl3S3k3bUQ3OEJTN3R1SUtVaGRXSjdyYXR4Wm9iU0N1bC1wY3REVU84cmJmV3ZXWQ?oc=5,,,"Nainital/Rudraprayag, Dec 26 (PTI) A woman was killed in a leopard attack in Nainital district of Uttarakhand on Friday, while in another incident in Rudraprayag district, a bear severely injured a woman.
In Nainital district, the incident occurred in Dini Talli Gram Panchayat in the morning when Hema Devi, 35, left her home for the forest to collect fodder for her cattle. A leopard, which was lying in ambush nearby, attacked her, officials said.
Villagers said that Devi had spotted the leopard earlier and started shouting and throwing stones at it, but the leopard still managed to grab her and drag her into the forest.
They said that the woman’s brother-in-law also raised an alarm and attacked the leopard with stones to save her, but the animal quickly dragged her away into the forest.
Upon receiving information about the incident, other members of the woman’s family also reached the spot and, along with the villagers, searched the forest, after which her body was recovered.
Nathuawakhan Forest Range Officer Vijay Bhatt said upon receiving the information, a team of forest personnel was dispatched immediately to the spot.
In another incident, a woman was injured after a bear attacked her in the Ukhimath area of Rudraprayag district.
On Thursday, Rachna Devi, 32, had gone to collect grass with two other women about 200 meters from her house when a bear suddenly attacked them, officials said.
However, the bear ran away after the other women raised an alarm, but Devi was severely injured in the attack.
Hearing the women’s screams, people from the surrounding area reached the spot and rushed Devi to a government hospital, from where she was taken to a higher health centre, they said.
Upon receiving information about the bear attack, a forest department team also arrived at the spot, officials said.
After learning about the incident, BJP MLA Asha Nautiyal from Kedarnath also visited the hospital to see the injured.
Nautiyal also instructed forest department officials to set up cages in the affected area to catch the bear. PTI DPT SHS
This report is auto-generated from PTI news service. ThePrint holds no responsibility for its content.","success(trafilatura, resolved_via_decode, 2168 chars)"
Uttarakhand villagers detain officials after leopard kills man in Pauri Garhwal - Telegraph India,2026-03-11,Uttarakhand,,Leopard,Human Death,0.0,0.0,1.0,"A man was killed by a leopard, leading to villagers detaining officials.",0.98,single_incident,,Telegraph India,https://news.google.com/rss/articles/CBMizgFBVV95cUxQMl9PQjRXd2wtMmtGSTZWSDlBVHlGUWhZd0dWNl9PbFN2U0hPWm03ajhBTUMyMmlHTUg2N1EwdmpfdTB6MDhfanptSXpLend1NS1TQVB6WmlVdHYzOEhvUXRoT0p2WnlYYW5fbnZfVnlGbEZleUJLb0FmMzZ4WkJtQU9yOU5sZGNkWnp2d2RWaHNPR2pUZzE1a1RBeGFyNFYtX1RUd1NKUDJCT1NoT2lhc3JRVW5xbDRUcFA3UnZycDQ0b21pbTYxZ0lqUmNFZ9IB0wFBVV95cUxQSHVhcjNob2RXakZNQnlUQXZMQlppNG0zN3RncGpjd0FhSjU2S2ZPb2tXTmFZbHRET2t6T25TQmN3LXhxMDU2a29rY0FUZUVVQmJxalVwSVVldGs0VGZCSzBVd2llLTZoS21OYWN2XzMyLUNSc0hON2lzZDQ3aWZLTndlQnRZUy12SkI0U3NrT2RvaW5ZZ0ZHVDhDb1J2SzA2NzI2QktrampEMnRvUjVPeDNTb09sdDZRSGZZRHBrdHV6N2tVVjg4UEZiSjhyNVpKMzBJ?oc=5,,,,extraction_failed(page_fetch_failed after resolved_via_decode)
Maneater leopard shot dead in Rudraprayag - Garhwal Post,2025-06-13,Uttarakhand,,Leopard,Retaliation Against Wildlife,0.0,0.0,0.0,A maneater leopard was killed in Rudraprayag as a retaliation measure.,0.95,single_incident,,Garhwal Post,https://news.google.com/rss/articles/CBMic0FVX3lxTE5zZWp3QjdEWTM2ZXFRV2FJVWVDRFJMLWdnZTdlNDFqUzNMLVAxV0ltRkpDMjhMcURJWUpMQ01WUW9UcHRLTzhicDNPWEQ1NTdqM3FLUWN0X3VIUzV1alRMeU41MVdEdXJuNTlHTlJLVkZKT28?oc=5,,,"Garhwal Post Bureau
Rudraprayag, 11 Jun: The Forest Department has successfully neutralised a maneater leopard in Jakholi Block of Rudraprayag district, ending weeks of terror in the region. The big cat had attacked and killed three women in the past two months, the latest victim being a resident of Makhet-Ashram, who was fatally mauled while cooking at home last evening.
Following the tragic incident, widespread anger had erupted among villagers, who had threatened to lock up the Forest Department’s Jakheni office and stage a road blockade at Myali Bazaar today. However, the leopard was eliminated before the protest could begin.
At around 8 p.m. yesterday, the leopard attacked 65-year-old Rameshwari Devi in her home while she was preparing food, leaving her family in shock. The animal had previously killed two other women, Rupa Devi in Danda Chamsari on 30 May and Ishwari Devi in Deval village while she was cutting grass.
Outgoing Block Pramukh Pradeep Thapliyal highlighted that villagers had repeatedly raised concerns and even held the Divisional Forest Officer captive in frustration over the delayed action. While the local MLA had met with residents, no concrete steps had been taken previously to deal with the maneater leopard. With public patience wearing thin, the protest was meant to demand urgent intervention from authorities to rid Jakholi of the predator. The Forest Department’s action has now brought relief to the community.","success(trafilatura, resolved_via_decode, 1458 chars)"
Woman Mauled To Death By Tiger Near Her House In Uttarakhand: Police - NDTV,2025-12-06,Uttarakhand,,Tiger,Human Death,0.0,0.0,1.0,A woman was mauled to death by a tiger near her house in Uttarakhand.,0.98,single_incident,,NDTV,https://news.google.com/rss/articles/CBMiqwFBVV95cUxPWXliUXBlNHRRQi1HeHQ5VjZidVV1S0RGVHR1dC12blNQbHRVZ1R5U1hlT1VyMDNmb1A1dktGdTNhby1SVXhsc3RRdHg3TTFnZ1ZYZ1VTWW9xTFRrSjc2VTBISlJEaWFaNUk3aF9IWWU3UWZJTWtRa3ZjYkxXRTltU2hDbUdDalhOWjBPbmlwcjFnSm1CeFhGNTQwdUtrOWwzakYyem9WN2pfSWPSAbMBQVVfeXFMT3d2bG5rMkUzUTRuZy0tNlgwVkRfTWhaczJyMEM5QjJxWlhOdnp0RXFQNWd5aWVZMkJscFdMQWNVWEhvWnRuX0pfWF9mV1FTSnRyNXY3YmhUa3ZrQzZlUmVPdWtLbHZwdUxLcnMtSUV4MENvQzV3OHNuUDdwNnVzSXpRWWJYWUtXeVRqaFJUcFdIc0laR20xTVVyUFJHTDQ4ZUVmT09Yd3MwRVl0cnNNV1JNaVE?oc=5,,,,extraction_failed(page_fetch_failed after resolved_via_decode)
"16 sheep killed, 17 injured in leopard attack in J&K’s Budgam - Social News XYZ",2026-09-10,Jammu & Kashmir,Budgam,Leopard,Livestock Attack,16.0,17.0,0.0,Leopard attacked livestock in Budgam.,0.98,single_incident,,Social News XYZ,https://news.google.com/rss/articles/CBMingFBVV95cUxQTWxGZGprdWVqNUhWQk5QcTZTUi1rRkV6aFkzTTgzaDd2MjJvZExhTTJiZnNaVTZDcGtZUVk0T0tyLUJCS3J4cE5pbFFVblp3ODdoTk41VDVZV2xRajVaSWRidGRmaXBZY3hRYzFXT3QzRm5tLS11aWViUUlyZ2VnblZ4T0ZsYmpwUGwybXpvR2x5c0t6ZmJWS3NGWHFNZw?oc=5,,,"Srinagar, Sep 10 (SocialNews.XYZ) As many as 16 sheep were killed and 17 others injured in a purported leopard attack on a flock in J&K's Budgam district early on Thursday.
The flock was attacked in the Chadoora area of Budgam during the intervening night of Wednesday and Thursday.
The owner of the flock, Imtiyaz Ahmad Chopan, told some reporters that a leopard had attacked his sheep, though the animal’s identity is yet to be confirmed.
He said the animal entered the livestock enclosure in Badipora village of Chadoora during the night and attacked the flock.
""We depend on livestock for our livelihood, and the incident has caused significant financial losses for us,"" he said.
The flock owner appealed to the government and departments concerned to provide immediate assistance and compensation for the loss of livestock.
Meanwhile, locals also urged the Wildlife Department to inspect the site and take necessary measures to prevent further attacks in the area.
Wild predators like Asiatic black bears and leopards frequently enter human settlements in Jammu and Kashmir due to severe habitat loss, climate change, and dwindling food sources in the wild.
Between 2020 and mid-2025, Jammu and Kashmir recorded over 17,200 human-wildlife conflict incidents, resulting in more than 100 deaths and nearly 1,100 injuries. Asiatic black bears and leopards cause the majority of attacks, straying into villages, agricultural fields, and apple orchards.
The chief reasons for human-animal conflict in J&K are unplanned development, deforestation, and the conversion of buffer zones into residential areas or orchards, which shrink natural spaces.
Open garbage dumps, livestock, and abundant fruit in orchards near forest fringes attract predators repeatedly.
Irregular weather and shifting snowfall patterns reduce natural forage and water availability in higher elevations, forcing animals down into human habitations.
Source: IANS","success(trafilatura, resolved_via_decode, 1932 chars)"
Man Killed In Bear Attack In South Kashmir’s Kokernag - Kashmir Observer,2025-09-10,Jammu & Kashmir,,Asiatic Black Bear,Human Death,0.0,0.0,1.0,A man was killed in a bear attack in Kokernag.,0.98,single_incident,,Kashmir Observer,https://news.google.com/rss/articles/CBMilwFBVV95cUxNd1VJX0h4X190Z1J4cmIzRmRRdTdZLWVDX3NmQjZPYzZ0blVyRW1QMXFVMjYwY1BzTi1VX0JmRmF1WHozTy1iOWZIZXcwbGFnWEJtQnpxRDMwTzBYZHhFbTBkNjFCNldyd2d5amJHcVNlYUJlLW9hOWk0Y2NRcURJQkxDODA5ajhPVFBmYWlkNzNUZXUxQWZB?oc=5,,,"Representational Photo

Srinagar- A 28-year-old shepherd from Udhampur district was killed after being attacked by a bear in the Kharpath Larnoo forest area of Kokernag in South Kashmir’s Anantnag district on Wednesday.

ADVERTISEMENT

An official said the victim has been identified as Sadam Hussain Koshi, son of Ab Wahid Koshi, a resident of Majalta, Udhampur.

He was herding sheep when the wild animal attacked him around 3 PM, resulting in his on-spot death, reported news agency JKNS.

Officials said that the body was shifted to PHC Larnoo, where doctors declared him brought dead. After completion of medico-legal formalities, the body was handed over to his family for last rites.

Cognizance of the incident has been taken and further investigation started.","success(newspaper3k, resolved_via_decode, 768 chars)"
Woman Injured in Bear Attack in South Kashmir - Kashmir Life,2025-08-05,Jammu & Kashmir,,Asiatic Black Bear,Human Injury,0.0,1.0,0.0,A woman was injured in a bear attack in South Kashmir.,0.98,single_incident,,Kashmir Life,https://news.google.com/rss/articles/CBMigwFBVV95cUxNdVBFN3BUSFo3ZWFHZVlCTnA1WUlHOGV3ekZTYnZFSFBWVzNkWEswVmdlZ2Q1eUw3dkVUQTc3WTV3bk1WNjJrSVV6OUlTRFV6RC1OSmIyaUpleDZScndzWXZZWW5ZM2d2VndsVUNxVjg2ZjhSMElXcS11VFlJSU5KV0V4VQ?oc=5,,,"SRINAGAR: A woman sustained injuries after being attacked by a bear in Chinigam area of south Kashmir’s Kulgam district on Tuesday.

Officials said that the woman was initially shifted to Sub-District Hospital (SDH) Yaripora for treatment and was later referred to Government Medical College (GMC) Anantnag for advanced medical care.

Concerned police have been informed, and efforts are underway to trace and capture the wild animal, they added.

General Public of the area have been advised to stay alert while childrens are advised to stay indoors during evening hours. (KNC)","success(newspaper3k, resolved_via_decode, 578 chars)"
7 injured in wild boar attack in Poonch - Greater Kashmir,2025-01-25,Jammu & Kashmir,Poonch,Wild Boar,Human Injury,0.0,7.0,0.0,Wild boar attacked villagers in Poonch.,0.98,single_incident,,Greater Kashmir,https://news.google.com/rss/articles/CBMigwFBVV95cUxQWXp3MHFjS0xDVGN6M0pLWXNnM0lVR2xfT3FkcllIYnUxbXRQWmVPV0FsUzNLVmEtbXBqSmNyYWxuWWlPNHNzQXNzZmF1a1NLQWhKZWxQT3JwRktwTGRBWGlsS2tyZF8zQWQtZXRlWWNwNDRqNlJUZ3hWTzUweU5QN091RdIBhwFBVV95cUxPd1dGRVNTM1B6TFRVaHVNbzQ3V1U5YkYwR0pNbEdXaUVyak5DRXF5OTNLNEVMTzlsVW9zMVdwQ2hEUERnWWhzckRBWFp0STFtek5HTXJYOG1mY0FmUHVnRWVaQk51UndoaVBObk1wOUJBSUZWNmJ0eWFiSjQ2RmJBVTJWUG04Mk0?oc=5,,,"Poonch, Jan 25: At least seven persons received injuries on Saturday afternoon after they were attacked by wild boar in Mandi tehsil of Poonch district of Jammu and Kashmir, officials said.
Today around 1710 hrs an information received that in the area of Gali Pindi block Sathra one wild boar attacked on locals in which seven persons received minor injuries, the officials said.
They said the injured have been rushed to nearby health facility for treatment.
The wildlife officials have been called on to the village to catch the wild animal, officials said.","success(trafilatura, resolved_via_decode, 560 chars)"
Leopard Kills Nine-year-old Boy in North Kashmir - Kashmir Life,2026-06-08,Jammu & Kashmir,,Leopard,Human Death,0.0,0.0,1.0,Leopard killed a nine-year-old boy in North Kashmir.,0.98,single_incident,,Kashmir Life,https://news.google.com/rss/articles/CBMihwFBVV95cUxORUZmSlVRRGNiUGVCYThBZUM4azVwRGFyT00zcUZfN1pzaEdfRUU5SGg5aFpIVnFJalJDb3hSbjFEdkhld25aVGdjNW5GOXczOURLdXI4Si1fbGFISDlxdmhRb05PWFNPSFlJUURvYTR2WmExbUljYWxtRWRyRHMteDhXWFpjWTQ?oc=5,,,"(�/�XD��~1FAEh�
����=�.��JJg��|\��O����õ|��7�m���XMZWq�XT=,XU
�A��o�Dg��g\go����{6NP�,-����z��mr��ȯs{Y�'�}�u�g�/��wJ�l��?.G$�+����*���iUuA6)y�YD�q��UȪ�������hl��*bC""��>T{8����#'ʐ%����a�[�`9DN�e���)��էS]��*sYЂB���ut��E�L�Y�='��!hs�S�z����
e#�.'���9�$�禇6~/����D�3_)Q+���y��mzM�1�������_��4Nω*��!���DYb�؉�m���y3�*HL-�}��O���y�ډ�cJ'�6���c��?��W�:�����c8�ǐ���s����=��pB��1��BU;s����@)h�����$�?o<���O�vP@5P:��-�6���ds�pD�!iȉ��oL��>�������/�
��N��P�c���`���Y��a0��?��7=ؓ5�����""�+BUXS5A,����k#U��
��)3a����zx����1Wg�?1/l�^�2e��3�@)h
K�z)����+rmұ����iL�""U�Nic5�J�F��w�u�P����b?�>���C;
Ɨ�vf��z��z?���	Oϟr�r��n�`Xb���'�*K�p8,K㰮����ei�ˢ~����,�Yz�y�p��d9K�HEYWuQX����U�z��6��j�4��Z�UU�h��X��ys�R����b���b�c��O���) <1
T3��N��O�_Ozλ)i�c0p�����Mѻ��<��W��d�o5Y�S�X�>�qb^f�,g�����z���'��+ՏD���'ˏ�[b{��Z�ٻqu^�o��x�?4�|����Oh��2�m��V�:{c��V����И�y@���	O��
""����a�_Luv�tK78���}���Q��m�
��}ԣr�\m����N�Mzgg�~�({9[�l�k�K�t����,,[���Ύ�Y���u3��&���""I
�""$�aA�&I�ئ�Oᰠ#��O�U��H~>�N���IC��ۤ�$�
""�v���mr��aA�%qT�h%�%��\Z8�X�e�Fu����
F�GG|8��q= |Tt<.��V^��!�e��""P⸠Cґdb= �4A$���&��˂�ú.�h\��+u�3���6>&tH,8�XPҸ ���o�c q�HuA���
>$��6KUÂ��U%�`u]�,(JPUVG�낖>�q&�:�`�`�aA�w!��Ѱ��_'�Y����˽��&{���k|c��fɗ h��JV�C�R� h��_N�njqC��}��	��~-�l��G��k��%91q)�l���IO��4�yZ2Q�i����_N���QM�����.ѩ&I��4��Ʉ�X�M$�u5��rP��R�A9kH���_���$��vIʏ�z��e$����ǩT�έ���&+W�Q��du����#�E����Rʚϔ��R4�d2�`��үD��H�jH�m�`�R9�:i�RmΟ6}��,�I�32��Ƒ�xJ
�H16ׯ6�t��j��o���N�W�������]�kS%5V�I]�g���TS�Ucur��2V�K[�/��h����Z����Ʃ��4`����͆���Ò���nhh�``���u�:%�t�1#��""�
�����hT%�Q��}�JA�(�DQeA����Ǣ�2S��d�0��!AP���1��]�k������S��C���(H<�*�n�zx�Y�-2��C6e��,2E�]g���I˄a���^N~/�2%��Cy¨��B9�x�ɉ,�!\�M������Z�]��*ȓ�j���ǳ�ɾN��d���BلQ�r�64���A�_�tf8��e��j�禛Y=��wO!|�����ew�4.`�P�Hdr�/(�3w����9��ĺ��ዉ��A�y��b�l,��L�(���.\�	 �.���g4	���ȫ��}��yb�7)}�C������f��c>cГ��]����1�[�i�y{ڲzSk-�����������h�~�����z7�Kջ~��<��-	t�Ɲ� �U�1����=�\_N������\��9n��p�Z
]m�8o�S�_�x��)� x��Եy�X���l?�NL��d��N���%z���]g˧t^{�7V�f��0� ��D�8�P�|�y�|���@U����cz?��.&)c+����XO��MnP@��GK1�>�&����""$����IS�%�9e2�'Y��,�=ym���&k��#4��f{-���[@��$�-�-yfڳK�O�#�,{w�F;�
�p%�p%�p%�p%`�H���@U�Ei�[�j�ETAb���kK=�j�G�/&.H|%\@ O	��[��0���_T��0�Z|!yjz��/7;)���_�'��k�L���O�
_ċ{�ȭ�H$ģC�hףyL*��M$�$��,����,�M抽^��S~Ga۽�l��+�!�l�MbM""�CB""i����%�KtO��e��%���TdΏ��M�\����&m�sO�N�vuv:_m�l����}�o�d�8�Ƌ@""��;�p�sg��e���tY�}���Q$�
�CU9""V�f���6�O@`�Pm��Ox���� ��JPU�>QߓpIPU���15���lCg�G
k6���q��e�����吚���_���}l��FI��vf�u�$32Y�g�)@��u�?)It��-�5Y��z�g)c�]�v�Q���y99/ǉ0S6T�uD���cc��<%��7Ә�7#i�n����鍴�����1U�y�q""��Mʟ�8�o�`Jd�y�#���q5$�u���ʻn����.�1�_^Sê5�D�A�~��U� ��h��HS��*rMWc�1Y�U����4���T5V]����Ï���j�:���
��uZ]�uߔ�i<�j�R�$=.�,X9&����]Vú����/'�ys|��Ă����$3��牣""i-�_���� ���$��$VDM��U`���b�:Fe�lFg��nKꈎ�j��� a��m��uN�>��>��k�s��e��9����ks���g�]K}m_t4�k��R��s�R�̍?���unu����v-����}�e��Y�w+��
�ݏ����r?ӹUd�Z�xW�������J�֫T*2g�b�v4.ɂZΦ�buV�0xZ����f����5~�m��-�V��)�9�:�k�����?��BQM����%Z�@6�x���
�Խ�&h�4|�[�<�������ldt�e���Do��2.q�Ȱ���=�Ru֓�iJ]ojJ��9�������K�����	҃�SY��D������Q�uN��yʿ2ւ��J��=;i߄����qʿ�X2���W�l�Vc�<���j^�A�`�y��3(��^/��{�ll�|\�Y�K���y�!A�j� ��E""2���4i�yfE�Le^�S���*�)\%�N�}̠h�<�J�V8��&�J4DP�Wn��@Á�m�r�=���&�=�fl-p��>�>��y��3c-���Ix>�1�
{4~�O���y�{��rV��y��z	��{�~9~7O\�������/sS�h2w�����^�g���MUF�$�-}?��:OK�N-(x�k��]�?
>O�h�bQQD�f�n����aظ�_auf\�����pň%Y>a�CZ���x���c���P��G�t��be�0	�{;�xY2""X���7���UBep���""��b%nC��aS���	/,��.""p`�)�U��2�ڴ�=�v?�68�c�y�R���s�1��^�d�gw�t!�!���c��5�����Y	�bJ-��Tt�S��]
)(��E�uD�J�݇��\�5^|D���Uu{>)%��;Z�@��9�#ё.��Y�M!�~Ɵih�F����Δ?��
a������'h�L+V""��ß8Un�i<]��j�Y�K�qt���<%pф���g
BU�����ؽ鲉i����Yigy�\��O����ț#4�R�Z�=��ԩ�4��I�,c�������]'z��B*��""�'ǹ��<��0�a�4,�����2<�����C,,	�]���s��������پ3o���~9�b���(�$��k���Y���`#vv�*����+��D`�#j�~�е�P��t�j,�rR�fͱ�6�`ˏ��̓4p�-���bb�ڤ:�ɠ�×�""G�ὠ�z���!���O,d��i��8�U�������h�h�v��w�˰�y���J�ۥ���1��]m�c���ʐn��H{�:6]=�8'�=�#RȞ/l~B��a�gAG��R��$~�o9^�1��W��$�S�:]$ዜ��
mK""��JD������i�N�riw��
�'��+��h~�=@���h[�""ˊb��4c��qq���J�`Xc��A9T�j�#l�����M�mxtN�,�����>�.�=��S�����EcX!���0xt�/���&N���~��*qp���Pu��*�X�.&y:����D!:��r�JE=�H�`�-�c�9%�H���6��oIkD3�Vb&� ϪӜ�G�L⸵ڿ�b1�o���q���4��:J�������Y��vX4��Nm�g������U{�8}_I��I�z
t����dMү=����'ڀ�,P�f�v�W�$@	Py����-,�����8V�ړ��z0��+�)D�$�s��DEܴn�|�WDCQ��~�x�<�/�z��Z8��@C����|���c��|���#�Z�� jYQ��q�$����@�Fky,9~ݥ��bH�iB�V}h""T
���(�S�.�?4�Q�' A�P~|o�<��9�ic���R��?�䙵P6iq���%ܙ����߲u�\	U�""��#�lv��8<
�H�X��������oz��� �!�8gX��w۸�C�B�谲a^�p�;|pj���T�%Z����
}
�7)lV�T��F��@
�E\S%`��2�.+$:E�c��$pSVĽ !""ξ�;`kݢ!���Ji�S9�i�y0��#xc��a�����JӤ��Z<�T��b��Q��;�N
���1�c�)��Ԛ��T	�Ӎ��""S�w[��=	�,��,��Ŗb��s�%`�F�Zh_�w$�o���iEzo'D��|�)�)6@��Wh���$����%;/s�i���H!�5䢻�7n���s����3���4�r�ps������}�h�E��B:C����4l�U�^j7��'�)�z�4�)}��Z�t��+~�W�R'�	�AB��A�P��8��~�z�Q�t&�dnДQPX)p�x	�Zf��?~����F�����������Vz�K�e�]�I�^N|�m^�6��'�
pf���ŧ�Ҏ�Y�D��f��(����Gh��m�[=.�^b�%�n����2�`�L���IX����R�#��U��o�gW�w��9�a��Wb�
��h��և�B����`�i���^:�#B	R,�
�V��m+s	*�,��O@pˍ�,�c�1u�&KN?s��h\�*��U���1
AI>�E����Z��:wV|	%���B��`],`J�����QN����_b��:�!���ј\�[%ζh*u�y�#��4�@u�gp��9�Y%}L%�����@�|�
ߧ�
h��zV""�Y\:e�F�Ea�6�����dS��X��С�30<0�>�e��	�=��?��KQ��	���'̅K51���i*	<��~b�J,���F	�qQ��NTI��E��P�
�d����@�����8吤�a�e �����G�8��N��wRȗ�	�+�M�_��D��2 �O�[ɨm��#����0
�-^
��P@-4�9���s?{��Qސ���W͑�?Z5{�$Ue��F��,��vZ�-D��V�Ӵa�Atd""YMz'ѱX��ܸPԲG.9�T� �RG�%\�˗���w���i�M
Ͼ���̧֣9n�����
:
~v���Υ�(��� ��L�+�iZ~o�.Ylz��]��`��>��_��vn�x����e�tS�������z��.ۡӬ�42t|zҘ��H�c��O�LP�`.�)���
�8ÓPp�
���	��V�Wq�J���#�Es�q+��~#�+�~��'�H����<���H����m�f��%F��)R�)��R�[�7k�9�9������v�zV�Q�w���s�!��u�2N��}�f�������������[��h���j�̟�-Ï�'5���yS:w�c�ߌ�Vڢ�'����p��U뱝MJ�N���j=Q]����G^�;w��R��`��
	ˮ��fTƘ%>e�YV��EmW����H3Z$;[�������I�W	�#����K�?�pG�LBR)���M��-��;_��]_b´8qY��	g
%��q�n���pw����p�����Z��sD\���A둧�=�$O� y��z�4h<���s<~W��{�3�u4��b�bѕ�9��&��+�ke�88�S�k�NСs�����R��{�����~g,�����eo}`	x�Us^+8��k��8�k+�9Ш�!�W�vn�y�ѧ�;O�F�W}m�^Q�V�9���HG%�K(&�y�s��|�#ÏE�bq�)��
��""ɶT�ߊ8""�@_Z�T�1(�������b��&���ވ�h�\��Q��8G��zu�����?TPA%���D��
wu�J�����n�0M�)�-f�� �ѹ�ѭ���(2���j����oݛp@y��K��F�|����~7���ߋ�Ik�^]{��������msh�ABD|��C�D���o��eV������ssh��I<Ц:���e�pm�F�drw���j�>x���G7�ErN�I#�Y�����F4����Φ�;u�<��{���� �
@�A���Y(h�n�_(�[��X�s�����F���	�1x���xd""p����]��@Ȩgd�c�E��dL�<���V�3J]��g�@���W'�����7OO)�@�B����R�<��c<�r�ZQFR9��r�W��^��ғڊBh�K9�?,���'=D�gN�߽��!�ș""g�2vm�18vm5)�TK���'e���l���6D<�x��9�:r�wV�:��ugͫ�(��������mkUՆYr�����|���1�{Z$er�ȝC�H@�!�o�̟�F�J�L@��q����,�{U�d)\�(��B�Cۋ���o���_����_�f.
@���c�3(���-��#�l�۪s63r��[*cX�H'$@���)�@�cz�̥��J�5�:!e""�
�zr6��1~g�^n��R	��
[���Y7��'\��G�������e@�!�*���C��1�I~l;ΐ�?��3 ǐ�j'Ke��'�V>�Y�e@@���X��W,��P�A����$�B��'{+���Wg0*��3���m+	�q���^K�kr.�r�y��y����K_���T�D��BD/e=�����@R��,x���bR���TM�T6X�V�ad#�d��u�T;Ώ���e��g�gY���X^Zf�;�&e��Ĉ�-���XU�Q�	�����7�I��qb��eR!��h���fR?���z�ی��[�?Պb���CDG:#��Ӡ�۩���wr���/����[U?@{��7k�.*�c���5{!��.؝g��i��/؝/FB�2�������8�|�AkhXĨ�\EQT�JH�lH)#[��y��2F���N�&N��4M��ɛ�
��]���%R���իf@@��Nd'R���H'>4F�����0��4��Py�B��1Ty���&
�mq""�fB�q���y�Y�G.K|�y�i���8�:�B�|�:���qf��T��MJ�gy�""�ƦɦQ�L�@���8��(1�GB%:��G��-�Q������""�$�(Q>fFE.�A	��,M�p�Ncb�i�lqB>&6���l�|d{��-�lg�f�T�{�q(e�0�Q�&>�61*M��(O#�2e��9H(�0�3��@%���B��D��&*�ƷD%6�y�
l������J��V���l�0ac��_�o�{V�E�k��a�F�y��y��yO�y�����Q�I���6O|��z�fY""zYl{��l��7H���G�d��'elR�}���MTgp��&���zpIe;�,@��C���Y�@Tknz�~To��#ICZ���z{�/DӅ7E�=l���""�B�v�U���q��G�g[�����,X�`���a;W�-���k��Ăr��=��έ��f��vKI~[ϙ�R�Ts��RN�?U#I�G6�OZ�B-�a]����������M]~��0�9%]*����Ue��j�Y!�g�""m�R��UG��z
2Ɗ���'��J���V��qK�fA1�5��E������b*�xP<,�R�e)Db��+E�XL��^K�vk�n����)�]����$�xd�=���n)귕UU5�kq�L����w������� �R��3�Q:/�n�*ޢy�6	���E��@|�»�>H�������|�Xz<���z�������c�;�q�@�tcdF�98L��
F6��p�c�c$�����+E��1�! �^{
r��}�
@�A�3�?����H�b@���^��ǟU��j��?��O��p��5ðj��jUl7�dlՎ�}�ڊy���o���c[����p�l�[L�8���]j��?�}�K�9�s�D�}���\c��)�dN`��9�p��>�Ҫ[��k�v]����M�db�RN�I��/?eH�o��ۇ8'K���zO&�_�wu܈��I+��C�1=Bߔ�RY���ǙJ\���B}�V{�����oa�4����E��0
�.�X�����Y�O�R2h���ۆd(��S��AB.(��K��.u�a!!���A�GJ'��d�/�
zƋx6媁�\��y�?Ν+�VlK�9����(�p��G�g���t��
6�+l_�5�o�й?�Ї>�X�L	��F�LfBB#��4̳����i����!:@{!:!�����CD/L|��������V�Կ�;D�C
Q�LP�~}��7�	&X��ģ���&ͳ�/l
�s��I	g��f�Y�M����1jgȣ����3d�Ln�a�z�;5#zB�x�rh�����E4� l�~�Z=)���@H&e�lf3��W)�N��@Ʋ4J�q""�'e�/I.
����Q5�0�׳�e��2~
z�
e�ˌlϚ?ʾ����2
m(��:T6RN9������q�g��}O����[5�#��IFVF>��@������l��e�����K/��������`LgFNue��b��Ǿ��""zi�(�!�����W������;FN��þ[��������Yjhx�r���d���z�Q�	���VI�B�FDC@@@,��$R�&J;�EL2jD:02(��C�`GrA�p�q��1f6HF1���O:�'�mWغLebw��+�#*JP��ZH�""0U�����:�;�VM��D@{�����l|(��n<��;�n�<= Ǘ8��F����(Mw��*OC�\;��h�1/��01�����d�-�[bA@Q)������
c�>�U�?n����p�P�J�|���=����obC�@�PյPQ�~�0�V9
&6��˄T���+4�v}o�KS��;�s������rC��Oy�J��ׁ����&�;��겶�:��tK{�rs'�E�I��]���o��ݍ�&�����H�5��,��U��,?����H����d���R����8��o(IK��q�O?Ϟ[b��H�85��\bug�<��Č�k��ӥ�i�6�3�L�ow(��h�y�v�,�����x�J>��xX�C�o�%�~�av���z�~��/�Y����T7�5`Kk2q?��Ɋ	���d%,����Ȓ�54Y����*A���E?K�u��;@�$�?d�b���V�m��L�Q�%#�;���p-���|IX�+=������m��ĺ�jQ��;��Iڛ�nհc���X�ʂ��.!x��
�P�)�L[i(B�Y��RZ�
}������z��5,|��hĶ4F����I�+�z	�O���܄g��	�`�N�=���'�+{5���)��W�B6������qZ��V���Zp��u�bv^�D f���Gfa+˦>g$�@]��f;# hD^[(�9r
��6�^���0�����RPG���%��I�i�ȡFB�""�+�pA/�������rOV�-)�O��v����K��y<%x����EM�j���c�����Sv���	j.����Y���/�~""��*p��PC~��������k�U�d�<��]]�ȹ.�Z�;�8L#^���ۮh�>;��8赵�S�/��ӣi�׃K),��!�r��v���]�y�#,��������k���5��F���o�7r��f�q2���8)L18�!�IJ���2��G*%�>�|R)(�BRj���ob7]A��\�wy�u��8��T:�`�S}���-��M�����n>F�V��k�`�Yl2}K�n�������T�&p��6����*�&o��Rv5�d7E��D]}eal��W\%Һml����gY�W����r&���E��w����»�v>��js~��=e��Ӎ���AC�-r���%�����5��`+�p�p<{���`���k��������r�4��1mP�5���2�Ӄ�%�+?۽���~
���7��\�U����B%!�[��4i����
1�%�
N����z�n�ʮ� �W��J[Mtp�D�DP�:���kw��ri�&wb.Up)�i�#���1�MP��""�!�,c@��B[Ӑ��n�P�4��}9�OƝ���L��ZB����:2��܂`����-Z�a��sv����y�y�F
Í�����WOV��H�)α��v��8""�>R��ɢ""w�
tp�����vr���c
Z����kyC���Q6��f5��LRx\J�2p�]�s���K�'��S�@�%�_�O�
y
�uI��4�?�4�HNE�A�?�\������������v��zӟ�6��'��st,y���r�h
0��n�Ms���Aދ��h�L71�""�����ٜ��_5�%_��$����M�����2	� ߙ������S��k��˽�pN����%��>X@�d""�S|s��y���yt��%Q�\��jdr&z'w�7��wՊ�;���{������ڊ=����u5/�G�P���&��)^�[����VL,$��rQ9����=6A��>����D��������*�RI���H�Q�f��Ss6a�B�Ј��p�(�4�����q��a[f%͎-�m��!���p���r��:���̅'/������*�rfj��PM�rv��m����m��#�;J
�һB
�:N�!�W/� �t��Re��ľ��
/�m6R�
��oEP�!��0I��U��B��ۻ�/H�cT�GФĠ���������&O/���Q���ȸЅH�	c��Z'�5��--���3�""&��P�BZ��������`�ۭG���ܶ\��U�T��q�z�����Rn�y�8��P���(�}Zu��ZY�grfFD�HƑj��%)�^|QH{�0iO�ӂ�=�%�mk���ķ1�?����g�ג�5�s���6�ΡrMʠ1݊�A(h� �A�u��H�K�R�57��:[h�B}:K[:P5QM�m�xռ�����4���
G�3�ZH�(��.""!��7�J^:��De`^V�enw�}HҤ�AB56i
��e�|J��û�Y�e��I��+��D�����*CgȈ`�X3iU�j�J�j(�/R�^X��я�|j����(5
@yvT�A������%�� })jŲDE��m�c��""�U@��&�VM2��|����|���ٖ}��s`�DbX>P{�i�zO�����2!;
.s�i_��G��b�Z�٧���o����R��5'��c�~�n�kX��4pT�JZ��ák��6�G�Z��)��s�����fR�T�W'�^""��?�L����L��ж��nCk�""���n��*�v���tOVAv�A�)9<�<��=E�\09Wt�4�6:Fy�c;��dM��e��)7kD��`����MdBY_�[����ä����a��趜����m��i���i�ϐ��X���T%�7��s����v_Ôqwx,����k��L���P-��*|p�kh�P+�I�0)G
�ERb%����4YAN��4n��B�
毞��]_v�Jr&��@�9�ٌQK
5��L=�;0��p�h��{bՓNO�:��0��l[lgz:쵣D*�A�r�@
��^�6�ө��e��m�
�di�}���X�P����X�kȍ7:���Qk|�fM�x�u`xk�˂����&~��c��M��{�[f;�8�.c�M�b��P�m�<�/캈����j�'zM*��~-����?^_��_�W=`;y�6y����+��/�eu����~�M��d�(y6�2D�d��֢�ǣժc���w �L����銬�k%�a�<�7�,�I��꾯��Z]��b�q'���eIkEݞ�N��qڨ�*���JT��e�,U�4�$��$���F��~���:|�k�z�Z�u��?��|�3�xO�0`�`9%���ƣ��8?���5?S����ib�K{_�=['���n�ŷ�b��� ��@)����@Wv�JR0WǛ.�7����u��$!-(KX�9�L�A��$�`::�W W�8��+!z5
�3�!�bP(Ä�-�D0����_�(q2�/;�D������%t��ɥ���/�BGG��������7�u���胭3�ӸV����|�p���sc���s�=���Ҷ��¥�x �X���>lrv�`\����s��]Vs���{FΣ�U�8gI��g��S���xSvd���5����Ϳ����5N�=�˦9sc���ϲ�u�A����!Z�7�2����,ǂ���1M��Ĝ8
J���!�f�f��:��l��k@a�""X!}��V���Z��s�KE�k~e�Ɗ����p��_���ה�G۪tʱZ�KE)̓�\�!��m����@k'�Yp�C߷Q.�Y��!�d_1��N-Y�n)��g����$���p�ͨMW)J���<���x""�o�/-G*r�?-�ݒ+�O[���
��@��9�X͖�(h)@�r�s8ނ��e|5�
��|D KX/�g��r忔���0��v1|TVe� ��q�?�QX-��Cg.:�Pŷ�[Gk�<�,���v���A͜]������v!��N�3z0]�PrF�����������ϖ��ۅF�ǧN�����?���_?��}�tā���Y|��BE��ܓ�KU{̥�t}`!�۔�Z{�`f}�:UQU�PY	n{��@��DD�02^���by�""��bf�x�h�ϊ��h�!�<����6U�N�����c�*�9�7n��INaEL��\��-�N�7���I���j�Ӣ4����-j9R6�S�%7w����G��d��0��T���@t�^!��%�0+��(�I�x�z�����>���sђ����C�-�����!��(��]6��0�Ѥ�Ż�,S��'�m_U�[�R�dN���Z.C9ڃK��?C¦��Ϗ�s�n���_S���Eȑ:��ܡ
�b^�~҇�Qm����F�
i/�
�������|��0(����E|�e�`%��{/��s�u�u��/ pM���\=��D$y���A*���K����Bs�b+#���pdCҸw�B��U;pǘP�8J+���!�%BEbY�@j,��ٛ*�=ϲ���a_���CH�@���tv
`y�5'~8�K�y?V;���Y�����(�g�ʋ��G��::�I^�	� \�7�x����MMp
ST8ʢC�;��8�8��4��N嶋
,\�|{d�M�WP���D��
Ah�:�'p�~a��_��D`��b\r�3�z�fA�?xQ�^L)�؟�������������""���G�
��0.aj`9R��D���Q��qB,�Q�#�ش�>�⦷�����P�m�
�A�/0��.��{�J�$
������
MB�p�f�������0Y1PA�����@]����G�f�	�@%au6���<����z����͈�����hN���g$�ֲ�/�Kg��L�����Sw��&�5'���+W��7(;b���jh� �	b*ȝ��ӊ8��tCխ�)MXk���s�\���V,D٩�.�.��
?
2�_�����נ��s�{����ڗ<:9�_����YX�d@�5��:��芊E�E�|��̫�TZ��� ���zG�k~f��p�e�҄c-2W���#�Ca��1��s*�T�dnE���mn�
0��/�4mC��	��҂� �=����~N�]�h�4��	�����u���0l��7""'�b����©�v��7D�4""�a���*sd��2vʄ]��,ծx94T�8П�	���`��<�pg[D%\�K�_���nva��'��9�yZn���R�D��,���K�&�u��eԇ8����mϴ7�_�������j⯤����=��*�iO��+e��$��=<�u�~�n���#T���SpIpi�}�`����2r��+,Y�C���ioԜ'{��s=L%�M������[�;���p�'�""����jq�;`M�"")�d��y!_�ݷ��Pl�33�%�G�¨<�ZԔ.DF
��D����YvFȂ���)'�)��0nǆFI�$	�7�=Ē����03s�Wec���F��t��a�jSL��nG�g5s���es��<�����w,��g�	tp�1�*�M˧�^Q��)��k����e;�#�mc���?U��ʕ9eW�A=`	|t-��K�I�,k���jM;|0�1�־4�S�p9���~]� ���k��4#���Íu5�*X5yy�x��ʋ٠�<�+ɨ�:�
2@�;4�=�{ݗ|E�h���+2�����`oSs9��|hG�~;�����  (��ύ�5tl���-9�k�]��Pw)Jtczo��X�T�ױj7j�8Q�Mt��JK�}K��^��<>{�v\&��!�Փc��VwV_t�:��y �	�8q�;b�����i n[EtP�ω�xh:�_�F*���fZ��*���r}���A��ѯ9r�Ov����Q��aY�tiTJBn�irdD��d���M��B�U.��7(Z�$���d�L�1��wA�4a��Z7�u8@""(��u��k����v;�;J�����Y5���vt��E.)1D��v�g��8�������C���~d�ғnh��<�m�K������������_4���\��(�g�b�:����n��-fj��	��@+�""C�왂W�Ʉ7��)��b�_��2���Hx��F�k%��܅��#��K��|�*v�G�܃'(?�G~s.������(Ũ""��5�7z����""��'j�+y�n�#�_)�B*vl���'=^�1�ς�H90
wց%Xa1�z����X�]�n��v?	����l����r�����w��o""�>��^w��L���X��7�q�l>z�_����o��i�?{�؋��&�׆ܾbg(%�=P�/W�<�a��I�~c]bL����fU��d�/����	w�IS��`1��M��C}�E�S��Yz��I�Th3_<�|�8>�@�s�?&���XS�� �z�+!�ܗ{�,��Q�K�A�J[�=	�2I*F� ���L��=��8E��q�E��0��+:��1�x}
�AAr��\�b���ˌ�e��pYh�*-lbD�&�[���Ч��4��v�9FP`����1|���W��)KV�dʆ����c[/K�p�<��A�\�-��['�$�y��n�����ޢyږ-1���o�*��rX�p`��G�+��W:�G���Ů�c,��k��EA����Eak칬s$�o.X���\��q�%�
�\��	$(C%�2t�@㓯v�%nb5v��NkkVc6ɕ'}��?�B@�b=���(^E���Ԙ_����<���M	7�L� ����|�+epU���{	;Iq��N�)�� ��u-�L�����|��?��Dq5��-@�pO���K�/C�����a~8�+�W�$� ��.�|����
�˔.�{���݄�V�6#�p�p����C-���O.M$����S�;�""qfo/ ��ȍ��BjZQ��X+=�����>~��=b�K�0�DK��5�W�N�Tq���y����
E���tt���q��,fν	��dW�N�5\R�
��#���Ee�p�*�Z�!Q�U��/(���\X�6��q�pdT�3E�+H�S��`(
UD�p����H\�+9Z��ܓ ""�u�*��фΣ���{�A�2�y��W��uj���Y�(�2��!���Z�v�{Oh���4����""""-i.�
�&�C�s�كX�tLe1@�P��!Dc�\ط^Z	I�i:�WL;�Uq�:����vz��g�M���}7ҿ|T��%*����&��̆�'P7	""�z��Eaoq��}pF�O����7��%��P�X��%a;�5�3��]L�d��\r<�|Nw�kT�Gឥ��9����.{4š6��|!���Q)L+�""�а���2��RceDR���;�f�����M�v��b��̩���M_���=v�.���c�#mЛL�:4t|�/ ���m������$
�4j�����I���t���=��S���&O���#��ՌV�g 7�tn�?�JEp.614f��')wC7P��A�z��V��Y	>c��X�U�i)y�
�thh̷t%It)yE�LD��Q
<���DQ��HgKo����a�2Q9�3�9լ��vN3��@��RЂ�����B�cI1��T�{���wꫂ��Q�X_FG�P�!S����Ar�+�/IZ��r���)�`�n	^w ���
����*�
��G��4θT�\2Ơb�u�`""��2��T���5��k�t�""6���xʅ�v����q	�Z[��H�%l��9>i���e5��Q紂g����I�.Ɍ�!,�+��""��
_""b��z����]�X4tU�LD
m�7���o���䐶��	Bˍw3��L�2s�#=�W>��<.dFOJ?�š$���jC��!oomv:��
b�?�=16�D)א se٧�xT����
�N����6�?�2PC96'�0d8jZ!B2��ϸ���k�Q�������>��qv	�u2R|�ħ^lӌ��L}1�3#˸k
l�`��#Z'�\^s�{��N�a�J�����1��5�k���4۫�[��ǋ�At�P�D� T�""�L���X�NpA�5	J�8�����	������C�æ_\���Pv6���9�H^��Ĳ/�f+w�[��^>UQ�'�Q�Y��K��E������i}��}�xd�2�}cYq�u�R""��ez�U\(Zմ�%w֫�������-�#�`I�|倝��G���+�T�[���Z�u���e��R�y�A��<3����݈�cQ~���3����-E�/��TT��u]�F:��RC��I���F�e�g?���}R,9R~y�
�(1���t�ÕmH�`U�S^�#�g���B�Zf�_�i|�-��F�m��/�G�S�jػ=�V���J�X���[^E�sP#'Բ:�@#�;�1z'۪�+�ң��?�g��I9�tÛ>w&��]�]z�2
�b=�3�y5p�P���o����""������������k�d:��z�65�GeW�mBrn.�����t�{͔����U���#d�!�[	#~��g�<�O��P�	=D_5P筠��R�*_�Fȉ��V����6//���r��b�%�]��Q}����ѐ��
�w�~�`Ɂ�/ݍ��f�Y8�L4SN�_sD�@ݰ�
q~����N9�Ie��b��	{���sٙ,/p�ٴ���+͖	'�?��h,I%��4���J�P�+��g,�R/�H�������K�L��/�2q�'0����x���[�<,]�Uy�����dV4�ݎhm�x�^a���b""����0p�/�P�v^C�Fug���$�ɼ]��?.��amӔ�>�P��_x""g
��M|ϳ@v�Aw��0��c�dBHF'u��x����+?�Ž=���=P����єZ��1��@�D������;��rz����шQ��Ν8e#�꾒�8�/��W�W])썟��'b9M�~X������D�dk6��])-,�^_-S��^��V�\c�^Cp������H�%�QA%��ЀG�yׂJx���F�	�!$`�����PDC���?3|	o��a�4��I�X�r�#��|��.o؞�{�^��߰�!��:vjXX���IRJR;ӎ:|{[��ct�#��K���5ݯ/4|1(�܀+���CA���!�(=;""Qq�Bk��^QޤUIqF��t��*!��@s��e	�������&6��d1���}v���=]饰ްgeBTM��ұ��2��t���ꙄE��z��`���@[�CeC��9�sίZpL����/�>mY� �[�FS��(����Q	]~e�p#�v��������h֗p��L����d�J��
��@����������k�[W&����q��m�kc+@����ä�lҥr߁ |��l}t:S�����Y��z�����W�=�_��2U+�J���kAS�o4!���,q��uoN����c�W�� $݃J��T�����W'L@M�����8�!5$���,���9q�Q�@4""�b�[	 ��?<�-��abq��[�����?���'.�""�����fC����
�IiE�\4�>��Gp�i���4�ܺ^�
v E��`bomC�]��a���i�2���܂Z nc.[""zX�P`s�]IR-�APJ>IO>;�%i�kn`
BѪa�bM����D���F���A�\��9t���)����f�k�3�P�A��j�zkF:
��$����|���N]�A��^^H+7���3�K�)ۤ�8��D�0�Ui�z��7�f��l��Y
�
�_J�?F��lը�a4ߵ��({MB���3�@(8D0�C2��Dy���
��H�~��
}��͛Y2'�m�A����Py+�GWwU^�
�d�oT��Va�Erہ��o���4���Ul��X�d,��twM�o��u��ش��'(�d�b
�A^^e^
�0�x
�!��e�4_��)vL�WE`��()�
~�'�a��G~�e��)��vw��	���0W��H}�1�m焨E��d�:g�n�t����?s;}-B�$�x]��/����[�����v������h0S�$��?lxɈ�OϹ�k�#��	�?�[�<��t7D>G�~C ��b>]?�""C�`8�!�K���u.��,}��K�`��l��)rI��yl�����^���)��Kp���Tg2�ò�:
�>Ϫ�����&e�7�Ċ�����&\͜����g�jE/��~�)����J�)�n3����Q��u��6�Z�?�W��إ9�I~l�Z�ܵx,�-i,�e�Q����3,Q
�����b�gX�䣶75����*��!R���М��膉<��u�a��w��[��\��Na#4������+���p�S`G�'
Z�""�yr�R�M�O2`��R9ǩ���,��`~v�K��»*��iA`�G���\�Z���L�Q���tZ�_)�ɍ��Wr��LƈB��N�ٽ���
 xx�W��DE`4�����];�-�4��кs��^{W
X��0>�������@�����V�q�y��N
U~��T��}�}�$s�Am.9]6����j�[ϡ��LN:�ӓL_M�.�A���h��+Ab�a�[s�""�E��J��u�AA�KS�8�+���� �@G|����T��_��#���#P�I�Tu1F$��zyrﱄ]���y)�%}����|Ӟ�[,az�	]0�1�1�'W�v��""*(�{���[��4 y�����+�%��+z��Z7Fr��4�T�O���R�|:���u""٤^V�L����20��<�^l@���b-�&֨��x�?$Ϳ�����yh�Hu1@�l3��$L�;b�n����%���%')IG��i��K�<�䲑��L��#��R&�K��D)�w$���#�8���KJ��\2JIF�)9ґ���w\bR&_j�%�y\����%M�y>6��r���	���[��Yh�c~�����������8� @��d�v�[H�����b�ɗ�����S�8����G#��pd5��H���JQ�lIyDM���8�2H%%'tr""�#����+6�#������-)���i�j�c�$r�-2%������	�HQ��S�.
�ɡ�#t��`ٌ��C=�E�c�'�������wH*:$�pD���b���Jۀ��C��m�����BM�,Í�?�y-��f��=��B�:C{#��aL�-���
(��3tE_T�y|np�R��_�
����g;�_�,�czm�<��f|���qU�/'�s8c�/_�c�d2�2�5����O>�sE����cN���g����S�]��K��ta>�tyAӛK��ṛ�.w�r�����5}��1����E9��}��yt�G��)k.��3�<^��,´�����fT��tu��1� \�P��3�Ӡ-ThНѠz��^hP=�b�ĳI��B��|��N+=�������i�(J$I)��RJ)��v�H��B��}m�p�Cw8""�=�W(���hblbl���b��nw�А�v�q���!Z��ю�����!�������t�]���9��9۟7�՛��ε�����s��On�_qJ㊛p�$*BT��Ɓ � � �(�L̊���~J�Oɶz7���t�݆�ͱδ���v]�~�_���YO����*u�
C=��J�3�C����V������f��5��c�h�ҁ�
�S�%=��%�quFS4E[L�A|;K����_�ތᬟ/���ո��F�ƮM �E�����BW�PpAFcM��ҡ��pR)�nR]��	ď�X
�Jg�Nˠ�^&�&*	ܸ6�Ϟ1��1*2�1�fh���3(Hh�_Bk���h	��
ӓ��`/��b�����1�@�5���Ɔ
�n:���k�+,���>Nt`a��qpF�z]C[�Ȉ�J�֢���{EW�f�Oh{!�0���j<�f�J5��T7|B[�C�w�ơ�t��;X���N>P?8
��_(+�X���""�a��_�\�Ɓ�!@
v��+0Od�&j��`j����8/�]i;���
��6w}}Ӱ�����i"":�Bt �����u��(�	����E�2(* PȀ!�$�4AeB��A�M�t�'�5ͣ^G�בvL�,c�9j���x��x�K�n��\~�e�=ރ�I�<ȃ�I��x �x�����᧿9�� �+T{�W��Y���A�{P����Dĺ^� ���Ś�%fb�S4h����L�!ð�i����D��ftZ����>'�W-����M���E�u����pD&�:$�p�rV�dk�,��-�W�R�>g7�j���v����e]�:�r��li�[��Ǜ,M�hT|�0�����;
[�I�<�a'>�[v��o4zZ���=�{�yL�i�ˮ�A^�b�Q��k�[h�V��;���Z���t#�v����y����e�uS��ֺ�ڱ""��u��hڸ��o�f�1ё�_w��I��pD�`9��闱���oG�8F�O7X�5XC��ʨ�ACZ�µą��n����E&���/����24T`
مJ#a��c
#��H$��	d�BF4��93�����pN|�P�#���T��`�ôɤb&""(��{��������յY�߸�K{
6)������ �����=��
T�)G����C@����B3w7���K��N/�-��������""����0]�3[}��h*.(0Z�	H(**���P&0p��|<{
��x��{�P:�-�\��i�g��O�S�Jaf!��+�r��\���5j�t��+팾hIW@�paajd�U
����Q0�o�ď����P�&�Qq�[0	|
Z3EF:�v�a茶��9������4T)�2���m`�f���շ���ȑH� �|'���Y��0����
���ZBǦ3��c���pjO�dj�����tv�������$c @4,IC�h�
�>LR@xB.(*�Gc�`,HR�q�0�@B
:Q�
AIJx�hy�@@Kp�\��;�V~
�A�r��� G����sN�h��xd��:.ȉ�p��L,3$Q�dp�S�,G6B~[{rk���nw��,.Օ��
[Ǖp��s���.���v""��Q�M�ұ��g3`#�Yl'��-�����#����9C{3��Q�L�m��F�#yq��j	����2�j���o!(��4+\g�������-�%��m�E>r)v�""�w*H�S@��Lb���B	/�""�rd!��Q�g8=����\��������Ĥ�~���-��������˗(ؿ���1���0���r(s$�7��|�ڃ,\|�V�XKM������9���A+��%e`]��z��g���v�p )L��H�-�|�8g��	��2�,��9�3����Q�0�L�9&�-�f�W�ܭ��v��݁� ���R���� �AL����G��x��Ax�!�&�����O�[	��Z�R���V3���^Ϋ��q�m�zq8�L�5�%�l����LE��u*H����o��A��k�����wC��""��:]=���[!��橓��@���,8�`�Ńm:���Mɇ�OӞ5v7�-���D4�Y��6�*M�JA���u�d�Y�v��me�#
����8b$3m���+��r/E��@�r���@%�q�!|߅aPw�@�n���|5�[�$�ÀF��E�1sf��=�g3�P�Y�)����D],i�/��S�RQ���iO�Blh�&lx4SO�""끶c�3xlz跲���/I��!������$0Uig�B�����-��v
e��ⷙ�8d0���Tw��$������K�h����D�c2�K���Z=��I�4Ky���0�L@���wX��&G�S�+D璢�6�Uī�/�a#.��=��3��X���I|ã0ǅ�I_�e'�t���M�!t�ς�,L��y��	Ĝzp�cv��qb��;\��B�������X*���Fm������2٬�KN	""�$��x>Q*�f���
ʄz���-)�3(t-0Lс:�Jj@�bG�10ԤX�?|(�#��7�Em�+�{3�H�k:b��L|[n[���;YBɸ�h$�����]D�Ė�!� �0����R�
�(���b�!,_
���]�'衱�:P[���pB���>B�!��4p�r��Hf����>.f�\TӮk�7�����aNΠ�����h���WI`|��D`t�����y���ǜ�n�XƁ�����{Py$lYD�x�i3�2Lj�=��Lt�����v�	�YR�
�.�XH%C>�Fl��5Ƽ9�pr�N�����F�=Tl�x�i���`�}�N����J����Xu3����E��G^Mh6��%q
���2""D�ښ<�SL�B�S-X�mX-r��},%p�3>��%4��q$�b""O�`y���(�n������>�A����B,�}�����UD��?�]�1>��G i'�D���Ft��Hs�Q;Y}F�0�G��袋ž_��J����6��Ӽ�Ms$'��&��k@�i_���vtt�R�Ei���Y���ǋ�.�D�**s�u=4�,�U��2��M�p�Ģ�^���+�(־#��X���V���̘�3�ؤx��X�""@������`I&P'N�O,�g{i��j�=��SjӽO���?8LP�e�2I���(�����73�/���!�%,�E�J��]��9/�Q!h��Uc�t���	�=��-G�����""h���,\�R�`ȸҝ��5.\���#ǵ��63kv+��U��z���T���7��(3NV,^�����?.j>0D31��0)O\b��������|�EO���X��!߶�K�i7A���K�^��oģq�Q�|$X)���IXBe�n�uඊJR���c�'��\T�e碻��C0�C��5�#Գ�yg�+��V�~�ʇ���i��[��X���a2
���Ɲ������*�ǡ����F�˗�e	l���*���#�싣�v����I�5I:҆��6���A>n0-'�╽6c���� �,YP,��Tg����D|ê
{gA�yU������'>�>��HD�Aᮼs�|*A]�ω/=`p
'���>W,�r��0���!6��a���\ا.BCN5�.�#]�hwM�ʏ`)Hc�~@N���P�EnR����L+�ꖷY8^c��0*!�$����|C�]p�ǭ�~�u��&(b��@��k����%���]p��U��jT@�m���z�.ߵ�ȼ�����l�1��\(:R, �}�(��˽bO�F`
��'A݇��A����㳥h�ۑ����D�C4���^
�:A�8l��{�(�3
ӯ[�M�q0�{�.����2?T!a1�_�&�p]6s���?+��qj��Gy�#��rC�/� 0�P�E��A�P�ED�����_ۏ��R7��R%7����6A�&����
�RY�ښ��$na'R��Wzb�i5t'J�����O[N��b���7�_dv��N�B�A��,~A��ojpAi_1uÔ\�5�8�|�o)�l�/�qۤ�.��pA�2�{�vɆ����Au����:S�Ԗ�f��
S�,&�+��X��	�b6�3��>���z���8�i���7��E��zki�*ۣs.k�l���j�ۅ�B�SCS�|%��+�g�i�iᬕ슄[�i/_�%]���-���n\�?��1hH�GQ�|X��s�(x�D͋�j\Y|P.�V���N�6?�A�Ɠ�j�(cĀo.I
˙nm��߫�_<�w�\�{�'�$����vp��N�IC� ��Ȼ^$���bi�J��%({���2M(��T�=��{Toȓ��gu��6�VL��/�C�R,�q	Tﯶx��z>H�/S^H�*�=8Z ���ϓ5{W	���n��B���q�V��gGԏ�Ц�-��j�3��
�F��drN-ҡ�(B��e���.����#�Uf�����8Jy���)߶?���g#*\�)�go�TGx��l4TO���ه����pJER�;?���g��`���KS��Q��r>��%9P1>�S=�^�Dj��X��sujɼ��5S�y#wz���1l/K��4�M�qA����!�''<�Z�'eJ*|oX!���""�߸��|�8��ַ�[�	�}1�m�Rɚ��&��dAGe�""�Ȝ�)����x�ͺ
�����p��|R@��/��!�v��P'Ю�&���x��M&�SF���n]�Ô9�C�x����.��e���ad�Y������>Xx��NFy��t�Ef�Ƈ�1C�=?Ƴ
p�\�CO��FM�� ـS�(J)�K;�����]O��""^��""���V���]��Wj
-4��t�:6hᖤ^@ղ	]Ij0��_#�=���7�?�#�yp䒴a���π{�iel���I��:�d�m/�I�%O�T�
�Yd?^�A�n�x��� ����{�xXT�1���g�@����m�;�]�0�딶G�#,Àw��r�)�_e�ij���I���˥˛��#n�[	��Ё������ڀ���j~/<�	
��vg����J
��q?I`�P
S��rWԄ�>�0�J�
���*MX�	suGOm�*ſ|��($ej!����8g`1=ljh�Rk�K��Z��$��{_�*]��6>y-�;�W�2G�ŉ�W�3�G��h��ݺ�dbm������%�EE%Y	fp�_��C���le��ʟ*����&猕ID>���d�:��#�K�Q��c�\�L=@V����ac1ߤ���?h�(�jQ
c�֛x��H-����|�!F� ���~U�a:�C��xq�`�
i�-v�e�]�P`qb��m.@d�EaԢCVq�.F�q����1�h�$^B.o��S�Y��x���!+\7R/���2��9���hvFT�]p�-��~�""�(Q""��6���x�
��b����u?<�Ueq�;�w߀��g�k�����|""���|^sKx��̐��Ii�X&�1�N)�|��lH>�hH��z9""���gۤ�:1K-]��I���Y�	JD��Q12�N6��ůLrэ�
�ٙkn|�0��:�3I�t4xS�[
'Knr��(b5o�u��Y|'{���cJ�̶*���to�v�-%�r���""n/�
�){�	��}F��P,�/-���_l��κY�T\(\���GX���.�	iel&��ѬC�
]p���	6�x�w���|X��`qެˁ�w!�2�G�4�}�-��[̐^�ry;|�t1_\یL���5��x>4�2Ď}_0f�U����4��*��[U��&����]Y�`�F�sz5@���ڊ��K�o���ͬb6͌thZ&�g��^��D�Ia��B0�y@a/t�����l������Y,� SbW�B+�]@1F!@Eo�H��W	��Y*�x*B0g6n�������
�������N+D�bY���^���33������?-����>�}>��|���
w���B5��	���Rk$A���X��u58���/�����v�k�`YӔ���J�.*Q��	Q�U/
�.j��.�Z3AH�Z��_��\��V�Vt�.�1�T�DJ��5�2J����z1�
��W�MV�E���6�浟�Ӛ�����#�j/k��&��
B�EJLn�|g�������n)$&{�9�$.(@H��p�aܝ�`����$����-�6�
^,3.Ͼ��7}�c�B�D{�g\����5�i��vw>A����
�sM�f�e|-�v;�@��z��ԭ7��氲�
�|��V�fY�J�R�8�X�x�m�C��D��������F,��TаY`sٟ�w���Y`��6FG�G. 3d�8��V�nݷ��o��2d`��3�dpH0�u��F2�d�l�~��r������
`Rn48���p�ۃt:�E���""*� (�""jB3�""*�""*� J�v���HzhDQӦџ�Ir(*�D��(u]�u]��78HHl�444TSU
�(�0s�g�R�(f�6j%VS��i��TM5M�4m6�$M�f��4QA�彚�
�L:��B#!!�X""�����祈�""�ztZ��������%RD��B�1�����(��$&5�h�L����A��0l�(����H��	�7B@���8K���m���v	��
0�
�_L4,���E�2GJLfzMH��:|�%���qq�����Ol��7��2\�x�v����e�IGf����U��;�����[滽v� �<'����,j!�w��}_�y�gMy�IG���`g�������m��+�g^b�ۍj.�������̇7~��2�HL����}�m�q�U���l�۷��l�>-�q%�����?
j!��w��<�|c.�BN딘�Y��۶�0�wU`	%�|%a�� $�y���7��
UNA��Y�g�g%�/�t6��c*.&m��	�S�DC�'���h˘00�
	|aB�F�T����d[�H詚IF�'�
�JE��� l�%��� a��*�O�%	��B�JX`�	��%d��K$d $&X[$�������KD�p��c*,����i$x�@�*�Z�F�I�ILvZƻݢ*1�Y�y`�P�R|��4L��%�Q������>��,1�IJ��E��`��&�$&w��[:2�>�HGf���=c�A8��m�#F����$�?�l` �lHEa�P��Ĉ}zs��e?�!AC��Ѱ
	��-�J~��'b�1c��w�BC�����""����E���ႭG���C.�����`0,o����""F���x_�h�� 
��[:�DYȪ�J7����E�U�d%&�g<�>D!G$�*�q@��h/b�`8S��B""�.��Df���A��ɰ�����Ehjd�_��(�
d��QBb��3PF�I���d+\F4�NN�TYDE�UU�m��.[�U7I�&�%n�.�R�~�.��7��W:�3~6����9�`��Cs�����Yo����x����a{D8�\�e��ν�pD��>��c4Wk�lW{���+��@.�X����<[��n�Ĥn*�� m��W�J�O��M�Fց���`�-
�LF,&���E��`�C
L؈�ō�%50�������Z����[���p��*x��C�g��gn��d��;v�������۔�=u_*Ua�`N
�4�=U%�I�i0B�bf����,V>8�&�����{�3�
_����g� """"����2s�D����ao���p���o���F�A��h���x�$���e?�L�1�;�<��E�pz�c�`�y�0��f�YE�ߌფW��ayJ6
����R�IU^�JC�������A
*J1ڀ�Z�0g�h	
�5�<�&y��-��Þo�@����B�`�0��	�R����YN����S���PV
GZ͂����G�q
�
����(d�L>�#N��8E�_��lf�z$��)(2�U̅�7�d}������
8)�'	@av'�iW ��� ���h�ܝ��۸���#���D�9T�&t�w�
AC���5�8Q��|n���O2>^��b��fO�n/R��AF2i��p��0f0!nؠ��Kj��>��$�c!��Ph�x&�#""��:�d�a��2��k�_+�rG�������9c�TEU�i��X-�X:�	��j6��B�0#��[��_y�����ժ�}rϝi�g�]G�$C1#�4���l�4��'^wPwo��C��W}]ׄ���@H��h��c���۬8��V$sp�_+�H�ۜ\<����w&�KB��uP�TL��,rݧ�a��i]�6����&V�a*CPY���#�V���^����P;�2)a$�9����H��0^T�U�U8q
��A��|���J6����u4��j��a�xݨ��XJ""�y������H����xHW,�&F����W]&L*���-QPA�T�U��[M�Ѣy��r(�
V���!ŧj`V��䱉bS�f�ȱ��'�?{����\ӺѴGLE(�9��G
0�����""��PI�)�r��E��X��2ՐP*`��SH�l�n&%�g��rG��8�E�]3[
H�|[@(�8�������t�Qn2���u��lC��Q"".^C��@?$
�jm�\��+�,!��;��f�@`H�\b�Wd�2t�K{E�ω4�� �
A�y��I$�Y�:l�l$���>��[SÉ(��Z�P�݅B0e�^��qnD�X
��>u�|�9a�H������{t��=��rZ,��u�K��O(,�ֺkiE��,;���u�|2�y>��.�������i���Q�d���F��Ǯ�D
�a��c^�M*/���G�Ո�5""�[�Qs-3��&>Gx�""�_ʦ��D�`��c�C�\�,��06��b�K���ق���L!""&�4.��c��ڗ>O<�(�{͐
uGG'bW8q*P��-��\�h����BY�g�𔖑M����h%�[�>1�Q�����+��:iI�~���%��ض^᭖�8��i�4� ȧG0Lh�E�����l13�Hܚ͞�¦�mM'6U&��3c�(�Wc�U��p=�2o ��>��Z��,A��*\���p�p�:���6��R���F������\��:��;[[��hi�;��a�8�l'/ƍ���<⒫�|��l��>w��X���~eh�o7q;�f���ݲ?����h~1(��K/��}�K��篐���!B�������>��Ԍr	�^u��V���%�����F����t<�:e��kpth��u옆&�P%7Z����\�t0�1k�]$���a�&O�5��ݞ]n����Pj7Snǰia�!;����0D[�i*�OB""Eh[q	��L���V`@���!�3�6�,��t$et�;�f�IVE�:�T��)""�d쇁���������q�CW���a-���[Y[�����~L�Tp'JK�W�����)W�+�|�'ww��p���p��˟���c�M����v
�<�-xuD��)��PК|�[�SЇVA���y:��G�Č2c�#k���`������%_�{���%��y#i@��<1�N65���45�/��F�-�>��6U��A��i��a������[k҈�&��&�""}-��@��l�S��vaՒP��/��%�v3q��0��
G�0���E��*)Ӗ0v
3ڍ��]�""
�Pk�G���-���u���5�ݨF��
�""�K��q�(av�ɋP��1\Q$�Ԅ������[$+d���a	�6%f��z�凚��Yl��5�\I\1bݺ)a3PK�""��8�M�8��`0�ٱ,NJa�΄j.�(,����g;�YD-p��%f�>:��)��ZҴ8g�gF��)a�Ҕ�
�c?z��dLv?vl��Xh��,��);G�|i�
����vχ�~>.ص�̔�&ƌ 427�:��ń��GZH�yx�%�S�C}���3�X�B�m'TE�Aw\)�U���K�Y5G����@�'�֗���g��f9���E�8)� wH�����O�2�a�� l;ݔM����\Հ1��D�����ܽ��W*ر^:!\D��ҫ��WB�G�9CP���
�*F~K�A���7�����	*�
���pt�b�|喞�J�G[�ÎA�?���Pb`3��15�W�,	-�+���'C	-���#vm�A�QS�?`�Ng�*!��P(M*���u}Q��B�?+D+s�alB8גT8*�h
�Z����rmG�H����}/�T��r""�D�qf<`�4=쒲W[-9&�y�A�iCT8	^�""�����۶�B'�n�I��w���
�	7��њ����������x�m�S����۱X��r��29O.����y-٠noN���8�X0�܀��
���˟}�3��ыԞF�}>�YM(�(Z.I!P~�eN��QX�]�P-qڪ�~-Q���""�������b�%�z��!��c�d���9S&�m�l������9d����,c�7?�-#�
���O�$4��3-�$���h��PP�J����׳�i9(���Ժcz�
T���d�����h:�,҉����p����Q����i<�Z�:X�Gt���&p��Bmj����Ś�{O�k����&��)\�""f�xB���ݮ�0����}��P��=��>��_��r}��,��7���6P��|������g\ Đ<�G��7� ���o��n%���[L� \
r������I<*� ""�~�S���26F��NgL��s�X��aK�W�q82�""�9,,�i� ����Y�M0���?��$�'k6YX�	��KW7�G���@g��y�����)DFIg6Ǔ'��w��̩���zP�����=6?�hU�!p�ܐL�A`������Yu�ϒX1�.;�q4K�J�|�*'O�����'�)J�?E�z1}�z��C+e��7u��ib'�A��h��	Q�d�UOm�A����Z�-��O9�8s�bn�
Z}����%J��P���v�SΊ��۴�5u��Q�K����SP�a�hd%y�����@��I<�գj���������""D%��T4���m66�8=D�������I���ͩ�1V��{���R���fM��L�
&��'���a��&2���-uܝ57���I�����c���f,��x3�ǹ�:���t�J�K�D����N��b�R i���PR��5($F%t��!��X�������6�3K�g�W��:Q�̉��m�1��ovR��@�HV�V���\?��S*�-��7Q�cd���2&&�sg�6Ԅ3K��dA�Ng�����j@	�Z""JAZ�9��jD�[�R��+/�_˭��� ��u�Qd@=ux:�����)���Aj6lMlr�R���Q���H�啪	�B�u""pC��⾎�Ԧ�>&�k��""�8��X��?6HDv�=^D�e�(O�0[��%��Մ��|j�Q���h��$���,�ř�-5߃�J�n��3N{�<�K������}a�o:P�2����W���kF��*�au3+F�O�o1�cP揑E�m���.���V����˴ʽ_EHbE��?�Y�E,7qp��%�Ɋ6l��`c[\D��bb�6B|�)�q����J�s(����1�mY�a�*F�1�C�v�<��������.���{�E���E%��ABV�v�o�kLN��o��=�S���r�C������]2���i$��.�k�}���>He��:����k�$�y��`/M�ʑ���(ɀq�CaE?':�v���5Q��w��J����#�I��[���ƶ����Y�&�-����!�g*IS��Ɗ1�eks�
2EQ���7�3�V���R�S?�,j<�@���b�6�_���l���?�3���
��U�BH�te�ꆐ�'�s��H���y��=��畓������6��T�T��:*Tʰ�""��[B��Y?����C0�:��{��I&�	+�5���-8�%>���y���tt:|��x��u	3���G�R�e6��F*���'-��n���y�jN��ԜF�x��U��������y��zB� ��°zO��fK\{�͵�Z����K��""+�J��MR�I����R�N�Tk%�]rI�Q,*������ʱ`!�:Ln�,ٜe�*��q����+⪔�;AI��ȥ�3{jڏ�Zdz$�ȡ�XC@��Q劉5��Q��A���@}k*u�(�]�A��B(<�1�Ȏ0�d�I/W�>D�s�`�h�
-�!�w=gxr4��6w�4ƿh_X�ހv�/�8s�
��-��������_��n7!pA�A��dXVD��""��{'j�-~���_1��͗2/Aɡ�����p�6�5\��&�l��;6P��Y�-3��0z���.�(��.9����Q!uĥ�yt�B����bE=
N:�V^�@Lm~��5�\H�܌��l�C��gq�g	��t�%�T�Gt�b]�vCwS6!�-�?Y�}�)ի����@����e�e)�&�S�5�t�/�r@M������{�>�����D��HngIR�|n3�7����QԸ�[�]���Bf�� n�����`|cE�=��·�b����ϓ���S�+l��v��y�I��@���Q�gʠW���A��g�[��qS�w_�Zw�io�|�qU��o�)5�i(�A��ډh��ը���a�""[Q�Z��9�Y���`�z�>���_��ȺK���1d���/J�����PS{Dp!�=�kc�!2�y�t֡���""�@L���F��u��J�A���\��]���	��
�u��o� �""ʍ!V�RS�Q�XT�,�s��[!�<�M��F�6���a� �!�1�xDp56���Ճ��3?�г�,���)�ј��|��$����E}�K�""Iɷ��c�Gj�9�����M�>�W�<""�����|p�)�eK�7�&ǏÎ��QLD4�z1��1�H�=�v�CQcА����,�����^���!��|'6�""4d��GWd8sލx�����G�E�\�SJ~M詓��^���ｐ��`���G#���'�� �����Dq7�h�pW�}	m}���W�C�z&��?�J4��]b5�OL�\:��
\�(5dpGp�l����j����VfLNO�b��9�<�A�""�F���E$!n��Ӗ���`�u�˫�m�y78�Y0��z��p�{&�
�","success(trafilatura, resolved_via_decode, 29178 chars)"
Two Persons Critically Injured in Leopard Attack in North Kashmir - Kashmir Life,2026-04-12,Jammu & Kashmir,,Leopard,Human Injury,0.0,2.0,0.0,Two persons were critically injured in a leopard attack.,0.98,single_incident,,Kashmir Life,https://news.google.com/rss/articles/CBMingFBVV95cUxPY1NMaW5kNlFqX3BPQTZKb1YzUjkyMWlMdm5laFhDb1NVNEpCLUlwZmphd1NCUUM2OXVTTnBCb0QyN2hZSWRra3hfdFY0c0t6NjhfYzZmUk9KaFMwSkdLSTdfXzUweGhWeFFqcFJwbWctUjlWOEY4YU90UktsY1VkbEYtNnpMOEZYamxWMmUxbkFkdzgyYmZjV1Nndi1SQQ?oc=5,,,"SRINAGAR: Two persons were seriously injured in a leopard attack in Tangmarg area of north Kashmir’s Baramulla district on Sunday, officials said.

The injured have been identified as Abdul Rahim Ganai and Mohammad Sultan Najar.

According to locals, the leopard had been roaming in the Marchipora and Chandilora areas of Tangmarg for the past several days, triggering panic among the public.

Eyewitnesses said the leopard first attacked Najar near Gousia Model School in Chandilora and soon after attacked Ganai in Mirchipora village. Both were critically injured in the incidents.

The injured were shifted to the Sub-District Hospital (SDH) Tangmarg, where they are undergoing treatment.

Meanwhile, residents have urged the Wildlife Department to take immediate action and capture the leopard to prevent further attacks. (KNS)","success(newspaper3k, resolved_via_decode, 831 chars)"
"16 Sheep Killed, 17 Injured in Leopard Attack in Central Kashmir - Kashmir Life",2026-09-10,Jammu & Kashmir,,Leopard,Livestock Attack,16.0,0.0,0.0,"Leopard attacked livestock, resulting in 16 sheep killed and 17 injured.",0.98,single_incident,,Kashmir Life,https://news.google.com/rss/articles/CBMimwFBVV95cUxNcDJCcVhtTXpybTdNMzJhZXA3ZkRTM1ZVdHdWSVFCRTg1eV9rRzlMVWgzb3BwTDhGOFVCdmNwelpoSmtvM3dOME5iOEZPLWpSRFNOblQ0bXUwV3hkSElJdzY1ck9lcDlCZElENHg2YkJVZGxrdlUwTlgwbDJiRUxTSlNFVDNYM2VyZUNCZVFIV1RlNC1VeXF2Q0FvMA?oc=5,,,"SRINAGAR: Sixteen sheep were killed and 17 others injured after a leopard attacked a flock in the Chadoora area of central kashmir’s Budgam district during the intervening night of Wednesday and Thursday.

Imtiyaz Ahmad Chopan, owner of the flock said that he believed a leopard had attacked his sheep, though the animal’s identity is yet to be confirmed.

He said the animal entered the livestock enclosure in Badipora village of Chadoora during the night and attacked the flock. “We depend on livestock for our livelihood, and the incident has caused significant financial losses for us,” he said.

Chopan appealed to the government and concerned departments to provide immediate assistance and compensation for the loss of livestock.

Meanwhile, locals also urged the Wildlife Department to inspect the site and take necessary measures to prevent further attacks in the area.(KNO)","success(newspaper3k, resolved_via_decode, 883 chars)"
"16 sheep killed, 17 injured in leopard attack in Budgam - thekashmirhorizon.com",2026-09-10,Jammu & Kashmir,,Leopard,Livestock Attack,16.0,0.0,0.0,"A leopard attacked livestock in Budgam, leading to 16 sheep killed and 17 injured.",0.98,single_incident,,thekashmirhorizon.com,https://news.google.com/rss/articles/CBMinAFBVV95cUxQRTlLM0RlMkJsQnR4SGR5NDdDSldIQl9NaXhVQ1BsclBuT2pEQm9VZkExOHJFMjZUcUJpQjMzTGxERjBOUTJmN2ZUTV9pcjdSWmxTa0l1SFJUT01Xa2w5NjNvTkR0M044ZnFfV2tZZTZrSmxvV282dGlmQS1LUnZyaUdlc1Z4cTBMcDNodHhjZzlYRVVTTkpEX1htbnA?oc=5,,,"Budgam, Sep 10 (KNO): Sixteen sheep were killed and 17 others injured after a leopard attacked a flock in the Chadoora area of Budgam district during the intervening night of Wednesday and Thursday.

Imtiyaz Ahmad Chopan, owner of the flock, told the news agency—Kashmir News Observer (KNO) that he believed a leopard had attacked his sheep, though the animal’s identity is yet to be confirmed.

He said the animal entered the livestock enclosure in Badipora village of Chadoora during the night and attacked the flock. “We depend on livestock for our livelihood, and the incident has caused significant financial losses for us,” he said.

Chopan appealed to the government and concerned departments to provide immediate assistance and compensation for the loss of livestock.

Meanwhile, locals also urged the Wildlife Department to inspect the site and take necessary measures to prevent further attacks in the area.—(KNO)","success(newspaper3k, resolved_via_decode, 923 chars)"
"16 Sheep Killed, 17 Injured in Suspected Leopard Attack in Budgam - Kashmir Age",2026-09-10,Jammu & Kashmir,,Leopard,Livestock Attack,16.0,0.0,0.0,"In Budgam, a suspected leopard attack led to 16 sheep killed and 17 injured.",0.98,single_incident,,Kashmir Age,https://news.google.com/rss/articles/CBMioAFBVV95cUxQMHV3SjU0ak5ETEZlYlB2Sk1oZXo2TzhINVBYbzBBOFlnckNJTF9xeU1udW9XMXhNMmh5VkdVaGtQNllwMHZjUDZKb01NaTN0V1ZnQ1ZZVzl0UFVhaUNTbldPNDRaTDZBNnBjMXVvRUR5VXFlWnY1NV8ydlltTVpSd3ZOU1d6UWxfS3hIdGU0NFBjYVA1SWNxc19Qb0FnYzBW?oc=5,,,"Sixteen sheep were reportedly killed and 17 others injured after a wild animal attacked a flock at Badipora village in the Chadoora area of Budgam district during the intervening night of Wednesday and Thursday.
Imtiyaz Ahmad Chopan, owner of the flock, said he suspected that a leopard had entered the livestock enclosure during the night and attacked the sheep. However, the identity of the animal has not been independently confirmed.
Chopan said the incident had caused significant financial losses to his family, which depends on livestock for its livelihood. He appealed to the government and concerned departments to assess the damage and provide compensation and immediate assistance.
Locals have urged the Wildlife Department to inspect the area and take necessary measures to prevent further attacks on livestock and possible encounters between residents and the wild animal.","success(trafilatura, resolved_via_decode, 885 chars)"
Leopard Attack at Budgam Brick Kiln Leaves UP Labourer Dead - Rising Kashmir,2026-06-05,Jammu & Kashmir,,Leopard,Human Death,0.0,0.0,1.0,A leopard attack in Budgam resulted in the death of a labourer.,0.98,single_incident,,Rising Kashmir,https://news.google.com/rss/articles/CBMijwFBVV95cUxNc2prV044RkxxQmVOYzUyUEUyZ0dVeV9fZDkyMjVzRi1vZkRybU8yX1RjX1cwWGEzdWFNd1JEenB1SmQ5c0xFWVFKSzRldHdRWTRHTTZrREJWTXBHVjI3UUpXUnhpemtTWVNxRXFBeVMyV1loTE5oanEwTnJYYmtMa2VKblJINGdCT0xIZkk0VQ?oc=5,,,"Srinagar, June 5: A 45-year-old migrant labourer from Uttar Pradesh was killed in a leopard attack in the Beerwah area of Budgam district on Friday, officials said.
The victim, identified as Harish Chander, son of Kashi and a resident of Uttar Pradesh, was employed at a brick kiln in Baput, Beerwah, owned by Mohd Altaf Thoker.
According to police, the labourer was attacked by a leopard near the brick kiln. His body was later discovered a short distance away from the worksite.
Upon receiving information about the incident, police personnel reached the scene and took custody of the body.
The deceased was subsequently shifted to a hospital for medico-legal procedures.
Police have initiated proceedings into the incident, while wildlife officials are expected to visit the area to assess the situation and implement necessary safety measures to prevent further attacks.","success(trafilatura, resolved_via_decode, 874 chars)"
"Girl, 6, injured after Leopard enters house in Shopian - Asian Mail",2026-07-23,Jammu & Kashmir,,Leopard,Human Injury,0.0,1.0,0.0,A six-year-old girl was injured when a leopard entered her house.,0.98,single_incident,,Asian Mail,https://news.google.com/rss/articles/CBMijgFBVV95cUxQbWlwcWZzd0ZENVZ5VlJBOHVHQ21odEkyVTZUVUpMRkM3R1dfX3hpV3FmTGNiUUtKUTJMQkRZRTFKMF9odEFMUDFFQ2xsTzVFeWlWLUotZ1lLNlJZMUVQdnVKOEhCX2NIRFhfeThnYzFFRUlucjdsWWU0aWZBY0w0Y1hGUjFDZENUT0J2SVNB?oc=5,,,"Shopian: A six-year-old girl was injured after a leopard entered a residential house in the forest area of Laitri Wali Behak in the Keller area of south Kashmir’s Shopian district on Thursday.

An official told the news agency—Kashmir News Observer (KNO) that the leopard entered the residential house in Keller and attacked the minor girl, leaving her injured.

He said the injured girl was immediately shifted to District Hospital Shopian for treatment, where she is undergoing medical care.

The girl was later identified as Aafia Jan (6), daughter of Farooq Ahmad Tedwa, a resident of Zrakan Shalidar, Keller in Shopian.

Meanwhile, police have taken cognisance of the incident and initiated an investigation.—(KNO)","success(newspaper3k, resolved_via_decode, 719 chars)"
Leopard Attacks Minor Girl In South Kashmir - Kashmir Life,2026-08-04,Jammu & Kashmir,,Leopard,Human Injury,0.0,1.0,0.0,A minor girl was injured in an attack by a leopard.,0.98,single_incident,,Kashmir Life,https://news.google.com/rss/articles/CBMigAFBVV95cUxNc0VtOV9YaDFKZktSMzRyVjFZZTNrTVRFSmZtSTUtQVhmS3hFNkgwM3VnUGo3QUFVX216RFJCVDJmT21NSENXSHFPMzhncFR0WEtZWlEyM29tZzhPY2RoMXAyLWUxRUNoOWZHejdIY2F3bzc1UUtZY1BkMGdia1RkMg?oc=5,,,"SRINAGAR: A minor girl was injured after being attacked by a leopard in Dragad village of south Kashmir’s Shopian district on Tuesday.

Officials said the girl, identified as Zanab, daughter of Aafiq Ahmad Thoker, a resident of Dragad, was attacked by the leopard while she was in the village.

She sustained injuries in the attack and was immediately shifted to a nearby hospital for treatment. Her condition is stated to be stable, the officials said.

Following the incident, residents urged the Wildlife Department to take immediate measures to prevent such attacks and ensure the safety of people in the area.","success(newspaper3k, resolved_via_decode, 614 chars)"
Labourer Mauled to Death in Leopard Attack in Central Kashmir - Kashmir Life,2026-06-05,Kashmir,,Leopard,Human Death,0.0,0.0,1.0,Labourer mauled to death by leopard in Central Kashmir.,0.98,single_incident,,Kashmir Life,https://news.google.com/rss/articles/CBMimAFBVV95cUxNeldpVUxtYTNZeWdpb0xMdFFhQVBuV2dZY0VfNzVpbjhLbU9FNlFhSEZKT3JLUkoweHYzbU5QOEVSbEF2Q2U1a1ZrZFo4MjB4WjkxNHlFS0lIbUFvdTRaeVlydUJOUktVY1hodVFRVFJ5V293cEVHWE9CWkZTU3dzNmM1V0NQSFhEVmtZYk5MNng5bEl0TnE5MQ?oc=5,,,"SRINAGAR: A non-local labourer was killed in a leopard attack in the Beerwah area of central Kashmir’s Budgam district on Friday, officials said.

The deceased has been identified as Harish Chander (45), son of Kashi, a resident of Uttar Pradesh. He was working at a brick kiln located at Baput, Beerwah, owned by Mohd Altaf Thoker.

A police official said that the labourer came under attack by a leopard, and his body was later recovered a short distance from the brick kiln.

A police team from Budgam reached the spot soon after receiving information and took possession of the body.

The body was shifted to hospital for medico-legal formalities.

Meanwhile, police have taken cognisance of the incident, while wildlife authorities are expected to assess the situation and take necessary measures in the area. (KDC)","success(newspaper3k, resolved_via_decode, 820 chars)"
12-Year-Old Boy Killed in Leopard Attack in North Kashmir - Kashmir Life,2026-06-09,Kashmir,,Leopard,Human Death,0.0,0.0,1.0,12-year-old boy killed in leopard attack in North Kashmir.,0.98,single_incident,,Kashmir Life,https://news.google.com/rss/articles/CBMikwFBVV95cUxOZXQtT21KNk9tZ1l0Q3BGREYxVUlOS2RhbHpUV3ozS1pXeVB4NTl3eE9sQjVNUHIzZFVMWmpHWnNmZzZPUHVIcGVabGVTR3BMbjFWRG9Ta3l1SF83bmxPV3NRVkpHOTZYTGg4aFNRRGRqSDlXY0g2WHdfWUhZbWlKNDRMel9HaGFIcUJ0OEdoZU1haWM?oc=5,,,"SRINAGAR: A 12-year-old boy was killed in a leopard attack in the remote village of Manzpathra, Chowkibal area of north Kashmir’s Kupwara district on Tuesday evening, triggering fear, grief and protests among local residents.

According to official sources, Tajamul Bashir, son of Bashir Ahmad Gujjar, was in the courtyard of his home at around 5:30 pm when a leopard suddenly appeared and attacked him. The animal reportedly dragged the child towards a nearby forest area before disappearing into the woods.

Following the incident, villagers launched a large-scale search operation. However, despite their efforts, the boy was later found dead, having sustained fatal injuries in the attack.

The incident has left the entire area in shock and mourning. Residents expressed deep concern over the increasing movement of wild animals near human habitations and staged protests against the Wildlife Department, accusing it of failing to take adequate preventive measures.

Locals said this was the second leopard-related incident in the area within the past month. They claimed that a child had been injured in a similar attack a few weeks earlier, after which the Wildlife Department installed a trap cage in the area. However, residents alleged that the cage failed to capture the leopard, allowing the threat to persist.

Protesters demanded immediate and effective action from the authorities, stating that the leopard poses a serious threat to the safety of local residents. They urged the administration and Wildlife Department to take urgent steps to capture the animal and prevent further loss of human life.

Meanwhile, the Tehsildar Kralpora, Naib Tehsildar Kralpora, and senior police officials visited the bereaved family to offer condolences and assured them of all possible assistance from the government.

The Divisional Forest Officer (DFO), Wildlife North Kashmir, said that an emergency operation has been launched to track and capture the leopard. He added that Wildlife Department teams have been deployed in the area and efforts are underway on a war footing to prevent any further incidents.

A senior Wildlife Department official also confirmed that field staff are actively searching for the animal and expressed hope that it would be captured soon.

The incident has triggered widespread concern across the region, with residents urging authorities to strengthen wildlife management measures and ensure the safety of people living in vulnerable forest-adjacent areas. (JKNS)","success(newspaper3k, resolved_via_decode, 2498 chars)"
Girl Injured in Leopard Attack in South Kashmir's Shopian - The Chenab Times,2026-07-23,Kashmir,,Leopard,Human Injury,0.0,1.0,0.0,"Girl injured after leopard attack in Shopian, South Kashmir.",0.98,single_incident,,The Chenab Times,https://news.google.com/rss/articles/CBMiqwFBVV95cUxOOU52Nk1wYmJaRzNETjhrVnl0QmVTTURial9CV3FwRjZrY1UzZVJXRS1nUWpDLV9jOXp3dlV6S1k3a2JZRk9QRWpmWTMxSERzYk5fb2dMTUg4M1VhUzYzSHgzeGE5QWlSdU1TUUxkMXZvNUxmVjRXWjg4dWt0NGNSZHpJOFM2MDdwTWpCOU5xZXlsOWdEaFEtMWJsV1pob1F2MmZPLVlkZ1FzU2PSAbMBQVVfeXFMTU5Fekxmd2lxZzVEaUVVNUtSZ0ZaYWxab19NQnJjbzNIWHd5a0NZekI3VjlScHFrUVVYdVBYS3lNYlhCRWhmdDVGZXRZUUE5UmNkajlnSXJKWkxhM0stSHZhODJUYVFkaXNmbmVqU0RrYlpzYVRIZ3ZRbEhOb0k0NjZucGVwQk14eXlWeVgxNWhVbUZWV1V5Q0t3V18wWlh1b0VoaXZGa1YzR1JsMTFQLTBUa2s?oc=5,,,"SRINAGAR: A six-year-old girl sustained injuries after a leopard entered her family’s home in the Laitri Wali Behak forest area of Keller, Shopian district, in South Kashmir on Thursday.
The Chenab Times has learned that the wild animal attacked the minor girl shortly after entering the residential house. The injured child was promptly transported to the District Hospital Shopian for immediate medical attention and is currently receiving treatment.
The victim has been identified as Aafia Jan, the six-year-old daughter of Farooq Ahmad Tedwa, a resident of Zrakan Shalidar, Keller.
Following the incident, local police have registered a case and initiated an investigation into the circumstances surrounding the leopard’s entry into the house and the subsequent attack.
Wild animal incursions into residential areas have become a recurring concern in several parts of Jammu and Kashmir, particularly in regions bordering forests. These incidents often raise questions about wildlife management strategies and human-animal conflict mitigation efforts. The presence of dense forests in many districts provides a natural habitat for various wild animals, including leopards, which occasionally venture into human settlements in search of prey or due to habitat fragmentation.
Authorities have previously advised residents in fringe forest areas to exercise caution, particularly during dawn and dusk, and to take preventive measures to secure their homes. This includes ensuring that doors and windows are properly closed and that children and pets are supervised when outdoors. Local wildlife departments often conduct awareness programs to educate communities on coexisting with wildlife and reporting sightings or encounters to relevant authorities.
The incident in Shopian highlights the ongoing challenges faced by residents in managing the proximity of wildlife. The District Hospital Shopian is equipped to handle such emergencies, and officials stated that the girl’s condition is being closely monitored by medical professionals. The police investigation aims to ascertain the exact reasons behind the animal’s unusual behavior and its presence in a residential area.
(We don't allow anyone to copy content. For Copyright or Use of Content related questions, visit here.)
The Chenab Times News Desk","success(trafilatura, resolved_via_decode, 2308 chars)"
Leopard attack leaves 16 sheep dead in Budgam - Rising Kashmir,2026-09-10,Kashmir,,Leopard,Livestock Attack,16.0,0.0,0.0,Leopard attack resulted in 16 sheep dead in Budgam.,0.98,single_incident,,Rising Kashmir,https://news.google.com/rss/articles/CBMisAFBVV95cUxOaFcxU0VVdHgyd0I4cjNNXzkwS3FoMllRLWFOOWxlRFhLR1Rqcm1fQkExS2VESkRkbF9SV2dDS01fUENienY1RG1CdDdmOUxZbU11TlFxSGZGYUpaX05GR0dyaEV0UVRkZ0xQNm9qYkZ5R0k4TmxxdXY0VWlJaUU2MWdQMnlWWFVnWGJIRjlkNUo4bG1xM0RuTnJIaXdlVmhjSlZHUHUzR0w1MFN2M29uUQ?oc=5,,,"Budgam, Sep10: Sixteen sheep were killed and 17 others injured after a leopard attacked a flock in the Badipora area of Chadoora Tehsil in central Kashmir’s Budgam district during the intervening night of Wednesday and Thursday.
According to officials, the incident occurred when the leopard entered the  and attacked the flock, leaving several sheep dead and others injured.
Bashir Ahmad, Block Officer, Wildlife Control Budgam, said that a team from the Wildlife Department visited the spot after receiving information about the attack.
“We have visited the spot where the leopard attack took place. We have also installed two cages at the spot to capture the leopard alive,” Bashir Ahmad said.
He said that the department has launched a search operation in the area to trace and capture the animal.
“People should contact the Wildlife Department immediately if they spot the leopard anywhere in the district so that such incidents can be prevented,” he said.
The incident has caused concern among residents, particularly livestock owners, who have urged the authorities to take necessary measures to capture the leopard and prevent further attacks.","success(trafilatura, resolved_via_decode, 1151 chars)"
Jammu Kashmir: 15-Year-Old Injured in Leopard Attack - Kashmir Life,2026-01-16,Kashmir,,Leopard,Human Injury,0.0,1.0,0.0,15-year-old injured in leopard attack in Jammu Kashmir.,0.98,single_incident,,Kashmir Life,https://news.google.com/rss/articles/CBMiiwFBVV95cUxOS0c0ampHdEtRMXoya2Z4Si1ja0JPVUtfZWI4QTFVV2s5eDVnOG0zME15M3FWZHVvYWZJMXQ1c3JnOGc1cXhhV1FjMVlZUHd6dWVqQ2FZS2NBb0g2UTZkeHo1UjNYQlUzU1BxejBlUnZ6QlVkVnBQUnM1TnRVNnJsenZBbFFDX29VdmFZ?oc=5,,,"SRINAGAR: A 15-year-old boy was injured in a leopard attack in a remote area of Rajouri district in Jammu and Kashmir on Thursday evening.

They said that the incident occurred in the evening hours at Panchayat Dodasan Balla (Remote), Ward No. 2, Gurah, when a leopard attacked a 15-year-old boy.

The injured boy was immediately rushed to the Community Health Centre (CHC) Thannamandi, where he was admitted for medical treatment. His condition was stated to be stable.

The incident has triggered fear among locals, who have appealed to the authorities to take urgent steps to ensure public safety and prevent further wildlife-related incidents in the area. (KNC)","success(newspaper3k, resolved_via_decode, 665 chars)"
Leopard Attack Leaves 20 Sheep Dead in Central Kashmir’s Beerwah Village - Asian Mail,2026-02-17,Kashmir,,Leopard,Livestock Attack,20.0,0.0,0.0,Leopard attack led to 20 sheep dead in Beerwah Village.,0.98,single_incident,,Asian Mail,https://news.google.com/rss/articles/CBMipwFBVV95cUxOME90eHk1N2tpblJJeXZYRDMybDhtN2hHcExILXRHR0pFcEl0Wl9JcTB5d1Bsa3hNN1JHSGkzT29qMk9INkxGZzN1eFF3Y202NXVIVnZWUGVtNnl2VWwtMFBjUUcxczhvWm9mdlY0V0dmT0JDTldZQy1WNzl1NlRFWmRyT2J5OTRBa20wanQ2dVphSDN1Vk5RRjdUV0RmaE9reDJoZks4NA?oc=5,,,"Budgam: At least 20 sheep were killed in a leopard attack in Utterpora village of Beerwah area in central Kashmir’s Budgam district, leaving a local shepherd devastated and seeking financial assistance.

Locals said the wild animal entered a livestock enclosure during the night and mauled the sheep before fleeing the area. The attack triggered panic among inhabitants, who have reported increased sightings of wild animals in recent weeks.

The owner of the flock, Tariq Ahmad Mir, told the news agency Kashmir News Trust that the loss has shattered his primary source of livelihood. “I am finished. This was my only income,” he said, appealing to the authorities for immediate compensation and support.

Inhabitants of the area have urged the Wildlife Department to step up monitoring and take preventive measures to avoid further attacks. They said such incidents are causing repeated financial setbacks to livestock owners in rural belts.

Officials from the concerned department are expected to visit the site to assess the damage and initiate necessary procedures under the compensation policy.

The incident has once again highlighted growing human-wildlife conflict in parts of central Kashmir, particularly during winter months when wild animals stray closer to habitations in search of food. [KNT]","success(newspaper3k, resolved_via_decode, 1308 chars)"
Four Injured in Leopard Attack in Central Kashmir - Kashmir Life,2026-04-19,Kashmir,,Leopard,Human Injury,0.0,4.0,0.0,Four individuals injured in leopard attack in Central Kashmir.,0.98,single_incident,,Kashmir Life,https://news.google.com/rss/articles/CBMiiAFBVV95cUxQbWhpR2VRRzloU1pEaENRNkdFcnZ6aEVYeXU1Q2F4ZS16TWhmWGJBSzMtMksyYVFiY3Y2aTBWNjZIRXZxQzhuZjhFaGxrR25nbUxqcGluQkpKZHN2TTJGbXJZZ1Y1djRNaTdINl82R0NDdmxSSU5vWlVjOVU2eFhmRGRGYnFiUklt?oc=5,,,"SRINAGAR: A leopard attack in the Batpora and Sheikhpora areas of Khansahib in central Kashmir’s Budgam district left at least four people injured, triggering panic among local residents.

According to locals, the animal suddenly appeared in the area and attacked multiple individuals, leaving them injured before moving through nearby habitations.

The injured were shifted to nearby medical facilities for treatment, officials said. Police personnel reached the area and carried out measures to control the situation.

Locals expressed resentment over the absence of the Wildlife Department during the critical period, stating that timely intervention could have prevented injuries.

“If the wildlife team had arrived on time, the leopard could have been captured,” residents said, adding that no officials from the department were seen in the area during the crucial hours.

The area continues to remain under fear amid reports of the animal’s presence, with residents urging authorities to take immediate steps to track and capture the leopard. [KNT]","success(newspaper3k, resolved_via_decode, 1054 chars)"
Six-Year-Old Girl Injured After Leopard Enters House in South Kashmir - Kashmir Life,2026-07-23,Kashmir,,Leopard,Human Injury,0.0,1.0,0.0,A six-year-old girl was injured after a leopard entered a house.,0.98,single_incident,,Kashmir Life,https://news.google.com/rss/articles/CBMiowFBVV95cUxPbW8wcXZMREh5MHhtejlVemFfeWRxU0hnem0xcVVZRTFQQWJVWGNjX2NoZ2ltQnBpYlNwanRacjRCWXNBdWVKREpwc2ZjcVdnYXpQVFdnTHhublVaRWZJdWtiQ3M4TzhwOFlNbUdOR0ZfRFA1NlM5bzBFQnAwSE9zamk4cVpxcGpYYkFVQndHRUNJSENKbjNpdmtQMDM2cTdqMm5j?oc=5,,,"SRINAGAR: A six-year-old girl was injured after a leopard entered a residential house in the forest area of Laitri Wali Behak in the Keller area of south Kashmir’s Shopian district on Thursday.

An official said that the leopard entered the residential house in Keller and attacked the minor girl, leaving her injured.

He said the injured girl was immediately shifted to District Hospital Shopian for treatment, where she is undergoing medical care.

The girl was later identified as Aafia Jan (6), daughter of Farooq Ahmad Tedwa, a resident of Zrakan Shalidar, Keller in Shopian.

Meanwhile, police have taken cognisance of the incident and initiated an investigation. (KNO)","success(newspaper3k, resolved_via_decode, 676 chars)"
"Toddler, grandmother survive leopard attack - The Times of India",2026-07-05,,,Leopard,Human Injury,0.0,2.0,0.0,Toddler and grandmother survived an attack by a leopard.,0.95,single_incident,,The Times of India,https://news.google.com/rss/articles/CBMitwFBVV95cUxPbVFtdGgwMU9PVmxQTGl4RG8yTFhGMmk2NTRkUVFiNEZaZTNKSFF1WVEtSkFZTHBEQW1hM3BPcTJmTXppeXJIcmE0c0NyX2xNQk1BdzVzRmVnalJ5ZFEtRVhWUXVyRUxlUXBHTVBQc2dFLU1wNGlha1VOSkU4NVZJSVVQZVRSTVJaYTVMQXVadU1ZWEFqT2VtOHJ6TnAzaWVHTWtXVEZPeXRvZm1YbU5OWGVIWTZXM2_SAbwBQVVfeXFMTktzdUx4dnJsMDl0MzZmNzdjQnJFNmZjYXdBdV9CZUp4R3htNXhtOHp3TnBnUWZYQXJLaWtkWnpTMDMydndEaEQ0ZE50SXZUbEV0RDBsT2JDOXI4TXRBZTdZdWxKaG5IVXRzTjB0bkU3YTJza2ZwNkkwOFRHZ0hMMmJVUlpFOWFQQmRVYlhmZUwtM01kT1luVnQtOEZyOUdubFNBLXhNUEZmZkpHMzgzeVdMNGlSZk93NDRsZVI?oc=5,,,"Mysuru: A toddler and her grandmother survived a leopard attack in Chamarajanagar district. The incident was reported from Tattegere village in Hanur taluk on Friday evening. The village is located about 40km from the taluk headquarters near MM Hills. The injured have been identified as Shivamma, 50, and her four-year-old granddaughter, 
Harshita
.
According to forest department officials, the leopard attacked the child while she was playing in front of her house. “The leopard attacked Harshita first. Hearing her screams, Shivamma rushed to rescue her granddaughter. The leopard then attacked Shivamma before fleeing the spot. Neighbours immediately shifted the injured to a local primary health centre and later to a private hospital,” forest department sources said.
Following the incident, forest department officials launched a combing operation in the area. “A cage has been placed in the locality to capture the animal. Search operations are also being carried out using a thermal drone,” officials said.","success(trafilatura, resolved_via_decode, 1016 chars)"
"Farmer’s half-eaten body found in forest, leopard attack suspected - The Times of India",2026-07-12,,,Leopard,Human Death,0.0,0.0,1.0,"A farmer's body was found, believed to be a result of a leopard attack.",0.9,single_incident,,The Times of India,https://news.google.com/rss/articles/CBMi1gFBVV95cUxNN0hEckpzdXFZTnc0eFkzY25pX2lKTE1yVFgtS3gzZ1pMd1Eyc3JXOHRjV3oweXdmUkM4S2xDRU1JNDBfQ1NCdXRPMnFrOWtHMUFIUkRndkJ5UTk2bm9hdkREcVBIaDZTcGFuZjJEYkFuTVoxbnlyM2dJX3h3RnQ1MDNsMmF3c0dycWZCSFRIWUc5bTItU0FCSUg4VUJSWTBiZFRSLUVpb2FOWHRpWUtPZGs3eVhXdVJBZUJmZFAxdEN3M0ZoOWZCN2EzLUNjZ1pSa01MSDV30gHbAUFVX3lxTE5YZDNuTHV0eUFTbFBpTzAtMXpLdDdoMHlCV0RmcFdLejhOQlZsNUllS1RDTEtuaDVSVXF3Q3dKajJFOHdKZExNSWFQVTl3NTNoeGd3SVg4cGZMNXFFc3pEMWZ2STZHS3dfUlNJM1NDUGs5VW43WGxxak1POTJ5X2NzZXE5SURMODBOUHBDS1QyUVoxdzVJQVVfZG0xWTJUXy1WY3A5U3U2eUdyTHN3U0V0UUNtRnpxWFJmbVIwQnBZUVZvdDRJajhUVnQ2dmtvT1FDQ3ZUdUM3dXhRTQ?oc=5,,,"Lucknow:
 A 48-year-old farmer was killed in a suspected leopard attack in Bahraich district, with his half-eaten body found nearly 4km inside the Katarniaghat forest after an eight-hour search, officials said on Saturday.
The victim, Dashrath Yadav, a resident of Dharampur Bezha village in Murtiha, had left around 2pm on Friday. When he failed to return home by evening, his family alerted the forest department and local police.
A joint search operation involving forest personnel, police and villagers was launched late in the evening. Around 10pm, Yadav’s body was found deep inside the forest. Officials said the body had been partially consumed by the wild animal.
Divisional forest officer Apoorva Dixit said the preliminary investigation suggests that the farmer was likely attacked by a leopard while inside the forest.
“As it happened inside the notified forest area, the victim’s family will be provided an ex gratia compensation of ₹4 lakh as per govt norms,” the DFO said. He also urged villagers not to venture alone into dense forest areas and to remain vigilant while grazing livestock or collecting forest produce.
The victim’s brother, Omkar Yadav said Dashrath had gone to check his paddy nursery and graze cattle near the forest but did not return. “When we searched for him, we found his body with the leopard still nearby. We raised an alarm, after which the animal retreated and we brought the body back,” he said.
Police sent the body for postmortem.","success(trafilatura, resolved_via_decode, 1476 chars)"
"Uttar Pradesh: 8 injured in leopard attack in Bahraich, search operation underway - ANI News",2026-06-26,,,Leopard,Human Injury,0.0,8.0,0.0,Eight people were injured in a leopard attack.,0.95,single_incident,,ANI News,https://news.google.com/rss/articles/CBMi2wFBVV95cUxOVEJXOTJJNzNRcFJONGtUWFdOZVRuekFZMkhtRFc4anQ5THJqOGxjYWZMWTQ3eVNsQWdSZG82ZFlfVk1ybHlUSmRyeTgtSWFIX1F5S0JzV1FUVzVsS2tvclZXdndOc3JnWlh3d2lGNXRhQkpVbGdwcVN4WUlsdDNtdjQ5UHZybVVoSnJZZ1E4OTFZZVVWeGViX0Mwc014Y2pKRG5yVV9PRjE3ekVuc0ZvelRoUVNNSzF0VVVLbHR2bXZ0cl9GUEdJdVhHam1Sb1lZWGJGVE1GZU1wZ2c?oc=5,,,"Bahraich (Uttar Pradesh) [India], June 26 (ANI): Eight people, including three minors, were injured following an attack by a leopard in the Bahraich district of Uttar Pradesh.
Those injured in the attack have been identified as Salamun (40), Hakim (75), Afsar (70), Saiyyad Khan (24), along with three minors.
Additionally, a 21-year-old forest watcher, Rahul, was also injured while attempting to set up a trap cage. 
All the injured have been admitted to the city's medical college and are receiving treatment.
Meanwhile, the Forest Department team also arrived at the scene upon receiving the news and has launched a search operation to locate and rescue the leopard.
Meanwhile, Salamun was cutting leaves in a banana field in Hamirpur Khairatiya village, under the Ramgaon police station area, when a leopard hiding there attacked her, leaving her seriously injured. 
When locals rushed to her aid after hearing her cries, the leopard attacked and injured six other people in quick succession, spreading terror throughout the locality. 
Recounting the incident, the injured forest watcher said that the leopard, which was in a nearby canal, grabbed his head in its jaws as he stepped down to install the cage.
An injured minor said, ""The leopard was in the banana field. We all went to the field. It came from behind and attacked us. There were seven or eight people."" 
An eyewitness, Abdul Qadir, shared that his brother, being the head of the village (Pradhan), was in continuous contact with the administration after the attack. The rescue teams arrived about an hour and a half later.
""My brother is the village head named Abdul Kadhar, also known as Pappu bhai. A leopard attacked in our village. First, a woman went to the banana field to cut leaves, and the leopard attacked her. She screamed, and the people from the area rushed to save her. Then, it attacked at least seven people. Pappu was constantly talking to the administration and the rescue team. After that, the rescue team arrived about an hour and a half later. I have received an update that the rescue team is currently conducting a rescue operation there,"" he said.
Another injured, Sayyed Khan added, ""The village head came at 7:00 AM, or around 7:30 AM. He made a phone call, and the police arrived. They stood there. The leopard attacked me at 8:00 AM, and the forest department team arrived around 11:30 AM,"" he said.
SK Verma, a doctor at the city's medical college, stated that seven victims of the wildlife attack were brought to the hospital; all have been admitted and are being treated by a dedicated medical team. 
DFO Sundaresha stated that a team was immediately dispatched to the site upon receiving information about the incident, and a rescue team has been deployed to the location. 
A cage has also been set up to capture the leopard. It will be caught soon. All villagers have been advised to remain alert, the DFO said. (ANI)
Uttar Pradesh: 8 injured in leopard attack in Bahraich, search operation underway
ANI | Updated: Jun 26, 2026 20:41 IST","success(trafilatura, resolved_via_decode, 3040 chars)"
"Himachal Pradesh: 18-year-old fights leopard bare handed, kills it with stones - Udayavani",2026-03-11,Himachal Pradesh,,Leopard,Retaliation Against Wildlife,0.0,0.0,0.0,An 18-year-old fought and killed a leopard using stones.,0.9,single_incident,,Udayavani,https://news.google.com/rss/articles/CBMi0AFBVV95cUxNWjlLckdUZEt5b2pxdFJlRFNJSE90TmpiOWFfMnI2cmVSdndNcUlSeVVjczNBSUZnWjlZNEpDT0lsdVRnUEhQaWhOQUNVYmNuYlJFUmp2TmFlWUg0X0EwWFExcUpJX1ZROTJnakNnT0JucmkxRkZMSEptM2FCWHludFU4Wkp3OW1URXZjYl9MSTluMG1SZW0xNk8zUkdpdVVHVlZtTXNvblh2ZXhCdFRnWVI5MUNwRlRsaXl6RmN4X2ZmR3ZOQXdhWXlUM1BhQTFO?oc=5,,,"PM Modi gives Russian translation of Thiruvalluvar's classical Tamil poem collection to Putin
ED flags overseas shareholding of K'taka minister Satish Jarkiholi's family; 'bribes' in PWD
In talks with Putin, Modi raises safety of Indians in Black Sea
Alliance Air plane suffers engine failure; lands safely at Delhi airport
Delhi building collapse: Absconding PG operator Shubham Tyagi surrenders before court
Gujarat: 195 girls fall sick due to suspected food poisoning at hostel in Anand district
BRICS Summit: Leaders to navigate global trade disputes, regional crises
FDA seizes Pune-bound consignments of 4,600 kg 'khoya', 12,500 kg paneer","success(trafilatura, resolved_via_decode, 644 chars)"
"Himachal: Leopard terror in Hamirpur villages continues, buffalo killed - ThePrint",2026-08-20,Himachal Pradesh,,Leopard,Livestock Attack,1.0,0.0,0.0,A buffalo was killed in an ongoing series of leopard attacks.,0.98,single_incident,,ThePrint,https://news.google.com/rss/articles/CBMipwFBVV95cUxPNEJzQ0p2QU1oRFdOXzkxY2dqd3dhNGRJMkRJbzBPUUVkYWdhcEdjNFN4VWZvVUk2YzBiNlBVT2ZlMHZBWXVfMGJxZWg2YkZBd0pMdnJKNkplY2xXVlhmX2dFVjgtRG5TaUFtMzJXSFEyUGxrWkw0YkVBSmtRUk52SlQyb01kVFBldTJkWXJQdW1xNmFwSVZyLWZUSG51emJ5R1dyaUVHb9IBrAFBVV95cUxQWTJCY2ttaFB1TXY2NFRGQ1VOS3RYVDhieTFxTGNJVEJLY185SkhiYjY5UGtXaGd4azZCWlplMmgtRDhzOHdVTUh0REV5SmJWQTNCclJXSWthTDVka00xVjFyRkxQcUZOaGRod00xVjBwLTNFSVBkaEZuVWtsa1Q0Ymc5ZjhDdEs4THVydTZSUEhVUzY0cld1ZVpLRU04WkVaemlaMmRNVTlZeFFv?oc=5,,,"Hamirpur (HP), Aug 20 (PTI) Leopard terror continues in villages of Hamirpur district as the big cat’s sighting was again reported in the Ladraur area for the second time this month.
On Wednesday, a leopard entered the Ladraur Gram Panchayat and killed a young buffalo belonging to a local, Chaman Lal.
The incident came just a few days after a leopard was spotted with two cubs in the fields of Karha Panchayat.
Before these incidents, a leopard had killed a buffalo in Buthbin Tangriyan.
Upon receiving information about the incident, Arvind Kumar, a veterinarian from the Animal Husbandry Department, visited the site on Wednesday evening to inspect the carcass and assess the circumstances of the leopard attack.
Meanwhile, Gram Panchayat Pradhan Savita Kumari stated that the leopard’s persistent activity has instilled fear among the residents. The panchayat has informed the Forest Department.
Villagers have demanded that a cage be installed in the area to capture the leopard. PTI COR BPL AMJ AMJ
This report is auto-generated from PTI news service. ThePrint holds no responsibility for its content.","success(trafilatura, resolved_via_decode, 1108 chars)"
Boy may have developed rabies after leopard attack: Officials - The Times of India,2026-07-30,,,Leopard,Human Injury,0.0,1.0,0.0,A boy may have rabies following a leopard attack.,0.9,single_incident,,The Times of India,https://news.google.com/rss/articles/CBMizwFBVV95cUxNSVdHcVRFaHNzaGNHd3F5RWRYV2MtdFJsQlVaWXoxcl9Pc0x5UE1sb000b0t1NkhtRW15UVBaQ2VNb2JmeVVFVWllQ3VxYkFOa0tzLWUtRDlPQkRTLXRUZC1xSWpKcnRnNkF3MklyYS1ObmFpNlRfVS1ROHcxNTZqUUtiYmFrQTFhZkdnbnFuQXVzTlg0blNvVThDUVhNRkZZRHk1TE41OGo0WTM3X2IxaUR3VmZERFhIcEVYeEVRS0h4T0RFRFc4QndKRlFrdW_SAdQBQVVfeXFMTnhhbTludDFpcUlIRXVpaS1DV3dyQVdnbG9ycWtza0k5Z2IzV1NQSHJqZDVKMXNfTnVOYmd5SnNNVWtWOUlPRVE5dG9iLUZlS01wVHlXZ1A1RVpRM25aN3dEU2V5QzBGMjY5TFU3aEpBYUNBWW93TDhsSVZBOGxEeVFiSzVfeDNPS1NoejNlRE92MWtfLTNyRW1meVBrc0JPbXoyaDk0c1gzLWZuQUFRcjNDeW5XNEJjM0pZUnJlV3hGRXZqNjVNU01MN3d1S1c4Q3J4WFI?oc=5,,,"Barwani: A nine-year-old boy from a village on the Madhya Pradesh-Maharashtra border died 21 days after being attacked by a leopard in Barwani district, with forest and health officials suspecting that he may have developed rabies.
The suspicion of rabies put the forest department on their toes. Conservator of forests Basu Kanojia told TOI that the health department was yet to share the details of the cause of death. “In case rabies is detected, protocol will be followed. The area will be sanitised and the leopard will be rescued,” she said.
Sendhwa sub-divisional forest officer Om Prakash Bidare told TOI the incident occurred on July 7 when two boys, Kunal (9) and 
Arun
 (10), of Moharat Mal village in the Bijasan area, had gone into the forest to graze goats. They inadvertently strayed into an area where the leopard was resting, prompting the big cat to pounce on them.
Bidare said Kunal suffered severe bite injuries to his face, while Arun sustained injuries on other parts of his body. They were initially taken to the civil hospital in Sendhwa, but were later referred to MY Hospital in Indore. Both were discharged on July 22 after treatment.","success(trafilatura, resolved_via_decode, 1161 chars)"
Uttarakhand: Wild animal kills woman in Bhimtal; locals suspect leopard attack - ThePrint,2026-04-22,Uttarakhand,,Leopard,Human Death,0.0,0.0,1.0,"A woman was killed, believed to be by a leopard.",0.85,single_incident,,ThePrint,https://news.google.com/rss/articles/CBMisAFBVV95cUxPU2ZpR2JYaHJuT09iSmFZcF9uZThpR0t5ejRMWWw5VF9TYVdLM2JDVmg4UkJWekZOUlhpa0oyWlZvdldMZlNNbl83RmNjYTRfbXA3dVJRS3ZrSVB2Y2dhRzdBUS1uMWFBNk5HYmxNTVM2TVh0d1haUzNrMFFFMDVPNDlhWE82R1FpUzBCTVBnd29TTnE4UUlRMFFFLWxqMzNfTThJcjBxR2FPeDVEeUVmSNIBtgFBVV95cUxPUkFGUkhiWUdjeEFaNHBWenQ5LUNUTFJDcFJGS2RxTlpSN05WN081bHJiN2lWbjRzU1NmR21laFJLanV5RHZRX0Q5OGk4dGJBZHhPTUtQU2hnZnUwYmFNQU1pUjZhN1FPR1VYcmpvRUx2TGZOcjQtUENXSUk2aEo1T0tjWE1HMFU0WmM0aEN6SHh0SWZqZlpyM0JoS0ZDNGp5b0JUaFU2NV9oUFp0eEEycFVkd284QQ?oc=5,,,"Nainital, Apr 22 (PTI) A 50-year-old woman was killed by a wild animal in a forest near Jeoli village of Bhimtal on Wednesday morning, officials said.
The victim, Hema Pandey, had gone to the forest as part of her daily routine to collect fodder. Locals and witnesses suspect a leopard carried out the attack.
Gram Pradhan Shekhar Chandra Bhatt said other women present at the spot reported the attack. Villagers later recovered the mutilated body from the forest.
The incident has triggered panic in the area. Villagers noted that similar attacks occurred recently in Chopra and nearby areas, leading to growing anger over the lack of a permanent solution.
Divisional Forest Officer (DFO) Akash Gangwar said, “The matter is under investigation. Patrolling in the area has been intensified, and residents have been advised to remain vigilant.” Bhimtal Block Pramukh Harish Bisht said they have informed administration authorities about the incident. PTI COR AKY VN VN
This report is auto-generated from PTI news service. ThePrint holds no responsibility for its content.","success(trafilatura, resolved_via_decode, 1070 chars)"
Uttarakhand: Villagers block Srinagar-Pauri highway over rising leopard attacks - ThePrint,2026-05-26,Uttarakhand,,Leopard,Human Injury,0.0,0.0,0.0,Villagers blocked a highway due to increasing leopard attacks.,0.7,single_incident,,ThePrint,https://news.google.com/rss/articles/CBMiswFBVV95cUxPNEFwSXpjVU1xaHFDTldvMFZqNjlFRTduUUJxazBnUWpRMHhoTFdKcWZmaUJqVldDcndKUm1yaHdqQmZUb05hbnplamVSYUhNeEpNaVpDdFFRVkdhSEwzSExlNkdkQlltY3ZiSFBnVzJrSm5EajN5dUFYTGxVRzlMUHJzQWdzRG04Y1RFQnZQb25CcTV4VFFneWdDQndick83WUtFRnMyU1JyN21NSjhRV2xDUdIBuAFBVV95cUxNVk5sZ01acHc2eVczaFdiMmlNbThkVWU1bHBBemJBRHlISURSMVh4ZFZJNXBsazJCVjdXZzNhdnliVGJFUndDb0RJZkJYYTBPYjk0T2J6QmFPazdJR01DeDdON296b1I3S3NOYVBIVjMwZ0QtNDNVLWo3am52M05uUUlON212Z2hERXpjVXliUTZGRjFpekpKUzFhVXA2czlsMVVydHhtdkhVM2pEZFo4UVh2RGNxTHNr?oc=5,,,"Pauri, May 25 (PTI) Angry villagers blocked the Srinagar-Pauri highway at Khandah for three hours on Monday to protest against the forest department following frequent leopard attacks in Uttarakhand’s Pauri district.
The protest started at 10 am and disrupted vehicular movement. Essential services like ambulances were exempted from the blockade.
Expressing fear for their safety, the villagers alleged that the forest department failed to take concrete action despite rising leopard attacks.
Divisional Forest Officer (DFO) of Garhwal Forest Division, Mahatim Yadav, reached the spot after receiving information about the protest and pacified the protestors to clear the traffic.
The region has seen a rise in leopard-related incidents recently. A leopard attacked a woman in Auni village on Sunday evening. The woman survived after her husband chased the animal away by throwing stones, though she sustained injuries.
Earlier, a leopard killed a 60-year-old man in Kamand village of Pauri block on May 15 while he was collecting fodder for his cattle.
In another incident on May 9, two leopards were spotted near the campus of a government primary school in Ekeshwar block during the morning assembly.
Yadav assured the villagers that official and local hunters would deploy in the area to eliminate the leopard. The forest department also increased patrolling in the region.
“The department has installed nearly 30 cameras, including four solar cameras, in the area. We have also increased the number of cages to eight,” Sub-Divisional Officer (SDO) Aisha Bisht told PTI.
The villagers warned that they would intensify their agitation if the authorities failed to take prompt and effective action. PTI DPT AKY AKY SKY SKY
This report is auto-generated from PTI news service. ThePrint holds no responsibility for its content.","success(trafilatura, resolved_via_decode, 1828 chars)"
One-And-A-Half-Year-Old Girl Killed By Leopard In Uttarakhand's Pauri - ETV Bharat,2026-01-25,Uttarakhand,,Leopard,Human Death,0.0,0.0,1.0,One-and-a-half-year-old girl killed by leopard in Uttarakhand.,0.98,single_incident,,ETV Bharat,https://news.google.com/rss/articles/CBMiqgFBVV95cUxNX1dFWjJGaElVekQweVhVTnM4SzdnWTFzanhLWmhsRXZzMjBqNE00Z0s0d0U3M24wZDVLODExQll1akg2azU0Z3hRNHdYMlF3Nno0T1QzRXJ6OWRpVEpEdWJVZ1RhZzY1RGI0T1ZzLTZVSFZfVU5MUjVsNUZCWW1MUW5PS2U1NnE2aDZZVVdicW4wX20wYldHSGRBRFRBbzhWY0lRbVJLX3ZXQdIBrwFBVV95cUxQXzJ0My15TGVMQXZsOVZqNnd4Rlc1NEZaa2l6LXN2c000bW5KMHBRSklSLVJQZU5PSEVLYTdLa3dWZG00NWNTNDZGUzlsT2JTSG1SWENZcDZ0TF8yYUJEQzhLcmdaVlBVTUVkcl9hRXlMOUF0amNBbUZfV1ZUeDkzT1E0aVpVZ2JWS24zN3dKMms4alNVaF8ydzJkVDl1TEFjTFFMZENDQUdvN1NXYXc4?oc=5,,,"One-And-A-Half-Year-Old Girl Killed By Leopard In Uttarakhand's Pauri
The leopard took the girl away from the courtyard of her house. She was found in the bushes and declared dead on arrival at hospital.
Pauri Garhwal: A one-and-a-half-year-old girl was killed by a leopard at Barswal village in Jayharikhal development block in Uttarakhand's Pauri district on Saturday evening.
Locals said the victim, Yashika, granddaughter of Birendra Singh, a resident of Barswar village and former BDC member, was at the courtyard of her house with her mother when the leopard pounced on her and carried her into the bushes. All this happened within a few seconds and left Yashika's mother bewildered.
The villagers, upon hearing the cries of Yashika's mother, rushed to her house and started searching for the girl. Around an hour later, Yashika was found bleeding in the bushes around 20 metres from her house. Her family members and locals rushed her to Lansdowne Hospital where doctors declared her brought dead.
The Forest Department swung into action after being informed of the incident. Lansdowne Forest Ranger Rakesh Chandra confirmed the incident and said a Forest Department team has been dispatched to the village. ""Patrols have been increased in the area, and the leopard's movements are being monitored,"" he said. The incident has led to panic in surrounding areas, including Barswar village.
The villagers demanded the Forest Department to increase regular patrols in the area, install cages, capture the leopard, declare it a man-eater and shoot it, to prevent recurrence of such incidents in the future.
Also Read","success(trafilatura, resolved_via_decode, 1618 chars)"
"Woman killed in leopard attack in Nainital, third incident in last two weeks - ThePrint",2026-01-11,Uttarakhand,Nainital,Leopard,Human Death,0.0,0.0,1.0,Woman killed in leopard attack in Nainital.,0.98,single_incident,,ThePrint,https://news.google.com/rss/articles/CBMirwFBVV95cUxPdElLMTJqdzhROU1DVy1NVFprSks4MFpzczNRd09NVTZlOHFicE5UazlMQ1M3S0ExR3ZCN2FDYWJla2NhXzA1NTVzNTIzQ245dVgyVDlMT3FKenB1blVHaXZoOE9OTlV5RXU3VFVBMFVJaURGNjMxZjFHODRIODZnWGtmSTB0SGViYUVFbVhHbmctbTlOcWhpM0ZhRGFMVU9kZ19YcjdQYllIY0stY2RN0gG0AUFVX3lxTE5jQ2I1Wk1BX21sQV93TWNYWmpzTjNnUWd1WmtSZWdHeUZBUmozQ0VzcGZsZmU3cm1tcXZQUC1ybmtzdjNPdzVjSEtTUDViTnRYUGFWMTR2cjRGQTJTOU9ZYlRTaDh4Sm5iVkRzeXRTang2OUJJTWRPWUVfX1huVGI4ZUYwNjNaMHJQTURyNkllMUpvWWlWeTFKLU9scVdWV01wUWpuakxaZFJKdmcwcVJaUUNLdQ?oc=5,,,"Nainital, Jan 11 (PTI) A woman was mauled to death by a leopard attack in Dhari block of Uttarakhand’s Nainital district on Sunday, officials said.
This is the third incident such incident in the district in a fortnight.
The officials said the incident occurred around noon in Dhanachuli area of Khutiyakhal when Ganga Devi (35) had gone into the forest to collect fodder for her cattle. Devi’s body was recovered two kilometers inside the forest.
A forest department team reached the spot after being informed of the incident.
The death of the woman in the leopard attack has caused tension and anger among the local people.
The locals alleged that despite repeated sightings of a leopard in the area for the past few days, the forest department had not taken any precautionary measures for the safety of the people.
Earlier, two similar incidents of leopard attacks had occurred on December 26 last year in Dhari block and on December 30 in Okhalakanda block, in which two women were killed. PTI DPT NB
This report is auto-generated from PTI news service. ThePrint holds no responsibility for its content.","success(trafilatura, resolved_via_decode, 1107 chars)"
Uttarakhand: Four-year-old boy injured in leopard attack in Pauri - News18,2025-12-03,Uttarakhand,Pauri,Leopard,Human Injury,0.0,1.0,0.0,Four-year-old boy injured in leopard attack in Pauri.,0.98,single_incident,,News18,https://news.google.com/rss/articles/CBMiswFBVV95cUxOckgwcjVLS0tUajk5ekhMd083SGxnbVBsVGs2MmJHMk9JNEFtcnhMVjI0ajJMcjBvbWkybm1sUEpMOTg4cDZZLXFuaGJmdFY1eEl5dEJFRWJsOHlLQzJxU01scnVtcHJ1T2RRT2dYWllMSkVKSFlkQTZ1SFNDMExER1ZMMUVvb2xEajJYZ0V5ZWxrdmE3dkg0WE5LRkNxMWpNWlJGN3RvcTM1ZVNoWjEyc2pvVdIBuAFBVV95cUxQTDNvZ0RhczNfbFhpNDFiU09GZzBHN29tOHBsb1dXYTlpTUhLUnM4RUNBbWZsU21YaXlxNmpaN1BfaUJ3ZWl6UUo0bGRiYXdteVBsV3NsRW9qa21mVlpYQ25uYkkxLVNvZmtyVXM0QkdhLUJxNTNjZ2NHMDJTLTluZW50eldYVVBkNy0zZ2wyVF9uUER3aWJHOGNrV29oZnBSRk1tRV9UZmlRajNzbmJIcWc3Q1AxcTJT?oc=5,,,"Uttarakhand: Four-year-old boy injured in leopard attack in Pauri
Pauri, Dec 2 (PTI) A four-year-old boy was injured after a leopard attacked him in Uttarakhand’s Pauri district on Tuesday, officials said.
Anmol was returning home in Dewar village from an Anganwadi with his mother and an Asha worker when the leopard suddenly pounced on the 4-year-old boy, they said.
However, the leopard fled after Anmol’s mother, the Asha worker, and locals raised an alarm. The child suffered head injuries in the attack and was rushed to the district hospital, from where he was discharged after treatment.
The incident triggered panic in the area, with the villagers demanding that the forest department capture the leopard.
Sub-Divisional Forest Officer Ayesha Bisht said patrolling will be intensified in the area. PTI DPT ARI
(This story has not been edited by News18 staff and is published from a syndicated news agency feed - PTI)","success(trafilatura, resolved_via_decode, 925 chars)"
Uttarakhand: Elderly woman killed in leopard attack in Pauri - News18,2025-11-13,Uttarakhand,Pauri,Leopard,Human Death,0.0,0.0,1.0,Elderly woman killed in leopard attack in Pauri.,0.98,single_incident,,News18,https://news.google.com/rss/articles/CBMirAFBVV95cUxOa3Z5cHYtcWY0aXJTdXp4c0otQXMtdWpzck00U3BNYXZFbWlkMWxFR08wWk1iaHNLMmlockV4SEF0VVpxcGVNdnRPR3VCM3hKM0Y5ZzFOTW9iRXRWalFlRUM0V1dWM013cmRsdFVnWUdoMVdManFBYVl1MEg5a2lIZ2paUlliWHprUzViNDFPRXBMWlZNT0dqekljQkxuRF9DWG5weWI0Sm4xWmFH0gGyAUFVX3lxTFBsYlFRaXVpazlvTzZPblNld3VuaXp3MFRMYlNQM2VsbS1CX0FKZGdGYnVCLUMxUzNGQktZbEFJbkdkM2t1ckoyQWx1MnZPanpteVFWTG43OVRYRDVhejdMLVRKYWV5am0xYTIxVGZSY0dkUDVLM0NDcmdEWDhzN3pGZXZDOG1RNHp5U0ZiVk1PTE5UZlpuRDctNDdJT1RvcDI4dUFfNjBVVmFrSFc3U1JjYXc?oc=5,,,"Uttarakhand: Elderly woman killed in leopard attack in Pauri
Kotdwar, Nov 13 (PTI) A man-eating leopard attacked and killed an elderly woman in the Pokhra area of Pauri district in Uttarakhand on Thursday.
Officials said the incident occurred at around 11:30 am in Bagdi village when Rani Devi (65) was cutting grass in the field.
They said her daughter-in-law, who was cutting grass with Devi, had returned home to prepare lunch shortly before the incident.
According to officials, when Devi did not return home by 2 pm, her daughter-in-law and another woman from the village went to the fields to look for her, where they saw the leopard from a distance and raised an alarm.
Hearing the noise, villagers rushed to the scene and, with great difficulty, drove the leopard away.
Officials said Rani Devi’s body was later recovered nearby, with deep wounds on her neck.
Upon receiving information, the administration and forest department team arrived at the scene, took possession of the body and sent it for post-mortem.
Divisional Forest Officer of the Garhwal Forest Department, Abhimanyu Singh, told PTI that a 15-member team has been deployed in the area for security purposes, and three cameras have also been installed.
He said that upon receiving orders from higher authorities, a cage will be installed in the area, and the victim’s family will soon receive compensation.
Forest officials have appealed to people in the area not to venture into the fields or outside alone.
Four days ago, a leopard attacked a woman in Alkhet village, a few kilometres away, injuring her. PTI DPT AMJ AMJ
(This story has not been edited by News18 staff and is published from a syndicated news agency feed - PTI)","success(trafilatura, resolved_via_decode, 1702 chars)"
"Man killed in leopard attack in Uttarakhand's Champawat, villagers demand action - News18",2025-12-09,Uttarakhand,Champawat,Leopard,Human Death,0.0,0.0,1.0,Man killed in leopard attack in Champawat.,0.98,single_incident,,News18,https://news.google.com/rss/articles/CBMixgFBVV95cUxPMVFvbHhMZ3BQaGM1dHFMOWZzM3pVSGxINWRmMkxCX2tSZm1zV21mTU9SdFdOWjRlRlNkaEEzaVY3TVdkT3kydUhkemxFQWhQZFFoZ2VoVlRuNVRsRDhETG5KM1FEaGkzUlJ3Vkl4dU94QlZidVBybUNjQk82OThfblNKRFpPMXFIT0EySHpSMWRIYWFRWVJlWDZoYzRCU2QweFVnb3JWUi1WXzBDX1A1Zmt3d1ZsbnlLZ2V5REdrZ21vUG53QXc?oc=5,,,"Man killed in leopard attack in Uttarakhand's Champawat, villagers demand action
Champawat, Dec 9 (PTI) A man was killed in a leopard attack in the Barakot area of Uttarakhand’s Champawat district early Tuesday morning, officials said.
According to the official, this is the second death due to leopard attack in the area within a month.
The incident occurred in Dhargada Tok of Churani Gram Panchayat. Dev Singh Adhikari (45) went outside his house to defecate when a leopard attacked him, killing him on the spot, they said.
After receiving information about the incident, panic spread throughout the area and people gathered at the scene. Villagers expressed their deep anger over the incident and demanded the Forest Department declare the leopard a man-eater and kill it.
The villagers said that it is the second such incident in the area within a month and it has created an atmosphere of fear among the residents.
They alleged that on Monday evening too, a leopard had attempted to attack Dev Singh Adhikari’s wife.
Champawat District Magistrate Manish Kumar said the forest department team is taking necessary action. In November, a leopard had killed a man in Kotla area of Barakot.
Chief Minister Pushkar Singh Dhami, who represents the Champawat assembly constituency, expressed grief over the incident and directed officials to provide assistance to the family of the deceased. He also directed the forest department to take all necessary steps in the area. PTI DPT NB NB
(This story has not been edited by News18 staff and is published from a syndicated news agency feed - PTI)","success(trafilatura, resolved_via_decode, 1590 chars)"
Uttarakhand: Leopard responsible for death of 3 children killed in Tehri Garhwal | Hindustan Times - Hindustan Times,2024-11-27,Uttarakhand,,Leopard,Human Death,0.0,0.0,3.0,Leopard responsible for deaths of 3 children.,0.98,single_incident,,Hindustan Times,https://news.google.com/rss/articles/CBMi5wFBVV95cUxNbGpCTk9BVThLLURFaXVjY3pad0NMb2FIWjlaeXZwa1NXQ29xTzZqYnpXQ0pSMVVoZkpaakMxYzAxc0tBN1NYbi0yMDVWWU1KUXRiclQxOFlHSUVNdWNQTV9nQVlMS1RVcm1lZzdOWEFvbXNvLWNXZi1xTnVncHV4ZThodkk5Ykd4WkRqWmpTNFVsdGY5SGVuMzlzMlVNbEFpR24wUFZLNkVrNGk0NXU0M3MyOGgtNGVhY2dwaE1yXzhEZjhkLUhraFFmLUVYOElqcHNKUWV6SGFxZV9DUVE0UmpwWFItWFHSAewBQVVfeXFMUFNvZHJ5V1BDVFRqakQ3anRNU05Bb2lZaDRMNElTYkdOUGxJZkIxMno2WjJhR2d3X0lvaUxzTmhuNktWNEpRTDN4b21zaFdnZTkzTkUxSnhyZWRreGVrdUtwUnplTkpCai1SNmYzLUpVME9Ka2lpeHRlWjBsSVZOTDhnelBheURXZXdwV1ZKZ0VHdG43QllkNEJRNHI4YW1hZU9Tc3hhZUh0RVZOMHd5N2w1UHN0OWNUeC1fZnF4VDVMdVhGYTNBeGhMRVVFM3MxQ2x4T3pHQVRKQkd6SzlJMXZhWnJvR21kT3l6NEE?oc=5,,,"Uttarakhand: Leopard responsible for death of 3 children killed in Tehri Garhwal
Shooters successfully neutralised the man-eater leopard as the big cat had killed three children in the last four months, officials said
A leopard responsible for the death of three children in Uttarakhand’s Tehri Garhwal region was killed by shooters of the state forest department on Tuesday evening, forest officials said.
“Our shooters successfully neutralised the man-eater leopard. The big cat had killed three children in the last four months. It was a female and seven years old. Several villages in the Bhilangana block were living in fear for the past few months. A postmortem of the leopard will be carried out before the carcass is burned by our officials”, Bhilangana range officer Ashish Nautiyal said.
Also Read: Maharashtra polls: Locals urge politicos to prioritise human-leopard conflict in Junnar
The female leopard is approximately seven years old, according to officials.
On October 19, the leopard was responsible for the death of a 13-year-old girl in Kot Maher village of the same block.
Following the last incident on October 19, Tehri district magistrate Mayur Dixit had declared a three-day holiday in the Bhaud village, Purwal village primary school, Anthwal village primary and high school as well as Anganwadi centres to ensure the safety of school students.
Half-yearly examinations in these schools were postponed.
The other two deaths took place on September 29 and July 22 respectively.","success(trafilatura, resolved_via_decode, 1501 chars)"
Leopard kills 3rd woman in week in Nainital - The Times of India,2026-01-12,Uttarakhand,Nainital,Leopard,Human Death,0.0,0.0,1.0,Leopard kills third woman in Nainital in a week.,0.98,single_incident,,The Times of India,https://news.google.com/rss/articles/CBMiuwFBVV95cUxNMm1qU2s2bWlxTDhJcUhLTG9jN1pQUGJyUjlqVldUanE5TEl1WnBTZG1uWnZCOGNBWTRtUEg5RXFuMDRJU250SzhYNlVmNVpBMkhOak1kNFhONVVuTVVuaFktMjU0TzByRGdUOW9rbGRyRy1VeWZjZVhqd242MDNXTlZkTWJneWVfdUZjWXBGWm8zLTVUa1hvcDBjc3RkQ2RWQmV4T3lFQ1lRLXgyNzB2NTFmVG9rcWdoZ2Q40gHAAUFVX3lxTE9TUWw3QjVlNmZPZDdoQnZBZlZyZ3dlNXNjaS1uTFkwVGtfeDNRMzQ1dmtROG02VU5sSWlhSk52cTh5Q3pXYzludjI0QXR0NU5FV1J3UDJHMGhGbkZ4dWw2WTZ3ZEZ1cXZ3azBFMXNHY1pxaE4ydGxiUnZRSFFFa0wyY0VGUG1CZTVLc082cTVoQ1l0R0MyNWppcVFaenJWRTc0VnAzNTU4bjFXQ3VKd1cyZjRLcTM2VzN6TWJvcXd1NA?oc=5,,,"NAINITAL: A 35-year-old woman was mauled to death by a suspected leopard while collecting firewood near her home in Nainital's Dhari block on Jan 2, in the third such fatal attack in the area within a week. The incident triggered panic and protests in Khutiyakhal village, with residents demanding immediate action against the predator and criticising the forest department's inaction.
Ganga Devi had gone to the nearby forest in the morning for daily chores when the leopard attacked her, dragged her away and killed her. Villagers launched a search operation after hearing her screams and later recovered her mutilated body nearly 2km away from the village.
Police took the body for post-mortem while forest department officials reached the site and issued advisories asking villagers to avoid forested areas during early morning and evening hours. Patrolling has also been stepped up in the region.
Residents blamed the forest department for failing to act despite repeated alerts about leopard sightings. ""We are living in constant fear. People cannot even go out to gather fodder or firewood. 
How many more lives will be lost before something is done? The leopard should be shot immediately,"" said a resident.
This was the third fatal leopard attack reported in the area in less than a week. On Dec 26, a woman named Hema was killed by a leopard in Dini Talli village of Dhari block. On Dec 30, another woman was mauled to death in Chamoli village of Khansyu while collecting firewood and fodder.
With three deaths in quick succession, public anger has grown. Nainital divisional forest officer Aakash Gangwar, told TOI that officials are monitoring the area and more steps are being taken to track the animal. ""We had already installed cages and camera traps, but the animal has not been spotted. Now, we are adding more cages and building a machan to observe its movements. We are considering capture or tranquilisation,"" he said.","success(trafilatura, resolved_via_decode, 1938 chars)"
Uttarakhand: Leopard mauls 4-year-old girl to death in Pauri - News18,2025-09-13,Uttarakhand,Pauri,Leopard,Human Death,0.0,0.0,1.0,Leopard mauls four-year-old girl to death in Pauri.,0.98,single_incident,,News18,https://news.google.com/rss/articles/CBMirAFBVV95cUxPdDAxd3dCVGFDMFRGaGFrU0V3MWxFb3RKVWRkNGV3Z1pZU2owT2tsVGVycFpWQnF6SVdwOTByOTM3OEpnbmppMWtwb0J6dFFLX0tBdDk1Z090WWRpT3RxZ0cxMDloektqQ3M4SC05NFd3YWFUUmQyVHFRSDR4R1lVZUFRVUpEMVI3VzlVbmoxejVoZ1lQeDVKS1JRdlJsU2xnUkRhWjkxUk1YRVA30gGyAUFVX3lxTFBkUW1UNWVmOEJ3UG5SOE0zZzFxdWpQYlVlOGdlYWFpd3B3Ti02aWZZWGJQeGotZ3RuVFE0ZUQ2dnhlblVtQ3NtQ1Etc3dPa3ZYN0hnelhtMjdScjBSc21BZjZNbmxzT1hMbVZRakhZNzQ5MHhrMnM1YUhvWGpjcHpMcWZURnBHc19qVG1VeTBLWnFUeVMydTNTR2tjSGRmQU9WdldaYTAxbzhCUWdDcTZWWlE?oc=5,,,"Uttarakhand: Leopard mauls 4-year-old girl to death in Pauri
Kotdwar, Sept 13 (PTI) A four-year-old girl was mauled to death by a leopard in the Chaubattakhal area of Pauri district in Uttarakhand, a forest official said on Saturday.
Riya was playing on the balcony of her house on Friday evening when the leopard pounced upon her and dragged her away, the official said.
Her mother raised an alarm and ran after the leopard, which left the child in a field about 50 metres from the house and ran away. By the time the family members reached the spot, the child was dead, the forest conservator of Garhwal Circle, Akash Verma, said.
As soon as the information was received, teams from the administration, forest department and health department reached the spot.
The deceased was the youngest of two sisters. The family was preparing to celebrate her birthday on September 17, for which her father Jitendra Singh Rawat came to the village from Mumbai.
A forest department team has been deployed in the area where two cages have been installed to capture the big cat, Verma said, adding that three more cages are being installed.
The last rites of the girl were not performed till Saturday evening, as the family insisted on issuing an order to kill the leopard, before Lansdowne Divisional Forest Officer Jeevan Mohan Degade convinced them about the efforts being made to capture the animal.
Locals claimed that leopards are often seen in the area, insisting that the government must take special steps to ensure people’s safety. PTI COR ALM ARI
(This story has not been edited by News18 staff and is published from a syndicated news agency feed - PTI)","success(trafilatura, resolved_via_decode, 1652 chars)"
"Leopard attacks camping site in Champawat, injures man from Sikkim - The Times of India",2026-03-26,Uttarakhand,,Leopard,Human Injury,0.0,1.0,0.0,Leopard injured a man at a camping site.,0.98,single_incident,,The Times of India,https://news.google.com/rss/articles/CBMi2AFBVV95cUxPR0ZFMTNaYjdBSUMyV0pkR1QyS093VjZfYjJhaWNMLWc0MjNucDNFdDdDV0VpalBDMTZ4NWplSFRoNkh1YVBxeGszT1hrd05PbzVNWGJ0QlFEUThBXzhTQi1rTEV6dTN5OEpDSExnbEtsdnd5VExfb1ByQkJ4VmQyMjRhZ2ZzZ1g1eV8xUEtvQllnUVRDSHhMcTdLTVM4UVZ1VEQxMEl0Y0pwQ0xnRlF0MHRmZEZiNnJTc0RDXzB6V3NfMVBwTWpabUlmYnJoSmpMVndWdWs2V1PSAd4BQVVfeXFMTngzeWFyMTdqRGN6S2dQeXB1cXNpbHE2ZVI5UW1NM1h0R2tkMFdNQjVxSFp2Wkx0akpjOWJkZGxKWWxOVExZM3hKYURVbDZSb3hHcVdHYzJtd0x4bld5cWFvOXBFbGNBNW1iQURQTlVJUnZqWVl4S3RMd2xiME9LeU9GZnowakVLM3hIS3lhczRDYU02N0dOVFctWGJGNEowWjJPeWJ5cmdXT0RDc1V0WGJ3ZUR2aUptRjNjZTJOOEFxZzF2dkl3WDR5LXhhY3lTMlphNkhubUlWQlBIY0pR?oc=5,,,"Pithoragarh: A 45-year-old man from Sikkim sustained injuries on his face and arms after a leopard attacked him inside a camping site at Pancheswar in Lohaghat block of Champawat district on Tuesday evening, forest officials said Wednesday.
Tourist guide Mahesh Bhatt said that a leopard had entered the campsite and damaged tents earlier in the day. The animal had also attempted to approach a group gathered here but went into hiding upon seeing a crowd, he added.
Later, the leopard attacked Ian Christopher, who was camping on the banks of Kali river. He was initially taken to Lohaghat Hospital and later referred to district hospital where doctor Viraj Rathi said his condition is stable.
""Forest department teams reached the spot and launched a search operation after being informed that the leopard had retreated into the forest,"" said Lohaghat ranger Narayan Pandey. ""However, no trace of the animal was found.""
This is the second leopard attack in the area in three days. On Sunday, Geeta Devi, 28, was injured in a similar attack at Dhauni Silling. Officials have installed four camera traps and a cage at Dhauni Silling and plan to install three more cages at Pancheswar.","success(trafilatura, resolved_via_decode, 1183 chars)"
Man attacked by leopard in Sattari dies of injuries - The Times of India,2026-02-18,,,Leopard,Human Death,0.0,0.0,1.0,Man died from injuries after leopard attack.,0.98,single_incident,,The Times of India,https://news.google.com/rss/articles/CBMivwFBVV95cUxPOWh3X3dGelJQMVJ2T2VnS21VWFVvUGN5ZEhQbmFuN2h3TnYzUkFaUnh0ZDAzVmFDUGU5OS1oMTVPd3BmUGJqS3VuczN4N3gxdWRWWU9oUmplVmRaSHdkNkcwVTNmdzV1Q1BlMDlDMWJHT1o2U1ptOE1HbzVPeXBJc2JVNDhiWms4bWZoRk11YUNpU3NzVHg3el9jS25lS1V5MUJpQWVTU3VpbVMyWXJSRDBhTWRWX3NId3lXV0EtZ9IBxAFBVV95cUxNM240OUJUakNEdGhZd0txRGw1VmVmcTJYeWpDSkozOVJWWU5WaVVJNnhKeW5ybnFhWURCOFFnUVk0UGo3MXpHOVh3X1Y0TnJ2ak1ldlZBR29hY2ZuaUw3SDBzbzlya3BBLWlLRC1aSk5PNXkyb0dRZUw3eFQ0U0JWVFdhOHpjMVMwUFJsV0NnU2ZLWDRNazBrVWRETHBtanEtMVNBT2NrdUMzY2p1U0REUGhKdTdDQ1ZWcGJoTzJEZ2ZFSGdG?oc=5,,,"Valpoi:
 A 59-year-old resident of Charavane who was attacked by a leopard between Thane and Charavane in Sattari taluka on Friday evening succumbed to his injuries on Tuesday.
Yashwant Gawas, who works as a mechanic at the state police headquarters, was returning home from duty on his scooter when he was attacked by a wild animal.
A girl from his village, whom he offered a lift to, escaped with minor injuries. According to villagers, the sudden attack by the leopard caused both to lose balance and fall off the scooter. Locals rushed to their rescue, and both were taken to the Valpoi community health centre.
The girl was discharged the same day, but Gawas, having sustained a major head injury, was transferred to the GMC. He, however, succumbed to his injuries late Monday evening.
The death has triggered anger and fear across the rural belt of Sattari. Residents say the stretch of road where the attack occurred is frequented by wild animals at night.
In the past, locals have reported repeated sightings of leopards roaming near human settlements and allegedly attacking domestic animals such as dogs and calves.
Residents have expressed serious concerns about the safety of children, elderly persons, and livestock. They have urged the forest department to intensify patrolling especially at night, install surveillance systems in the area and take immediate preventive measures to prevent any further loss of life.","success(trafilatura, resolved_via_decode, 1429 chars)"
Leopard kills 14 goats in Gethiya Sanatorium area - Pioneer Edge,2026-06-30,,,Leopard,Livestock Attack,14.0,0.0,0.0,Leopard killed livestock in Gethiya Sanatorium area.,0.98,single_incident,,Pioneer Edge,https://news.google.com/rss/articles/CBMifkFVX3lxTE9Va1I4U1dRblN4RTFkME5lRWgyeFNhSnZNWHViVWstSlVfRGxhUUplV002ZGJ5bElqcVJBcWJUSWQ5TzZ0S3NIYkQtNXhKRnNLQUJnVk9fLUhkbk1qQ2xYN0ctd3VsWW8zY2F0akpfVDhpODIwbVVBUVp2QVBJUQ?oc=5,,,"PIONEER EDGE NEWS SERVICE/ Nainital
In an incident that triggered concerns among the villagers, a leopard sneaked into the goat pen and killed 14 goats. The incident happened late in the night at Gethiya Sanatorium near Nainital.
Prakash Chandra, a resident of Gethiya, supports his family by rearing goats. When he went to feed the goats in the morning, he was shocked having found all his goats dead. He further said that while 12 goats were found dead inside the enclosure, the rest two had been dragged away by the leopard. “With all the goats dead, I do not know how we will carry on,” he said.
Queried over the incident, the range officer of Nainital Forest Division, Nitin Pant said that upon receiving the information, the forest inspector Rajendra Karayat and beat officer Hira Giri had gone to the spot and investigated. “Necessary action will be taken after we receive the report. The man who lost all his goats might be compensated as per the rules,” he added.","success(trafilatura, resolved_via_decode, 972 chars)"
Uttarakhand: 4-year-old girl killed in leopard attack - The Times of India,2018-09-04,Uttarakhand,,Leopard,Human Death,0.0,0.0,1.0,A 4-year-old girl was killed in a leopard attack.,0.98,single_incident,,The Times of India,https://news.google.com/rss/articles/CBMiwAFBVV95cUxOMWtUZkVCT2hCbDdyWnRnVXJ3cjlFSmZHbmEzQlRjdTZkR05lZXBPSk13ejlONmNSVGtId01YSjI2M1hoZDBMUE1xX1k5NzlleTBVeC1xSWFZYkRWN1hWUHA0bmdIUlc1emR4N0t1SXVhUFFJM2xub3FqUGozYzR5WmdzWEZrZDJoQjFiblgyT183UUxELW1QTU5jYXI2X2d5Umk1ckxyTXJQcmMzUXYwamtpV2dLazRZdG0tYlREc1bSAcYBQVVfeXFMTldmR2ZlcmpUajF6MHFCNFlPZ210MGhLSUVUb1BOVE84eG03R0dKR2Y1aURfZDdBMkF0Q1ZMeW5uSWZLM1lrSXlGMVFMQkhITndSb0g4bWpYNGtNXzJ2M2dTVlB4WHUxbmdSYXVsbWFPb0ZpOXJUa0EtVjI4VmdhRWhPZDM0OW1JSUJ6aEZoMjA2d2lBSlhEdVBGWnlVTTc0QlppS25xa1BNS2lTcThFMTE3cmlYcDFUZEpFVHhDRjl0eDZWOVVn?oc=5,,,"In a tragic case, a 4-year-old girl was killed after a leopard attacks her at Garud Tehsil in Bageshwar district,Uttarakhand. The incident happened during Janmashtami when her family members were busy preparing for the festival. Around 8.30 in the evening, the leopard picks up the girl identified as Jyoti from outside her home. After hearing the girl’s screams, family members started searching for her but are unable to trace her. Later with the help of forest officials, they found her body 100 meters away from home.","success(trafilatura, resolved_via_decode, 521 chars)"
2 forest guards injured while rescuing leopard in Pauri - The Times of India,2026-08-27,Uttarakhand,,Leopard,Human Injury,0.0,2.0,0.0,Forest guards were injured while rescuing a leopard.,0.98,single_incident,,The Times of India,https://news.google.com/rss/articles/CBMiywFBVV95cUxPRHN0ZG9TVEhzUzJfcGkxb1ZXb2pFcVlmdWRZRXVreUVwanZVZmJQTFpveVRuMTlXeGhLcUViTEE5SE5CTmVJT3NtMXoxUDBHQ2EzWHJNQ0cwRTMxUzEtWVlBYVhrZlB6MFdmSExocWZWVm5WT0dROVZwaTYtOXVmVGNTeFR4dE9vZ3gxX1E4ZVA0VGktdlZVbEg4d2htQVZnVmlMaGxEblJhMEkzQ0NqbVVTZjV3cVVCTzBwYnBvMF9PVUs3OVBERTVTTdIB0AFBVV95cUxORG5la1ktUi1PRS1UWThyWF9LZ3VSbVZGVGtsRjFYVmZnaUY3RERHeHdtOFM2T3puMGZpd1pUdTFGN19Ld1Z2U3E0c3Y0VHdtOEpNdW5UZThMandrZEZnVmxwQ01JVi1HVm01Ujl1SlpsMkxYT0hzRVNtakZKTHRtcTRURVdjNkRMcVJlQ1cwTVh4X3JTak11V0w0WWp2bldjNTZ5anJ4aC1ULWJoRlBsdklWZ2d5R19YcU92enppQ253bHZkWU9DT0pRVFlUQnI1?oc=5,,,"Dehradun: Two forest guards sustained injuries to their arms and neck after a partially sedated leopard attacked them during a rescue operation in Uttarakhand’s Pauri district around 8.30am on Thursday.
The forest officials had reached Maso village after receiving information that a leopard was trapped inside a chicken coop. The team administered a tranquiliser to safely extract the big cat, however, the rescue attempt got complicated as villagers gathered around the coop, obstructing smooth operation.
“Forest personnel spent nearly 30 minutes convincing the anxious crowd to step back to avoid any mishaps. That delay proved critical. By the time the rescue team entered the enclosure to secure the animal, the sedative began to wear off, allowing the leopard to regain consciousness and strike,” said Mahatim Yadav, divisional forest officer, Pauri.
Both injured forest guards were taken to Pauri district govt hospital, where they received stitches for injuries on their arms. One of them also suffered claw marks on his neck. They were subsequently discharged in a stable condition.
Officials said the team had to wait about four hours, in accordance with standard wildlife medical protocols, before administering a second dose of the sedative to the animal. The leopard was recaptured later in the afternoon.
The leopard is undergoing a medical examination after which forest officials will decide whether to release it into the wild or relocate it to a rescue centre. Residents remain concerned as a leopard was trapped in the same chicken coop three months ago. Officials emphasised that local safety and animal welfare will guide their final decision.","success(trafilatura, resolved_via_decode, 1665 chars)"
Bear mauls man in Shopian’s apple orchard - Asian Mail,2026-09-11,Jammu & Kashmir,,Asiatic Black Bear,Human Injury,0.0,1.0,0.0,A man was mauled by a bear in an apple orchard.,0.98,single_incident,,Asian Mail,https://news.google.com/rss/articles/CBMifkFVX3lxTE5GVFlLcHFpaktrNE8zRGQ3eWpaWEpvaXdHSGRnSC1JWk9NQkNyeVRDbGJlX1RxYldnc2RWaGFiN1ZELVdPdWtVVTFYNEhqTFh1d1RLQ01sZjl5UmhkYXJFWDlBNTVTZFBod09mVnVxVHVMU1ZPdlBDVDBUcnJMQQ?oc=5,,,"Srinagar, Sep 11: A 40-year-old man was injured after being attacked by a wild bear in an apple orchard in the Sedow area of Shopian district on Friday.

An official told the news agency—Kashmir News Observer (KNO) that the man was attacked by the wild animal in the apple orchard at Sedow, Shopian.

He said the man was shifted to Sub-District Hospital (SDH) Shopian for treatment. He was identified as Sadiq Ahmad Thokar (40), son of Abdul Rahman, a resident of Sedow.

Meanwhile, cognisance of the incident has been taken.—(KNO)","success(newspaper3k, resolved_via_decode, 531 chars)"
Bear mauls man in Anantnag’s Dooru orchard - Asian Mail,2026-09-03,Jammu & Kashmir,,Asiatic Black Bear,Human Injury,0.0,1.0,0.0,A man was mauled by a bear in Dooru orchard.,0.98,single_incident,,Asian Mail,https://news.google.com/rss/articles/CBMif0FVX3lxTE44VnRpQXl6eDdLUXMxRVA0d0pkWVlFcXZyLXhfSjZQaWg0X1VabjJ2bnNKZm5uYjZTRzhFcERxRkkzcWQwWUNxZi00LWlKRzZ1ZERkUTJmNnBwTUsxdEJGVkFLTlhOcm1KOEpBSXU1bk0wMC1qRkVNeDV2dm1sS2c?oc=5,,,"(�/�X���2Io���҄�k��@c��M�.�,~b�S2+���Z�9m#w�P���?if�D$�zt����UUM��,�ȜV�r�u?#(�8K""��>P�	��s�	V'�r^�%$
�W�S�&m���}K�(K�OM_9u���w(�7�|��_y'+f��r�c�f��S��N��c{���k�<
�(��CQM����yQpS��4%מЪ��>����Բ�z<źr���n�i�Ϋ+���4�kD�Iv��=��M�]	>Xg���{��8��ʮΖ�3�Iv%�(�ˈ�-�ёݨ�.�o�����#���y�ԑ�ș���$��L.���'Q8ƬYMރS֗�>��C�����s���n�A��k:8vHd�d�r�%��d�Yaf�YJB��h)�P�I�����	�-5�v.1�j��l����T���r\�k�YuJ�����i���SJ�g{�S� ��[O�� �����O�gk)����<�ٜN|���ċ�-�d���̽XL��C���1�)�)�Ϋ
��쾨��](j���6��B��J�-Q礈�@P��>-��q-��s(""�,oy�sh��-����
QTU��8$��!�i.kc��3bP�1o@�8�%�'@Yx��Z>AY��n��N
E�r$�F^�X({=���������o_9u��S6���r��05$fy�{�9Hg�'�I�$>�٬�~�.a��fVغ�M)�$yk�4QT��o�x݀j�J�Ԫ���1�.""Z�Dc+�Vz�I{~���W���.��Rg���>��(��d��uz���f�l��r౫L""��M�� �0<�90	TU�{O�i�g�k�M��:]��`�4�m��ds{)����N�U���QU��$���c��ރȁ�z�,�""�ޔ]�8�+5���$rs��������Og�j�JJ��V��;��#��o^�E�q��s�E����uZ��q������i�� �匈i�u�
�e����&�Sږ��I��0o�d]����s�5у����_���s�|�o��$I�9J-��a]����|��������tѱk'?羏��,1K�����c�9;�ٱ�����35/'��9���~�{��eN+G�j�9�$٬\�yDD��FD��m����:�V
t��^��^�¶z�>���h��i9v��:�y��dǬ��2��k?""�|п��[�G��L�a�y��00�X�F�-��iم�5ǉ��%�3�Ef�ۤ��d�7$;���{��R�@��&�l�!���r�����
��&=�{����LЂ�1fh�f0�0P<(�f�1��OR:j\JJBG��0J� ��2����)4`G��z��/�d�/D�3��Cn�'���lo�&��Y���@��2Tù�g�X����ϭ����ɩ�RLE'��o�X�fI�6�5����,3>�*�)�>�R�	��L����O��g�bP/���V	�CUbf��6��sj�́������HGc �H�cHk��N9�s6\��Uv�r���z�<�����5��q�G�aS���I�xf�@��7ײ~�8�F�~�f�+ݵ����K�0WD�>G lG���%�m�*^�����x��k�ZF�]
.Yos��[�Bs�T*o�y�46v#�
��ƞ@�A)85���Z��R��e��T��.*Yn�|n�P2�=�b�f�dM�K6|W��X�ĺ<��8���D� ��k������e����L�=�7�������E�?Y%.��o��ᛥD�:|�5P�뽱��$Bl:���5۰��\e�Gѥ��ql�N�Ly&@�6+��T��fՠ�X�.?4��Yu�4M�P榛=!�xc[X�����%���T�1��Tz����~T�%fz���@$���""��Cr<
��l��g��w�0j��Y�j9
�v;����� ��B�?�)d��#EGw;�	<��raM�+���-ݱ�Z�,~+28�K�4�9�����q�
�eP'��� �I�0ũHu��M�8T��&��p@��X��N�K�4>�����a��8����(He���]��ء&q���´\�Y��K��-|bIw@��?-��E��x�!��KKYl��%�)���C�Ȏ���J
��~b$�!�N�W�
��?J6n�9Ѝ߾2
��V@c&2���Ҋz]���p������B�r��`��{˅���G�T�1y�2S���䦖��Y/|�,C�b���g�ӹ�y�ثV<��8�X��@HۙE>j�Qm϶&��n���b���'qYtZi�iejLG���Y�Y��{p�sV��bW5q���{{�#����g��3�><�#U'�ז��$Y�^��4�ʦD��Nú�5��`9�bMq�4�r(1	M��""���&|��<�""Y�������s��T�H��i�Ϟئ��/e�c-vQ
%F �����Y8��Ih澗��bͶ�v�ʍF㪎���.�d��D���%��	��ԟz%�
����=Z��'n�M�>��'��P���VZ#l
��u�x9ȩ��V����W/�X���DK���D�@gW��C��>,)%�i���gh7Vǖ��)�.��#$s~f�G~:E�PHz������+�S����S\M�
�n5��!ԋ`Q5t�(˼��S""K��
�N��lg��}�1��$�ݞnR�R��y14g&���Ô|PI.�J�+�R�2L9i�EWv���E�V�2ۊ�Bz&c��Ǒ�F���K��*�Оj�dڰ�����G8��/�Z��q
� ��I��Ą
����~Z˧0�c�r��e��zH��q�+Y�ɻ@��Nb�1sÝ��h���u��2cݭ�&�1a�gYg�t�}��R��0֎�g@��R��`Ęs���sbj�����
�tEv���B��Ld��p��v4�6j�ğ�W�`D���K*��I�bVW0��e�s��0�^/�77d�P��3�QdZ*N�7]v���������2J��΅,p��3u�[�N�5���2^���Vr���?'�W�2�����r?�y�A�hb��	�~�C�OA�#n>�c5`���YM��{��� �J
���J���s������u������9�m���g�6�Ë��LU5�>����Y��H�`
(��{5�c����4Ҽ�""5L�?��P��,�t4[Tܦdr�@=(�s��`��
cX?�V�Z�J���&
�}�(�6:�h8�s�o�I*@�#�ul�����+�8�i�x�_�!0�:ia[�xa�9f�������k�B��m���WO;u'�Z���49��,}�@
""���J���b�oX&鄈4�N���R�ؑ4%�`~Kz�Ӊ�n��svB~Ǯ+h��Ln�y��5-!�z]-�∤�i-�'�q��6G�?�G�S��E@pc�о1����C��F@c����)4�]�jbӀ	s*�r�W	�!U��}
�Go�0�D2��_��e�6��iS7�=NaE�DM�J�Wb��m�@zK�yGUPy�����$D
-�)��Xx��_B��.�Z]D��!+��[�w��80J��R���.;vfgH�������&*�?\�}�����;̡�A9 ��p���y�{�I�.�q�w����{��e����fP�e$���� JU@L�����
!`)D�z8��sݒ���]�_o�CגILê������(qͲ:��_w�O��������������CG*`�~�/I.%��á��������/��c���xƃ8
��ݥ[��W��������B�6N�����-�<�e�w-ɟwYS
f���B�r?���élH&��n>������$�P�Rђ�'�`�P�Y����vҸ��wa��\ɀ}5��4�[)�q�`5dݖ�6R�e!撵�J����Ax�[�{�AXߏ����78�rF4�x������g4#�-��a�jFv��)�,+1�I�8 Hv��T�
����'�v�#P��WvMe��:����sP(y�%V��Xl�a������~.�eJ����}�-��S��d�tΠm�8�t��iw�P08LY�B��.�/L)+6��&U�d�{���!쮥�ĥ��?p�L��	٤__�;��{��rS����{nǼ�kD��<.`�����!3�.""��+�)u���g�u{!0�ۦ)�Y�청�lH>M�A�Lboԥ�����. 0*.�c��M*:S6;=nM��̓O�""�Q�S��G�ﺜn�BR�Z�""A{� t*��%�t�[��x�*�N(���#����	|����?����
�3�30��Co.�K�X�Y�� �U�̲
|ĵɆ�����K$1-wb#>��)��!T<����)��Ď��KB<�����R`4�$>�q�9��$VZ���
�Sʣ̝p6����v�
��FF��2&2�4�8���+�""vU��=Vvlp�L}�ׄ�8��
%��n��0����P,�3i}=�|S��b�ڕI@�px�7v�~!~��T��
{������6c
�R�~�ɐ��&[��>���N�ÿs*��,ۨ�wR��:|�\Y�
���B�soD�|W���wX!��+�Հ�ߤ��x)ư+�FK��`&:��j�q��v�p�gl�(�=�5��erkт>3#v����r�.��#,�6�r�U""\==
�������o`|""�1s�2 ��K�J1�1B�+��������-'ې$~��zm�F�p,��dY�gɢt����P/��H�c�?�Ϊ�C��ZL���?[	w�� �n��x�j��uQ7G��&�;�rl�X(C&iщ�,G���g8���M?愨����Q]{���x�6�9�=.�b~��u��?[Tp��p��&s���4�t�j��.Ԓ�z��|����4]�Wn�����Ñ�l�@�P�M��O�lB\/�\Q���;�����¬�jg���""�>Ma �0}�U++TA�$�����<@��6��k���i��w� L¬f�
!0������W��v_�#�G2vo�n=:�Ł�S�
����.��Hs{V�Ջ���)""��7M�e|f�-*����{ww+���覈���`9/e���^<��'/CxR;� >��#�.7�ȷ@��5����e��!���=��9""���?F�7��?9#N(-6�����s*�
�fN�l��z@z=_�a��� �����q>���xr��P])��z%��UN~�N�AZ̸$����N3�F���\�k����*������M Tmۻ�I��M*%I�� G�]�Q�����D��WK�;D���6��*""����s���kiޯ��""�4���2�4���""��tU��yG�$�yGԦT�8.ӔD��2M9�Hsh@�����r���ǙUD�C�T�+��tK̪D���}U�;�����_�Rm���4�;v��Ԣt1iSe���fTe[DZ6i�W�f���)����L&�l��#�B$;,D�lq��H�TEu��,D���S�i����d�,M��r�β��H���
,D�d�5k�9D��@�m��
�ّ�Hӕ�`�/�-omUkQ��Θ���I��;Ƙ�v�ŴT�6g�r���q�H�,ʒ�8�\&�i���!����Q�����	^x�k""~��@��&J�C$��t�*��������J�C$Pq��M9�be�H����t~],U�����kO��,�RqFmJŲ�2�r��kS0m��Tf�fW���f�""]���0��Am�s�{H�,m���L=�o.]�G���ZZe�������XV{(�RJH��ȩ=E�1�4�5眳���qNJ9I)��҆O�rWe闌����~�v���{UQ�L�M.\�b]�)-Y�~'-�4����̅ғUYU���u�����̪IZX���@��gr�υ�ӓ+z�\S%��Ȗ��s
Q9G^���y������T���jK��gfwr��$�硏�+��'�Ҙ*�WE�)�,Iʻ�A�KG[�O�������dN~�q��9*a%$���Ĕx�j߾e� "" "" ""�x���s�)!���T3<�uJCPn�M�� =OWE�&�
	��D$ �D$��D$P#���D$ 	� �u9��;&���*�Q�A�HO���b�РAm�_��7H�TEe�q�/�U]\Uį ,*""~I* �E�{��1+CU<�AT�3��qT��e�/>��+g8�J� ��e_�,��攎����+-ݖU9x� ��!�p�8�-���r球/�g_�\s�л6e�+�U�iP[r���н� @�.[X���ȱ�gˋ�#��U��U��U��#���,¬|e�F��2i� {X��Q�_�M��ϡ��}A�x�P���ue�K�(>�����Kϔs>��^�${@_dX�{����N[夯9d��P�\�kj��1]v���$�;G�S�8q|G:T��ߩ0:��G�y�*�W�����c�;O?�;���
F�^�ֈ���`��ߑ0:T�_�X�XHY::�I#��P�I��gt }'��""s �M�n($�D2�0+�
)@��d""�`D	8�j�'Ҥ1����sm(d�2m�V�pG}66�Ś�
��X��o
���wo���\��N~�?�|�{g_u�M��t־��{g�|'t��w�����0�&��[]}��'4��/:�|ֱ�:��3]|��><���1�Ii�c��	��,�G�|�r:�EW�}2:������G�A(B� ��N:��g�u���""�F�c�*���s��""t[��<�|��w���^��0:�M'FȾ��;��w��~ԙ�B��;��o�s_t|ӑ�Fg�w�c�����~���G!�����S�t�a'��|g�w��;։Ϻ�$��[lt�4�_�,�A'�����ϺJ�?��;h���w�aW��}r~��__t蓎�����:�Mg�tp��N>���ξ��]}���|ׁ�|Z�Z����O`��{��w�N|v>	�'���#���s�;�E�>��G���ґ���;��Svꃎ|ԁ�|�b䋑���}��Y�Cu��;�M�������N}��'����}�]}����#_u�|��7��']}��~�A�a7v�YWu�M7_tP}u��������� �>����G��ݿ� d����ґ��h��5ع�g+""FD�?,Tp���?��\
��l��h�1ɔ�C� �2� �
AFo�5�DÚc�Ԗ4�
�; �Qf8%M����&/�
��Ю��K�T�U�Y����1L�4���&�k��P�#S]oa����>�?��1����2Iʕ��E���IҦP��`xeڰ��U�JbV�����/�=̪��*��<���V�q""��Ԗ4ϓ��3��#���u�Lu97�}��;�(�LuU��U�hc�44Hșm>;���f퉨|=�l�;�1�U��0|LCó�7^$b�1�ⳣ�(8�͘FKM��J�-DK��0;��8�؆�E���������H���}��(�A�96Ж*�m��ٗ�
hP[:�I�^U����@�&,X�<[���0�H_��}�� �""eL{Z��~i~iݵdM�D�ԥ��̮K�aU�6�T��
��E$Ң����C�d֦��L�ma�j�Vv�#�9��y���A�1�;o���@��JG�0@�
ED��Ĉ��	���C��-�u�U��8���:���ay��k|�%{��KL� Q����D$��!I��F;P��
`��m�u�
CX�O���A&��A�KE�
�t^Y
""��B{���O�h�y�J���Q�r%��i����%����}S�B�ڕl=����]z2]��C��3��K@����,�;U1)GEe�l�tiL՜Fe�z""]�TRsڥ��*ʣ�mi�&I�9�ʝ����g�%=�Җ^=��d�\Iτ�<�Ҝ��y�O`�W��#]�LQ;�d4�P���UIץk��*�r%]U�W�4oNk�ƛӬMs�Ӝ��R���Tޜi�VW�-O{4����DY[��h1#��%�PPH6�y`�y���Q�,&tS!!�(�
�(Is1M0�	hgD(���ЋܱDdILT 'f��ʐH	S�bB����`�8�r��q�&04$�d7�D��IOD����X�Yޢ��4�(`��*y���Q�eKv��!aG !�b�p��	�� B�bW�+ؒ*���DA��ؙ-� ,x�����@�� bl�[""'�	]""CC���h�01�ODO:4M��	J�%v�!Q!CR%�B��^d���	&��F�ł�16��)Ρ�<��i�Ѩ>iNk��;��M{��ꓧR�W$)7���hQ��gU���h����4��*������Q�`C�T�lH�	�
��v���2$	2$��HLLvfK2���LL,
6�=Z����G{��*ңi
�?
�{n��C�4�JBu���>����n��	��!�u��'�F""D0@��?����WJ�/U�T��H��7�U����3T��;Ҏ�S���z�ڎ�ʄ���<]Մ93^�W�TA.S9��D4��h�D{\�.���ѵw�ܔ+�(#�����&	-��7*��rS�� ����ߺX��N
��\p'��?����T����bB_,���<��	�(��C���
	Ax��DdHpe""ҐbT1�� )H��ɦ�@����d$&� #\�`K6lU�E�,�-y@��������g����wL�g�K����C
�z-Q�U@�0��.�u������F�^��ٌ��)쫲0��O�DUо6R:�c��(mUnRMy�e;�ْ����DAX�~�0�X�*Ղ�R�=G.S�3��&��#�4���J�@C)N� �����X����`��'dT.M>��R���-�@Kİ""L��BA���
!2����C�a��̐l dPT�A����d���Zh����z뭵�Zk�Yg}���J|e�UVYa}�WJ�~u���g��P�WX7�S�)��^J)���IwYAlCcA���t�""(�-Q#5`�gO��|X�B����)@���RD��-E��G�
��Ar""l�u��.L���\�{4�\�D\ԥ˖""�e�9��EK�Ɠ���.�y�F�\�cq�3�ڤ��&���Qg�:I%�����ӧO%?�Ϟܔuw|��p�����|���^�;F<�'�4�����ޯ���:���_�3���Y��Ç�ײ:��F������
������cj����H�x�}ֺ��k�����^��}U��)�L��0u��ͷ,Z�(��u��t�����lB��d����N�}e�^�/�g0��ďZ6!��շOke7���AW�2mdV��p��Viߕ�ү�A�m�w�z'���k��i����B������迻������+��=|�>����~t��������hďV'g}rBsb+�龜��y�[��l
""U*Uw����0��4��>���i~i��ӗ�4� �m&��6���I�gƸ�1�_$H�cfW�w���®9�c�=c�c�""e���_�s�\q�tq�2���s^o))s��
�\�ҩ����FH�ZU�ޱqƮ�6�7���������.#K�z$)K��k�s�S�k��I�e�Ƣ�2Xa�ꑮT�9(#�	���w�
SUQ@�#E��3��#�9'CEQ}��T��p��/PEy`�L�
q��ES _]�ye�������`g�.�,�Q�^c���M���>�T�k߱��:�|�F����:��������=*�t�kl�D�9��SN9���s�g�9+���{e��*��+W2�/�H��
=DZ�������㨝/���VYkt��g�Mߐt}S����l��Q$�y�5JJ)���Z%�1b�����&d0�P��AҬx�R����c���u\�?�T�&5쒑����X�܇����Qz6K,��WA�}�&`B!��p�	�#9� ��o�Q���!K)�4����x+�>8| 	���-¶���^���ӯ�;���iT5&3n��jI�z�N�.��|�i������M'�S2�R���� �م��I��6�b�z�㔄�&݅R�n��v[�t
}����ǜ""S�e�""g�c�	�26���w@�i��>P��9�C1���E���5��h$c�\Q�������6̡o�X�;�N���r<��I!!;��d��Nq������1�?�_k%���=��#-""���9y�z��t�t�qdT�f�$�aB�{<+	�>���0SZ��wx�)��T�ȷ;�e_l
W�W�&�#��������C�""={��h�m�&�O/�u��?��-���)�B��>1�B�����~P�#g���n߇��;P�-;����%[ަZc�M�<^Ƥ)ET0]AL5A�	��Vd�����d�R��6�L�I���3��رGi�H��!�.�Rl�syT�V�QyX�E3�'�1ʍ8�T��3Q{Zwxб�C�=�Ҵ����{(T5�@��ro���$�n��9
Խ]c�-��
!.�����g��d����Y�OaD��&^,,���D$�'^[���Z(�M�l�S�{� g�ib ^l<��}�J�9�v�a�4!H�i�>�D�p�Q���`W�N��&?�JY�E��$�E��Z�gM��kNE�{�+{]�#F@rs*��� ��j��ȝmn�5�N�ni����)1�����*)�@�y��3Qa��20���EUnf؈��x}a,b0fds1B�������)�v�6 �9c��ԗ���e[��X2*��Ə��+�t��!^��Q/ic��ޑ�}��b�u��.I]-��+�����N�E*��D���f]F�*������O������2k��T�X��oQ8ܯ�fu��U�-I2�H�.R�IZ�ڃ-K��� �[�����D�p���K��\K(!�����(���Ȗ�)7T�o:���g�;Ia�
3<�V!��_�eG(������:(o���+3������W:=f�B� ��e��X{s�ټ�5T���]���n2�͍t��%���Al:7�
�zs!M�B!N<��9���E���f""�.5^J����A�D�""�̅îB��QR�v&!""X0�""��=-�y/b������ I��1Z�OAP�Ԗ?)]W�IYxAb��㚒u�����!�lS�#i��j^>V��6z����n�������ʄ6���g����2�>�J�E��Y��q���ڲ���1WbӺ�X�,�n�]Ҹ�T��w���_؍m��g*�!���qr��:����m�j(�b>�2
:��*q7ā�OI�t;�6D�����N=��LL���;�����1�{z���8ȟglZ��ߪ�'��q؝3�=��j�<���k��Y]!�!��x�9���Z1�\:N�r|�b���uY�kK����P�����鼞M~�^W�
�baC�~�ǖ��r��1����y�N��r^)�6��e�]E��
�F��5�ފ��Z��\��/I��>�#0�e��US4�ƺq��Pf�¬u�K3�e՟ @$��F~Bʪ�N6m��\Y�S5
y����	���h�A0s+X?���L��`��?�8�;l̍�rI��և|.3)�s=��!���
��-M]}@�1�u�Ǜ���?	��k��2YY�(t���5lڒR����x�=8�r�Q5�<�F�lNB?�p�7I""y�����?9�߉�i�]�/�S��T����%���̕�/���J��>�O'��Zl�Sn�!�g�������FJ
|�B�,eOH
n+X([4����fJD��&&8E�g��5�9fq0���T���;�c�xU{B]M�t��x��n4Ƙ(�N70�,�Gx���	�5�߀�����,`' mj�C)z�fT�ip�*-^Jk����-y
��P;��h?R�>�3���T�`H��h�|�!S�
2�,y�h>���\u%�zT""��E/�c���-�r3ë���Ԯ{dY�3�euA
_9&�F�]�2@�����=�C�d��-�9-�d����dR4�dJ칉:�\�4w�2*>���/1��.��g�?�r*ZY+���}����Z��
��茫�~�q�D����yv�����̊2�(�6�E�0to
hT��a`�+&t��r�1T�b�N0�G�,xZF��qH�N�s�+\ˬ$�#�����'ת��h�F���-��]Fx��#�Ju��I�C�a8�d%Ϳ&��t��$k� 8p�Oꚿ�CGJ�:?���F�;[S0���o�a��1�{���~#�Vw�V�Q���!�ݕ�i� PZ�}�/�LS]�`S��RhG꜏JQ�WY��`�)[x^�����t!�����oO�w��h����j��n~�C�eQ�����I}qMGr!I�0E
Ӥh�Z����G��N��@ę8��f�40漲)�	��銞L����p�]p�x�x=�@|�3J�F@�n���9!
@#)�����ߝg�[�:
]��S��ɔ�mR��x_�e�������0�q�!+�G�B�Qj���2xo��q�7���;�^6
�y��S��W6���1U��a�
֬S�� �30b�""���@Ew�\���p`��g�a��Y������#u?QjB�k?W[���6�1�ڣ�n*\�J�ٰ�c{�`9��6�k\G��^��@�Qj�4
""O\�C�����q�S�h�����)+&���.>6����J�T6����x؋��B��[
��(���B�DTX5��J	�Q''%x�@n�;O3�n���FF�HEz|c��3����M��Sn��E���Od�4L�;�(+����-E3����GQ�������YІu1J�����������f[g*W(h�H-�xM7����T#����붥YD2���%~-f�6�!�\�HB����}��s6�*�w�
t�
���C\�
��&��x��m%��C��I�F\�@���@
��uk=�SK�{,�����ީ��2�e-lw=� ��!�7m�s���*�ޅ�M��2�^��£�Hm��
���r}w(
���t�Đ?Ɯ(Z_����ak
��5'e����)6�Ҁl$�ѻ>4e�o�:%��l��X��b��*;N�j�}̙��Vx�/L=�ǟ�,31/�N����3���&h��C��ICg�)���
F��J�if�*]?��H�=W�d�.pN{�Pa���W�jN���H:�y�A��#A�	r��%m$s��@^�Úh��ӡ""�˲ �Nr�x~��f0��?8��E������8����L�iF�3}�_<�Nں;F���J���S�����;.�B8�nhj��~0""(�ST�颹������#A�!U(����ss�/����a88���l,�U�/��=�so�&��4�	cn6�OԌzۑp��<��)�E-˯O�BÈ`����BU�<����JL{�/jÆQ��{���Aub@��y����@#MVm�#u��cGY�gd�Ѳ��56���}L�ݞt;ZR^j,�+BPq���Ym����}�:	��2m�
$���ǲG�4��ռp���++(?v������n,��G�ɶX'o�''�ִj���[�G�)��`��d)��3�:}JQ���v c1�I����
�f�d�<�k��N]u�x�g� �#�Gp������o���$�t�J�a?���yi�wA�v<�n�53��I�C��흄]��m#����-o�����j-ƪ�����U�4
�~��x�\��hCα�%���x��G)���p���b���e��Y�xN@��OَV���X}�ϲ(F�EG)�T�C�\��jR�,X���Pe+�`����:v�-�U��x���H�H�Pu=o+�6?�?�����!���B�`�q�a	���`foJ)�����ٶ8��?oZ2JQh�'�-I�������YT�iO/vz���::wDf{T���-8�i	�GgT��t��Q��
��C�Rv����l��gF�}�4�B��Tꁛ���z��H����^�'Q�q��z o\{E����C��Ǣ;;j�|��!�4�ca�}|���+�7	!SS�ֽ&ݳ\vdu%���*�?4�������<�%�QM����O�,+=���J��p�d����Bw�2��T[u1� ��a���TW���H���O*_0v�Y��R~����]|eS`Y�iG���,�w��dL!R�����ܳ��V�4�
0�@P��)d������,V�7.�>�+^��My?KR�(3��+""F��G�5��c�K�Z�	)aVP#�D�(�֠ }ʅ5�EW�0J��uЋe�1B�:�K��Pz����	���/�����|E�߇`�q)����~c�;�^|o��\�2D�&��ZqM�]��R8�?�+�Q���l9�""�����o<��l�%P�ޭ���|~���>ԑ���'t�>�b�ѢD+�B^����\��""�}g��[p������K���
�����=]�MQ�Ǹ3 ""��3 0�ie�����J����cc���=�W�5�}l�;`F��~h�чE��iN�Y��z�p���eV8���Rt#��U4NxlM6�Q��$h��`��M|~�oT3��QI��Q��J�ZL�^�ܺ�YJm�6Cv��%Ck�)�b�k���N+���4�qR�0%�&���.\�XP��@
�P��]�7�Z?
�	!a��
�\�5���nMռ�9?�{�k���Z�\��#S9_q�8�E�N���@W��~��ĝ�I��o���ءwR������/���gq���N�<�'�m�b�J+���h呠�,#QȋA��ɚ7�t��9��l�#�g�r�e4j/�p�7���6HUҐz�2��TX_�I}T��O�U�0�>����-����C�v:�ԣQIx�W�te��hMuU��Z3dU$e��0�Ծ""�z� D����S)�~��}�$�8�:�q��Q���籩F��c�J��z�RL�kj�B!� ��W���F�{cK8kcM9�͇s���|A��Äh��#y�X'l)���;���b�(o�cù��/Pe�G�'�s���(s:
�]�ڸ�)��Wk�̔2s�Tb�PH�hߛ\�r/ {2�̇2�5�H���ЂB�x�@ϗ�r��ŉ�:_N ��"">���N&R'�;,�6
R���!	�c��Dߛ/���Adn<���@�!�q�Rt���N�I���pUI�{F0��X�f�: ��2*�@�m Z]����v���R%�Y.����G�`\w���[ȓoWg܉��twX|�[}V�CbU�[\�Y�j`p�m�{�^�'��������4�B�m����P��Mj-=\bYC�S��u?z�c�@�-K�XKg��q�5Cn��TX�Oj��Ӯ���h��dZ*&1�;��*=��X�x��y�ﻕ^c�B���6�:ǖ����<�""
*#�wǪ���Gd�Gµ1�c�o�{�u)/�Q���EIv���Sv&��c������.}�Xu����Z#i�^��o��,aVr��@J\<��|EC߅�ƨsw�vS8|O]i~�,���S��_��""k\G��xܙ[�9*����g�""G+��X���&�,� oT�����#�`wl�H��dN�-����&�ji��,՚��K��
�i��!�x8Q�Ck�N8:�(�d.��&
P��/�˷D�,O$���zev�@�X��N�U�
""��%��&���@�G��:)�""����m��$nPLX5=:t��=k�Hm���8hb����2�
R�S����Cd�hr�R�
k���K���x�����e�W�ύ^@�������W�C�()""�Z:�(I�9�NG�n�|�N��v&�Oc��D5��jVPu��ײ�9��*o""c��\��7�y�ZM�:�5�7��@Ͳ�ss��<��Ep_~$c���%�i�%���|����׀D���= �ZE��ϰв���G��`��o���o�\�z^p�l+K�f����?�a�D�$�*�ؾ�J�>�!���ΐ�u���5����ѿݗ�Ya�%�FK��8hƄ O.lTT�L�6��ڷ��q�O�d��g���R!�e�W��������%�9q�-t0̒d�:����:�v�̠����($�y��	���߹�����N}f4�q銬�=h:9�x��|�ǁ����?�Le�L���@��e�O����j�\G������M��6��_���ر(�6>l)�~��v�e�-a6ot�:�z2�@��6Q�GԨh?ʝ��%Ano/1��G��N���T����A""�2""��i�g`�'��q�{i
{= �h�����d�T�u�!K�l�t�]l�2l�x`b*h`�a� м�y��'��/Q�'�HXɄ���?�:O=�h�y�Jٸ���~z��>�+�AL	2�����\R�ɖ���xr�[��&�<1���ceQ�J%""
]V2n�W�#lu�;�����yB1�)������rl4}-R�����j�p �P�(���:+GQ� ��sX�^]����@��B���L
�G�����)""��&X(��!F��(	=����RuNs�g���C�u�\�-M�YC��<��`y�&��O4P?����l�����:~�EP
��AȄ��H1���6��r�	��G!������ֈ���T�;A�xs���],��v٦������C<�!	�w{9r4p�Id�&x&p�5���W��'˂��7���_�A;�bl�IrA�|��T�����""iڶ!�~�F�Uy���y��ܼ́�����|�u�������g�Mk�� x��
��^���ךT��M�H�Mu`uN{=�=Vgc�$20�$^H�i{�y��g��^�1�Q֖j~�ե��������ܗ�������k��h>��og�N-!+d�$c/���l�wucmO��""�v��K�!�%���[�R.V����|'֊ui�uG���j���<��8�ƋZ2�Ы����j��ttr���4g��Dg~��HG,u&D�Up�|���T�-�U�̬��r0��.����Y���W�(���þ6^C!�}$a��`7k�	�4��
�)+�C�|^��-˶j""SŦ-a<���0�?r�cʧ�ouu����<�Y�\��*�@�A�<��2!��f�h�(��?���E�ɘ��H$�E
9""芛���7?�E�
�Ӿj�ԧ)��e%�)��P*�&����sDsZ�ȚT�pNB�Z;GLEZ%� ���ճ�6�26��1hrdGˑo��|d`�3@5e���.���f��m��8������ۭ�!/�����0`u��\ٻ� �igF��.��IZ7����`����˦M
̌�?��Wct��&4������?Hl�м�>�o�\hҭQ�u�������.#�0�(���������S�ՙ����{Y�Z���0u�L��}�KZ7���b>����)��� �&F��k���G�H�D�Z�t�4[���S���\���W�
�m���W[u�=���>�p��/����.��¡#9�$���ܱ�@:�x>��#g������O���7+oDA���9q��
��'P���V=MS#����Y�-���pV��Pp���[�T��8������@�~[�I:�M��o����*������>0(�4D0�8�r*�Y!j_i���ge[w,L�%�^�BA'^�t�Ֆ�5I�vϬ��hЍ�(
e�%\�2֔�V�)�Ò�/�k!����J��溷���g��q�rWf�[�� |�%��Qۢ�¬]Ϛ��H��iޮ=��}�xq�r�[B^i�I8�:bS�c#�l�R""��֛CB4y��)�q�|X��jeL_b�D%����<'��n�,� ^���Ͳ���s�
�1��bm��F�0���Q�#�o>���W�AfU� ��9j�	k��+�9���ǼQ�Ha����S����Y�)�s��y���D��6Ebg����]C��\Ta��Q8'(|�`���:35b�B̒{�v�L*XDe�	ۢ'��>_&�̊3�_�w��X
�a�y�
x�aT�U�1u����㺈�g��)Ļ(.�Hh~.g�;y@;�Df�?�
]�>i�n���S��z�y��?|���U
)${���fH�a�l��[��?�p)(�K��7-���2��T�2vO�K�2(8͏�Z��o�i_�pz��َ����D�>v.�������]���W�?w{0�v��Ds��,�������h�6+rA�JbuVJ�¥�6�Pb̀���|��=��P�)�R���M�3J""���d[�t
�Y�\>��K{D(����yӓ��2ϩ�i(v7Z0H�a�Z%E�N
>��8���)��Õ��C9%a�����%�T�=LQ���mv�$��g�E20q������	��r۟�6l���f��q�a��30KR �a�:�?튜Y����g��<����)0�1#�ϭ��g�++x4s\W���g���c�� �*ptƣ;���իu�<��2��)����KX��yT�~��}���l��sf�t3��GƖ�,�$eb�r�p+L���k�ƜP�l����>�G�抂�uf۔*`hW�J�
*�J`ى ���]͟���Uq��>ݒ�>D�Y/�Q�4L8Efa""�wa�A�����f�3�""��ט=��D�`n�XQ�� �49��V�J\a�asdk6���B��T
7_��;R�ib'x�0���R�F�ڧ�FOeHĔe4(�<��IQ�P�6O��k���L��SQ,�:7�*����S*8�T�v����-YfqT�U,�p&L��.Ґ9��KTca��ʒ�ő�0*�d��#*�����%�𩘈^)3W<0x]jh�YF[���=��D;��+��)�z�!e!����4��1�lJ�eL&�غ!w���q�6h����T�>�i���oKc��M��sa=P��X2�,84���!�B�M
юBG����������y
�:=�lb`��o>J*;]��qo]��k/n�#�5�g��@ AD�!����!L��3+`��9՟N07����.Ho��iXb�X�-M����m
߯�P}��'�""�kNH�2���	
��h�����l�T[D���
����44�
��b��VP��^Sm�2-�.�ؕVS�m��/�Í��q��ŞaN���_G
� �(3`��	<�GMix^���
�{,C�����p����#���c�0��8��뾰�R��f�>��u��.\�R#k��o�.���J^k�l������yvBc;`j�{����  Wl��P̓uyk����^����Ǻ���b��3	���bH���%�I��3�pp]$ �N����#�W�30�
=�������}���	���]I�F�j�'�g�uL>���~�A��+:�I���H�r[������ºE*��I�z���Q �Z�>HΗZK� ׂ���X�<��Q_����%M�\J��1�8���X�>�}���
��gᆒ�wHv�N������R`��Qڒ	����5��UJ���oeS0���t���ax�A��W>Tml'���rB�8V�{J�k�����_*�hD��b�;�D9vt����%O����:�c!�?P��VQ�M��ꙷ6����z�SF��B�^}�n.�8�^�;�����-|�c߈�&~r�K�xh��i��Z�p]�-l�N:�ޏ}�i���A���?!�H�Y��1Ӂa8�
m��})c��N����h�O�ء}��-�zL�P/�(�F""��""�	r�SW�o�5���p�1����;���k�o��`
o������!Q�kĆԺ��f��m��wh_�
��\�@����}��N��ɫ�#���Q�\�8lNT�M�0c����B���$BN2�3d�-_�o�8��zK�>��η�-�?9�+{��,�5L�D!}�)u���R�K'L�f�+gT�$m�b!0������S;+�(+�^��tcga��p��m���'jM�]����t�=��M����2��g��(8��:���(n����q�'��H�'/.���Bw�A�4#Oc�KJ�����^�&U�������Bҁ*-��y3!3�6�.�*$������庬{���:
�����i�qsr9g���N��K�p�%�~q@�=-=��O�1f�H��e1�y��c�d�CCq�%������h��\K�P`H�Q�*
]q�L�a�U
����A�""DEe��$n�����ܢFҳ��X�J���D$�'2��2�f��$|(�N���QU�1��2tt��D��9F�Dp7��F��([�L�+Q�<�*]1��(�L���  0�@�YB�� ���h?�L�[
����7�C��d]W �H=Z�)���x��y	���Ĭ�:���N�ɑ����ߌ�'E�""�U�-�
bh>Q7D�	��'5�O�����ٽj���cV
0Is""�t�υ-�S_�Q!��/D��a�KGt�d\HeQ�Z�E��%O�Y�y2��|�B���,ш3�ᲡyZ����e=Hx0����qi�F� $#�0���q6R��v>��s�v�vғ�ӱ�""��ʈ�zI��^�W�I���~L��
�s]���!���V��G���9���\{@MU4x�f���|3������bC�	�a╥v�ߞ�
�2�:fm9`��""?�ES�:>r�����+��6�E��� w'��?����/_����3E0�Q�}��9-K�V���!B�����:�bdf��j��-�pIRB����b�\��-'���œ���\N����D�#""R�3`ͫI^䱴�0����B15:șw�82ιw)��a}��z�L�3�5`�0�2Y���iI?��4�zw�Q�B��N�p�;����IR巓 �&9:�U[�]e-���!��T.�	ڔuaω7�/a�	$�#��V��vu�Dl�H��7�2&�a��=�	��s�(��wR�	��R��Q�f�z�*�����x��5�|�˭��p��;���I�"";���E�l8�W�!��.D����`�T�-�c��^�B�oV�s�9�md{����T�ek8B�#<��yu2
��#�SdQ�`�D([��k�LK�u���{��Өa�/IvP��h4�b�Qȫ�u��z)vh�""��=��0�'����`�٬�=�����sXd��yLt�[l��\((����k&�^eZUӕ>n���X��n=�&��I�)U�6o�t��C�7`�O�/��LX�w��)3�Q�C�7������b�4�lln�CQb�)j1��x��%w�ď�����]�2K����,�WU_��:S ��C�>�`��c�\���{��G�:3P^ePa��z�j.�o�-�ȼ����P=�	*w���o""�
wTq]q(��n�рd�gm��%#�y�:M��n����7&'!�bTPt^uu��$�Fۈ}fS��6i6�5��-Y�Db�|*-f0>��5	�h�Z�
ۗ�P�Hm
�{t���c����x��M�7""���ZĚ@&eB�Pgp��i.
���y�IJ/!:I��BF�kHO2������s@6�һ�o���1�o�S�F}]Z��,M�B��ﯛ����~~�F���kbn���T��5�
�is|��W�2<�p8KJ�Ƽ���b��>�;�V-��l��
��	��Dq |X���)7��9��(���MЂ�/E��L��ۖ@�ȧYT��Z���c����]�Ճ{������+��)E��}6Ny�&h��q����#���۠��A��'!�&�a��<�$К������>$�)77>�L?�!R�e��wyM�S%��T���
,�I}�q�r+
���z$""BMgi�ǣ���%��2��p�*R�4�����3;_I�9}����S�mda�n~�{8����D�_7�R�D""N�/(����ב�|/�a:$�P�y�J�y˓���%C�8�A����w	��R(�P�h˲�1�ۈ�59k1����1#!}9���=N���Egăr:�f��8�5��
�J-��HX�R�9�xc��T�hY8��k�+��)���&�
'�(�/�Ђ""<��O��.X[ݱ���G��x�.�oA���[P!��
ک��P��F���yx-��*J��TH����sq3�c�*��e�8Ju{�]�Z�[s�����l��U��H!�RR=)~""���>�qw,✎�Ű�+HWv��64k��:Z1j�������{�1t�Ju��r�ʚw�r�`���""pT��
WG�n������Lpw�7��>���1V�{�]Q����[k���|R�4j�+�|ta�̓�Z�a�5�,?5�|X��/�����z��(B�""��a҂Zm��&�FLD�A'���X;����Cb玾�G�v�K��$�
����S'�3�MI���*w��D@EWHAӻ-
����ĳX���O�E���th��W�B����tD�vo��V��H҉T,P*��l_��h��c�^�/�$wѶ[���t�j��>R�9-��
�$�N �R/H�S\3jR�!-�%�C7auųR����*9-��""C����)��M8�Z��n4�f�#)߰��{���aQ`�O@�ģS�j�_iR�q}�}�/;���1����=i��Gt����|�'Q�� *>��4�$�&[�=���L�ލ��G:0|��4.+f��^f6kG�)	�5�%�;��[{Z\
�e����'0+<5.
e�����!�U�h�}���""�n����JFM�-v&��7�u��1'�11�{[�ȑ�k�r	���������i���|�m�����N,˗Y�O�����;��'�����h푈/	�};�bS-����>�1k�B;�8I�R��Q|5t�`y5Աd����Wl*b*_����s!�@+��Y��p�c�ʈ��r��7Q^�5��R7��,�%�T��ܸ���=�0����9e2�AfD""0��C=�@�m���F��^CVW�|��l�i�P�1��wKk)f�Z4�NqNv��4~]�kd�""{�h�
���쿰:$2�<#4$N$�P��0��Z~�#@���(x{5��df2!/�3*<�@E#Zo_v�vD�+�o���4���G���bkDy1���nߍ��T�2]̱F�q�'	DS:��>PK�603333�ؙE�e�Z�^m�Jk�źE����p��Mt���a�&��B6��=Ib�Lf�SB���Fa���5$�1>�IɈPu=,�Z��>��-%�`��s���Ȁ)��6""�f�c�q��dRÖ^3����o�1dJ0Fia����mg�[M�4�EC^�iz'�4,�0��wpź7·�$8(�v��i����8�sM|����1
G�rj���c""�b�1�cs�q��<��<""�����+��s���qi��4O�D�y�0��������ŖfE3c
?Tս5��0WQ��ܫ(hkK1��tdq�V�����3��F�!�@�y�ƹ�=�b�h����9�,����a���BkF#�B��]!ƈV��}DG�n�B�OP��6��|��t>���Ӵ^|TL0G�WD40E&(�6bR����&�$	""P�@[�\�d�$����n��*�X�v�h�N<�f\Y��
G�>MkCwCwC/���+
�tx���s�JUhN��Y]�r�b�Wj%�&Hn��
eKj!9�����QR��L	GVB���)�Jm���ӬlT%�ʇ�(��(�Z�*�$��I��([��4)�OS��nZ�di�a�bY���LIY�	$�.[R$+����t���(-���\���)�UE~��Gs˗X�VY�~#U���Pv�{҇v�ʢ4��4GE�*�������5�I��i)���
�����MӚ��3jOu�H��Db�ZI)�Zs���?leQ�ˏ*eQ$EA""��bB�@T1�@�C�z�ԈD�y�=)��KLZ�?�����T�CRI�=�
G2��jtIx��T��4���(�AB���Ph}��,/�F�����	pDL������ݺBn�Ss�냂C�8""&\kx��_�θ;""(w�ȗU���#�[�Z�ijgf�j�5�фL�i�c��QƒO��WT)&�'��Z6���1)��k��I��Z�6p�*aRLٵ�VV)�f�*���U�Lom3ιb^���'��kO
�ء1�YP�0Z��c�{s����Z{o���(~��;�n]�Uc�5��dX�(W��j��ʔ�zi�<�.�+D�bU�;��o��������D/�A�[�f >L�`u�LV�1��Ŧ�j)�5��+�J������'p
_""x�U���Z�fV�V�t�U�{�H�b�2M�d��yR��ƪ����|4�w�-�TJ�Fa���#�#��P|M��Q��^���KT�/-4�-�q�s�$����$���s�8�0�sN�����B);��`Ss�,����5��i�=8�9�qߗH{�|i�J��T,��dʃɶ�l-(&��,�1ဘ`��cӐ^z���� �a+�o�Ok�������<�A�!�0�����3����֡<����b��sk�LKFm������*mXx����S�,��8�ۿ��?���i�Z��M�o��O&�[V�ޙak��{�i�i߾�k|Y������i���Rt�na
�=|����N��N���Ӵ���o����������c��s������5�fz=X���|Q0��
 ���	�7|q�����`�hB�εB��s�f�1	3m��b6�
���V1d�F�`8���Y�L��$8$zPD:@6,���H bG1Aq�qN""Ȉ���RK�>�g�F���+�x�\��Qi8F��K������1´�Z�5lu��N����o/�U���z���z���9P�ԣ$ɘ:�#Q&=8J�v�o�M�Q�l�;�""3;#
���9�`�I,xM�p�ݰ���%6�����W���>nOXr��#�t��ϣp��N�����f�lTD�@�<�e�6p���9�p+�ba��E,7o��'j�:�H�Wq�f�&�+aPI���l_���Fe*r��\~��m�Ajc��ê��Lb��C77��f������gԬc�yo4�������v�i���~��ɓ��BeL̿������X'��J�.��G��E��)������Eg�	�������^
+d�ށ��VH�8t%�l�D÷�%q����Ml�e6�	�nӏO��#��t���D�r%l
�g���D�x�~�ZOt3=�XJQ=�X{� 51�����4�E��\˼�[ZgC�l��}jED&B�1�W��	������{Su��c��}up�W������;�O�c#�F�t?�X�������j�h�X#
2�^/��Y�u��|�R�<�'Ъ��	ީ;C<�O��R5uŦ�F�C���B�����1$��P⪇~ȋ��kd��@%tB�VYr)�<�����[���L��7�rɳ	��m`+黕�[��0��P��x�q��U�@y�rl$cMQD>�������\��ӽ�Q����j���J��!E� D�Y�bf���$f<�
;��!B���Uҥ�u:����h��;d�""��U�{q%xZ��%�W�-?�.F�11_U��ģ<����*�B<��K""P�Lub��*+]�����
�À%ߦ����t��Kg�7L��i�|x""8� ��s��O��p�p9�eY���\�P�'��yO����K.��M��*��ŋ���?��$�^x���_	��r'a����%9�F	Q���)��:�?�z����'�NE$$��u��]�L�<�Q��#)�����;��؟�
��uo=�
-fG���J�Ե�!""����a�{�R,x+[���#6X\.=�gM�ȴE�""ӵ�qp���L�c�$m������[B�~���e��mjvƥ-�g���I͇�l���c	������MXdG�^q���$�J7M	5�j���䆄fwzV����v�bƇ�C+���a�?�cIY=�3Vup(����b���a��m� KH��T ��Pl
��뫫�#I<���,TS�	a�'�l.EA���DLaa�Q����B�j��(|��F�O�^/n�{�x�Î�	���q��0�������r�ByE)�T3�܆��Q~,����,�J2�A��U�$��`'��ӡ�d��;6q�S��e/,��`���@ۘ4b����?��W�""�
O�[��HN��P�6I[$���YQW�}B�
�1A�h�]�`�H�D(g��4E�����b�����mX��ڬ����e��Y5����k�=�V̾�Wp�����j��~�j)(�b;�u�L�ex}�+�q�C��W�Op'in�NBC���,	x�����|�
x�r
��t'�!�;I�vZ��?��l���$[{����7�a�֏~�#o�k?����o}�'����|�Ñ��� �'P�Qbi5��h5�RQ����T
MI��R#X�pᒣRk)dG�=W�;��X]Ʀ^��Jb\��7+������rM�b�w �8�b�ha�Ǥ���m�&��\�%�����)���Ui����/g�a��d���c�˦h��|��-��Ɛ�bQ�w~���wH/;�?�ѕλuB���Mt��5;�;�>�*H�{�n7�{L,""e�G�ܞ�.ǐN:�mUt�+5P v+W������F�P��6\�2��a�!u�hr`�#����:=""�q�5\��Qlz��|�p�'��%hR����W���-��~�;�7WTi~��;��ϙ9���LyS^/�:�M�5Z��v�s�+�4g��NpO�*���oߵ7~@7��c�a��70�Ғ�S���	�r�Ñ����h?���Mm�����SWik��]��u���
Osq�zg�����cz��*#]~��zO~�%�|J����Y��n+�/�����6�""-oi_���V'M�w�e�C������C%[��Ҹ�5����ۊ8�/o�p2J�[	ʱ,�쭺I�Kg$rް)��v���\�y/fA��c1�E�sm^tˣ�kR����֍W���(�ah�_��K:8x_�#�����p��\zeB����	�|;vwi�06���)
���n�O(����$��L�	��T����L���)ه�c�#T��W4_//��?��'�b,�ƔG%�8�*���p]l�S<�A%�)��T��(֑�In���#���G��[�eQ�����:�m�m@qT���K��869WuP?�+�T��O!�D�zg���o*�Eh*�h�A�bʚ�{�M���a�VoN�Gi���ԍk{}�֮�O���h�	��
Z��Dz��mΈO����RBW���YE|۴�DܵHc�GuWt��Z��ו�+�����1�6����+ƅ�V��eY�@�d�h��wX8@-ǨX����B���.>��tM����օx�!�*��MM�1o�E�����?&�˛����u2j�c{���שYsH3�����W�[5����?*7�f��fL��KY����<��0ؼ��Ɔ���@Y����b%�W�C?$`A��N���]��t�^��h�c�
p3�>���b��G�r)Qf��S�S@�tLl""��s(,c�e+��c��=�̌L	O����d��=��,��hy�	�X���?�P�3�(3����)M�fz�S���@iC&&��n��2Z��y�k���㐳9(و2u����#���J�]7c,7��uM{��#�����c��:V	�'fݮ2��i�C�{�s$��?��l�ٙ	Nv�i���xb�F�
B��x�+E���^���U�@�K�X���#�V[S��dķ�P�6�9�d(H'W�$��s�Xω��l%�:���R
����թҰ�%���E@�����C��, �2�vL�Hy���%�v�Qf2����Ӟ �a����7���(݅�jG*;���҄6��~�P{�%jHC�\�
����^�3�b1r�Ƽݘ{�C�����%�D0X��υ�˹�����\V|��bhctP���� �Y��i1�)%���b�XW�`�
�Ȇ���,�Y�Gy}�PTݪ*�i=�p��]ti�=s���ɤ�1�����|�P+�i�T��~��<���R�����H""*�azH�f,�)���Y9��%,�0q�[�+0�`��T��ڃ�^S1x~>#�t�}�.�KaJ�ݱ�|f""�X���槯����`�g�&4���So���6=p8""�9�x��̯wk��:�3���-���%���9��Ə!��Y{Y��oo` �y� lv�P��8N�DghQ*/oD��_��~`Yu��X�C)���}����R���+?�B���ӏӨa� ǨeC+�X,GC�r�����<�b5""�+�Ɉ�(�B�i9l�E�ߣ@3�@(�ݑ�`gk�h�ǳ,=��� ���FoZv+G4�T�	�C����B�I�I��p�p\OVs�@Y��^�V$f���o �P���z$�J���J�}�$�n����E�Tn�R���'���/��~*pI�h�$ĝ��0�8<�z��fg�vd��,��	��YV�I�M�P3�]�]��1W^��""sɤ��+-43�R�I�+�9�v@�1�����pӜD9Ɓ�=�`�g�j[�%�*����/�9�h��	�c{3y�(�c������ԫ0V�r8}��%w�����8Um�3*ϳ�G_��*���a��/[f\�_�/���ׄ�1�'{�Fb}��RR��á?�=,����M�tLA��t���5L1mdN���M�6`�B+�#��\.9i�
t�8_�Z����4-U�X3�/H�����x���X�q�_�M����G�r6��\ V |�5c0v�p	z5�����������/""j��;8��E�������~L���Qx�Y�)��8�ٌ����̈��,�[R���;������)��{��\b*��Nq�E\�ϖ�<ە�8�@��[p�7�x!>�
K�E�$m%��h�5n��^ED(c��xgy[��^�JH{k97�756�*e��}ٗJ/��>/�'���[6�_\<����(�>b~B!
j�!�l�ꄯ���ݶ-��_C�����v�k��5�Y�R��,�0'�ٞ8D�$H9{8���=��g��Y%�jw��ѽH��vV&�[h&�w���y8J�y�R��v���ww��~a�!����P�2K+��>>O��)j(6����.@X�%t����5T�,�2�-�;�>�a,�i�\K��5�9���c2�w���Q�8�I�#�h�=7Ԡǧ�[�.�q�+2�RĶ}0 g�.�(�������eߠf;�_���e��M�W[����u��9&�T�T��/P��ı���d(�$1�m|
�,-�#|�yzno�p��&����@�Rh�ⵕ���c&���YӦ�SYx7����O�I����\sK�������K���m�m5�KVe�������k���y��ɗ�g��m� �O?�F�a�u��q;��h��g���^s;����N�y(y?�;o\|�;�?RUI>�����}˔�mN���,���p���U��'�6I�n3��{����5J""�����U������t�+]r�l�4�-V
!�������7�����a��[ۭ���L��_9����a��9�E��/����h�tB��H���u�9o|�s�p�P���h6G����}u���W!~#�������7�h=� ��JQI��|�
��:7�3yj&[��lQTq�M�_�W�����
��q�)���Ԩ������9�s0�s!�$���m(k+^s�]tI�=�&(�
��h�]�&
�J�8*I�pjzE�c9�@��(��T���5�\��McdK̐gŲg������%\���/�5M]|k�
+�ӛ,)ꠎ�NhM�G�lB�M|�w�»P�<�Z�H��)t��Q�n�C �FA��B�:F�ϲ{�${iTq$�#�ȗ[a��4���_�`s�5xŒ��qa%����L�'���#�U��&����鯘,���Ѕ6�Hڻh�GD�m}Puj~���&2uPo'�j�;Hzn��s:'���i$o�e�b�7��'k��za��贱.���l�dj-�M(pzXP~*�Wҫwc�ۆi�z���Ӥ�V�
/#�IkR%E�p!����sӈI�\۰Mϻ34Ψ^7A@���Mc�
X��\Y�}pU��[�e�C�N�Z��M\�5,�@f��s+݀,�`+K)��ℶOn����&`���(��G\�--xf��M:1��w�g:���hDv�|�Fs
&Uu$���.�N��w��~��X�f+�oV""������>�+Z=��ŉ��(5k2��Xt���d��[Var��dF�i��8���>�Xf��@m��������(���/�1BႲ�O84Ek56�Ɉ��;�%���f	_*�l|�n5���+R&py�hqp*���3�1���Ն�Y�������Ƞ�I�8�5ꇳw�#d�UQ_#�aq�}@���c�T*m<0�V��l�Xl����a�:�?�����la%��r�5C�J�0��'7�)�N�bH`�9�e���""B0�5�?i%�,�L]1)i4����!�:���(U��h�7��b��i%�K�>n�(+f�����pk#F�j�=�p^L���xj]�Oid�b�$���$�_%�MĈ?E:�#v(`81a2���0�Q��
��j�\>/�.�ˆ[��&6D�}��uM%�/������p��O�t�ķOZ�@� ��f�*��OP��6��ڙ�crh~�#�j��q3�1����)�v�%3R)f�^��@�3�cPAR�����rN��C��Z#�z��3��UJ��w`�Jca��t��K����i�7]X#X��s�G~K��nM�C:����r2�?���!������*��{�hd�]�&�1�U��9b.6�߬�����M�������Y
��B���Z)RށTU�zQ���&�׀�ŠE21̍E4����A��~���??��M;IW�z6fn8������^6?�g+�$�t�6�vpQ��J��>SI�w	Qe�Q����EvtZ~?Dݬv��a_���4W�q
4�H�Z�T�ʸ�n�F#0_���ý��(p-��-$ft` ]>�HO(����..|!Sv""�e	�Y���w5����d�A@��0L#�Q�#��p�2L���Ж )�A5T�0G͏��n�)��Έ��U��l���[JT���K�J��i�p��t�9d۠�������1'ly�9�b����}];�d��Q;����㩓�0���Z��Q��>���}���i���<�����""C�ל��C^~h��\���w����T��
�m�N:��T�^�aV��FQ�ׁH���
D �@�4U�\����+���<[\���X�n
|J���#B�pR_��~���@��!���Hul���I�o>Z�r
��""�i�s�K~�э5u�d�6�p���'m�L��n�P�oP&/����=�0��h�ٚ��O>���S�J{�$��.��{�]�ȩ���'[P�<�-+ߵN�yb���{��34�7�|������;3����h�9H�E���p0�:#���nv��`+�t���o�6`1{9Q�	N�3��Q�����i$�I8�t�$�u8�j�o����C�s
�q�A%���]�V9g��1v4]5������ւ�@���""��}WKK��@_�z������Oz;��X
d�68���F���@8�Ӻ�JJ�{6E����ʾ""���(
�u�,��-=iס�\b	�X�f�[��,��VM��6I:kY�M?뉿���#M��_X���]���90�?�X7��'$���5�W_�S��sJx��2�ûD���=pB]�܇}?""Fp}LMφZϳl#A3��s6,:+�;!��5@�y���]5l�3QurX�3Z_@�����ѱ1pUK�����z������S�����ZF�����7��)�Jp�H�cc[�P}��0hT)Ϲ?+K�\5��)`2�
�i<����0�7�
�<̀Z@�Y�!鈟ߵ�#,����<���c�
_��{�
�������
�Ȋ�(�@�)|��F��o�[^�jIY�Ci]�k���\j��rJ��Ҟfӎ���|`�""�m�ϓ�G�.��{�4�S�.J`t
'1��v�ɹU���C�`T��n)E/��XjZW�OɈ$`!��j�`;{>��0�7���gn��NF��Oi�]`�T�u��*O���[��wN�ݥ&�����%�h-7@�L�5�V��4ZH͡�X]
D#?V�WI��B�C��+��""�AC�2+e��k>iN�Ĥ�	���搕fM�fW�á�Jm !/
�{�)�Og�K9�FPh�G�Lr�W�^��B%C[�,>3�k�>�aLHV���,�R��Zg�����p,!�ŅT.��s��I}�)�t�N�{�-�����Na@�Q|��d��=mZ>���ɏ�B���w��oF'b���h����s��f���V�z��j������pM%3CCi����v��:�g��>\۔^�|(�e;Pk�033333�̰�W{�&[�]�UYkSH)������9��*���Rʔ�L��؛6�$b`-��&z]�h��eQGY��v6䆿��ypB��'':Nxs�����i�qxc/��|������`_�{��f�ǂ��K""B]��F�F��04G""���h��#I�fc&)�Xa��Sև����5�	JD""��kQ�`h��nH(���|/�Ы��2�ǜ �s:I�$I����? �r�+��_�.�(;��Cp��{p�Уp�}����V�(��e7L���\v��V���P��1:���{��@�Z���/�7��@�~7��y~�l�����R�R)yN�7�vJ-��D�C-aG�%���9#�P%q�����Ze��8����z�L=����q������'&r�#fzD=�4�*���aK��+5���|H!��У�@�i��z;� ���O���Y�X|���}\.���j��khh�a��.�~�g zi:�L������m�0��Q
�H`�����e���a��Qlʬ���v:X��͚6�{m��Y�D�����Sz��ϟ<���%J�Gv�J]��}h�pl��b��h�֬ckfr[������q.�����E+	v�-��I�a��W��}��ղ��j(z/����e������o��డ���[��2��n��X�U��|\���d��A	�=g3d���(�R�]4��X��bɐQ@@`����2r�Iz2z�J;�R:���C
ɊV]1C�� ��
�6�Gvh""yF�(�/�Q�V���J3�~�vr���ws�h�J/�����%î��],��BxPˢ�,����C���p�L�, �,�l�V��Py\�����6T��_�%q�,��ڎۜOzp���F\t�ѷ��
�ϕ��rdU6�0�]p�+;v�ر;ʎ;N@:vTA��
C���L��N�������h�K���-2,��
Oǎ;�S@!����7�$����cǾ؎�[����VQԘ������}�t9�p�	a�F0��`TQ�B�F�TY�H�f��	�!��5ᢞG� �n:��T\��P��,�
&���R���O��1e�[��\�-��kLYrie��M��k�Yx�|�������о������$��y��.آ��oI��卭��a��*�]�0DF��an�D`�r�����W�I�$:�)��p`\&��%�0��& ��hl�XlH�d�h@1��2L�C�
�Zi� ܤ,��(�?�����8)�Ш��&��i(� �ɧ����͕g��ΐ�1��x&��q\�u;l�g���jPI���n[5W+�Ԫ`���m�h�6�*}O�g�w���ȳ�S�jڶ��!��r?�di����xa����H����}Λ�	֚��&x����F���y)n7*#���;��������Hc���M����t6�ؗ�9iʶ--�
��=���=��`�V�����Ll�&K��y����
��L54l��=�Qg��g���� 
1�^\��J�m���p���b%l�Yۺ	��Z�ݐ��o%�1M<�W�]�s��u��~@�
VHI)�����f��f[sf|{&������I�3�јZ<�MD�i+e��s@�pEsj>�@,a����
�O[�pG JL�/�%�F��BY�r/A�D|����0,���gF���-���4�,
�9(ve�Qt�f%""ɱu��Uչ���B�U4�9pRR�c�[M���[ǲو�y oat��C�Ep�a��������݈���y��]V��zn$p+Ȃ��g�HN}��%bK�!��}y�.�Q����Y�qZ�0`�y�İe�M��K�]q""��P�G�x���P�$p�+��#�J@˷\�ܮ��5S19������1��C�8+�7[����СD����r`�b�'�k#[��$�pZ�|�0�j=6(�\H8�̒���ӛ+P�T�L����C���uhq��
Z����w،Z�ǉK���$Ը�J1��ej�kD�%-k�2��_���m�V�O��:A��b
K�p��qK��ݣ^��yΌ=P�l%s�ҭuV�����	/�B�Ԩ]������&�K�V�y��'���zqV6�#q���Y��Kg�gEP�i��""���~�<���{E��ݕq��̓��]q��TH�=�_��~��d:-C���>��Z v{J�?Y/��o��p�l���e��
�����^F�h��Ԭ�p��#��xӮ���� ����x�AI�k����Bb����oWc�x TL�e3���1ܽE�����a�L����d���!��v7�!q~��<��Щ�X�Y?�h�Qʪr��n�����f�4al���4����f|�h��z��+	�� l������-^�n��8����+x�v�X4`ة2�+��6V""�f""j�uj,oK�y>�7S��Uj1��, �l/&��a��Tw�2�x��bXo<�m_t�s�w���ȉ�}����@�A��z}���͒L|o�!�@}\���	ҋ
�GM*L�Bl��_\3�n�8
�.��� �G�}LĞ�>�D�_����u01L,���)����]Y/b�F.���<�/�3*�fD3l��ZtXl
�X��Z��P�Z6��ڝ�(cޟ���{*����n7�GI�_iǦS(K.͛�>����:����k�w�gKߗ��^|��k<�P|����q�����»A�]�
�B�
v�m�����B����Pc�v؝Aj�Ӎ�nL�,;/�\��lȷs/�w\�Osp���cU�`E�fM����U �W	+ʯ,�<����.�v�w*�P�A�{i,0'�*UJ�Y�$�u]~FZ��/�%<�TP�P7d̼ס.u�k@�J���k��쳘o���k'w
��H
�A�?�������թ���!%�]�(�����3C[�8/�9[�<""x%���``���ч�f�C�d���� R��eE4��Ih4���6Vf־��,�� ha�h/�QNj*JL���,9���q��\K�y��g!E0�L�Da3њ�/�����Ra����?Jۃ�p%�:p�vS���K��qS��ؙ}�^�����
��wj���F�Y���0ud�/[n�`/ش?��@����[�[�I-T�5����d)�Ӹ\,��_���	��ƔÈ<�:�4��	��4��+'��W���t�ӌn܃�4��/y���\u[w��p'�A�Js��rw�\&��Y� 
���h��I��,�Ey�[�I��D��aG6~�IL=w��)/�It_:6q��m?�����z�
�&�1l�J4�b��@`[�[���[5)��ޘ���3��&��BHd��ؑf{�uO�4�3� @ʫN��n� ���`H��D���ڟ�Ќ���V]�OKf/�Q����%""Y��!�1�bNU~	UB��""��5���b�%t��b����}.�<`�l�,ի���@���Gɭ�}�^��,D��hZ;�:�S 1��R&�ĩqy�0MhD���R�9Icӄ=�&�8f���u0�?.P���}�	5q����&�~E��4�>v|D��8<������x��/n��	�Iv�T��,7m*""
�<78��������
������oyo���s����¬7�یݿx�'�s{�j�SPUy7im����$�C��!i�$�fշ���i�g�<���TT���IF�J*3TO���4�s�#zC�ٳ@K^�""�3�.�ѹkE:�e���-����'�Ze��5K
3�d�f�8E�i)�?躧�7����9�z�.5\
b�꺶/��f����O�qRзt_��QYÓ���\(���!�5jc�n��D�F�*fH�F�cW�-l��d�`U	��C����@��ʠ縒g����b�#z2T�t�կ���0�D��U�/�BJ����'�胅�'Mw.T�J̐��!} ��/ ~gV��;�� ֑��J�Ȫl��A\?=8��s+�|�(^��@9�%�ظ�~M��:�瘋*u �^d^~t�R��cd�C���LP+�UN�B��X�S�:��?�,�R�0}��_�BS4,O�f��Ӱ�	΅��V���ٞ̇���!!��ʰ��Q/�LQ��y(~��`��}XR�@��?�4�p�Ƞ>vEwXF!,rvF^�XV�]�T�P��I�^'�'�!?�ݩo@ߢB)�D�����k�@ �Y�#�G�tޥ�JE`��D��m�jl��#�F���%y^,����
�����t�g�6urZ��GR 8����OA���x�W;�X��@�[u��(�e��A/վ�*ŏ�nʳ�Dp@c9��`�-�ċ�h2d	}Q]y�+��ǅ�C,��@��1}!.��<̲�&�epo�鋪�&��G��� Z�ä�\N�w��w]�vY�C��t�m��'D�ȣL	E4d�	M�WkMDť��0T����pd}���Û����HjH��a������o���}�zm�^
�Ӱ���3s��,�%��fH䇧]�u~����P��`���d>�6}��\�t�NE�U;�uZ��@�&�)�^�Y-sIo|�5�uB�:ˈ#<�xg�����u����u��l�:Ӂ����8�Dw�GF�얏��L�'�=�V�^�>PZ9T�mw!+�^�תl#LSʡ(Â�w��eHG�;9�!9�����?#R0��BM���[�\s���Ԯ�\����T�In��2��g��/u�M��4/�A�1Ø��%]R�9�b���m꾽�W6Ȳt.aD�SF�b�)V�,���$���o��%WYR�����!�!k��9l4�}K��J8#�&3벤��_�&���Rs�Bc�}��b�}��DД���t?�J+��K��\r�t�
�p�DI�D��`lr1�q�/C1u/-TC�:�߫�Z.����n��%������,��r@?f
�1�ӌ*̔�`������%+.Ò�2���,��2fV�+K5�2�Uh*�d�2ةIY�1�]'?Y)˓o�j2��ɘ�BV�()J����d�OU��E:�?�c�?ORp]
��`�t����+D<%�1]��s(�cX\-�4��)�c��8
�vta�O��O�'��ɓ���g�f���n�q���	���
v���+-j�|P���:�Yz�\����p=�F���b�bA�� �:;��F�|],���B��s���T�|��
�8���:��z�@�U�:T�af���r[h� �!�>�Z�1^}'c��7<�eT�.������ PC�w9#����P��KU6 �t^�D!p�/���)�{��
g��~����l~�g�C0�I}-��#�,�*���N�۪�I�W���'�:�yZ9�)x���i���x���+L�7��Wu\����c�Wb>�""@�ȉ��t����#VoE����7�0t7�x�a�0�h�$��=�ȩw7���0M��]/�.h��mF9D��l�#[x������R/\H��4v�!v��k,��+^ n��lW����S�$VK� �wa'�7n�s�""ԬYeUc ~%z2^��(�<��Ch�-.]N2,XmM�y&>��Q�A�dhfŤ���a�ޞ'��鲞n(�q�>��v���g>�iC�ݛ8�P�8�� 4-XZ_����[Jw���-��+�#����N�:�X�v� ڞoS�,��_ B���u�BQ�fcq�9ºw ������1y���$�63MX������l����}6��S�\��H^��@ٛt�-ӕ�*�DD��""{���\�բ�y���&����T{�;�қ&�0�G����C��`��aA4(
����IH:Wg$""�
��^$!?V�'�[ҟ{U�����a��}�`�x�bP�¹-�h��Ǒ��X�=p)��l�c.S�`�	cx�ϩ�A���rPD-u`l0��
|Y����|�%�����c�A)�9Pb����J���
R�C/�P`^�s�)Y��Ī�?�q�d-���_�,����$l�����k�eل�}�&]d�����=�8�����\��`�V98X����*�N�E�Q^�,��t�c����)��d�
&V8�:��}5�n��]-�:��������1!��ÆG�t߷D��$�v�}�N�""�ث?㬚�(��q|+�h�ċjnX]G�X�[0h!�Q$�O�A��$����̶�h�ʯq�R�㲿�U�&���Yp���f�>��P�
W7�|rm�f�\��y�t�� ���3��{hJLa��,�aš�5(��xb�hq
݂�J""�%)�J""��4�e��z}}�)��-��E ��&��,Co)f��4�1��'�$L;�DL��	��}�%\|t����]��ݷG:crq�l�b_��0�O���$�N{MY �涵�)�Bj����(	8�""7���vc¯�w�z��~��W�o��(���u挢N��9}PA�b�9YB��#W�DF�U�.�6:�߲���Â�q<
 <�1T�`��^%��!_����_:5��-,F��|oa��b�@;.3^=#�:�گ���,��@���\d���rM�������i�Й	4߳M����S���-/!��Iq��1�y��ܐ�C�P)�-��ha���,��AL��6��L�Ɇ�wL�'�""��X��EW�_�T�>�4c�s�-�8jV��Ɖj�%����IF��M# ��7r;���-U�����-,hM��8v\ �K�5��nَx��{��as�:y���%�[�&.X�p�t߷�Dּ˒�C��I�3��O���^�Y���e~�G|���Jc3�/��e�aWM}E{��>�l_�k�x)���(��?��ZKQ@�;!(�}['lKW:������HV�X@���Ϣ�`�
߸�{�Ab����U21yyG_ӛ�^#��M
��}�6|�8edi��x�����
!X�����d�N��jDB�� �����+6���W�l�st�G�H���T�q-���I�h/�d�݉*?Vx~(9r���88#J�P�݊��j��*�D��g�u�� �4���
�jQ���y�J�z!!�=?	%}	P���Xh��D��A!T[�漁��=*&�h,r��e�`wHr�H��/��ni�gA����yMX�4i�'wy1�A�""�(�xq)�g�: GR""l�Tgw$|���!""��=0?r����[Z�'^����
��z7��4O�#w8��!pDz�X�G����+R����i�͘�D�=��������S6@��x������O,�
��*٦7G�#��@���C�JR�%������$D��`e'��HI�
��u�n�q?���
��K{���D[�N�
G�j��;���""}x��@~4�ȴ2I �Bt��!��k��^��ގ/�Mщ_*�ޜ�o�@՝#�RAL��i�N�a:�L%�Ct[�m9q�����	6J*�Y'����+c���u���������h���?qFKf4;+�0���8cR�(X L˰��9�b����_���V7w+��Uv7�N$��RO�u��f����ݫr���s9��h�y�:���G��1���S2=߅l��A�,Z6����'&��Q��v""Ґ��5h��n���""H� ��Ll�h8aC�m#�R]�e��2��trYd?-���5l� ��~܌bc�HB�'E5����F؋���e
��""�'9,�&![��������b�.9�����tH��ۍ�m��N�C�;B�
d�S��GaʊrԔ�������
ȸy��M!��0�����#&��0���?�����s&��k��c��>�0��r���ڹ��U]_�|?1#I��*���HR����le�_���h����Ȩϯy�t~���c'����7�;����S#A1!-�A�D��%��""�=lkS��|@(Y��A�r�͞ǘ��Y�sQ�l�)��y�10����㫐�������#	���\��K�YY��;�[��mߓ���3��fzC���Z5���}�=3�?x&��""�g��n�����.�%�pW�Lɹ��'��U�p�6ڴn/:�����鲇?""|R���
�U}�(c��02,�f�8�0�%�����w�L��)J 3�h�I ��d��Q��?��#FQ5�@Qw��ʗ�~���5��C�mX|�)e*�:q�
��y����=�y�&,����s�kS�
��e=���L�NL�+$_�Enk���/(C5l*���;��,:,H�O4��Rc�B�J�
!L@��8a!�cJ�U�JP��R�UZ��ߺs�@(:7�_��j��wLU��B�L�f��(t�L�
�uZ�S�úsG>���.p��=�l�2�N��������Z:�$X0�*�qM ��n����po�f���7�����lFo�đk�v)���bH��L����=�=��;��eT�Z��%< ���`A@@@�WBQ�_�T[��6�x���=��U�=j�ހFK-rg䱟�U��0USR�DQ���W4N�rIMW��B�L��Zh4� (�s�!�lT�U��������wi��^�]��8���k;x�rt'c��00����R�p�t�,Z�J���q^��/'9ɩ@we��b(J�8@1�$�a�y��Au�`��x�D1�E�X���f
.ǃ-��""�86�!��z@p1�+b""l8��S�$�+�$���KrJP���ݬZo�y��\�6���ƐN���q�Α�e��R}�]E8�)��i��߿$MiVv�K9���r�)�ϟ?))�	��+�N8��ыu�����IR/��R�I#����jw��]Ƣ��a��������w�㺫n��������������������l�0�������j�ua4�����Q$b�1ZY|�;�w�x��x
7Ч��ϺoV���%�]���(��{��G,�q?��N�k0Mc�	!��V����(.dT@��
�Л�U�uU�fWݟ�g�Y,�L�f����2���w��x	�����hE+Z��~�_���	���""p�p���c��0�z����!|���ç(���S��ZVuV���CY����]��8��b��!��n�V!�lv���0�l������)rF��at蜃s�^ʔlhx�T˲2�t��1F�,��h���2�[I�kYm���-�a�5/�RR�W��f9�a�m9#I�S��l�X�����ZL%%J�$��Ԥ&uq��t�ka�v���)����y۪[˓��N�ԫr.�#��YL�����K""���)�������Үn�s-�V��BDsU̦6X�p�@��(�z/�)��J��պ���v[W������e�uڽ���e�s�ͨ���+��}w2�ARI�;}�z�ԩSWۚ#c4�9{���صn߉]z*R5U��9+��xX�@��p1Lg�l���j+	�,�����+ly�I��ɥ�'s�Ӝ��S���8�)N>����4��(J�$J""I.I�W�2I�K>�TB9i�U3
���]�I4�8#s�xk��t�����j/�����blY�	��p�u�H$�Y6����z1NUi��W�""KG�Yũ����5@V�.6јhh�S����Uyhԍ�Ҹ������d�%�䌆u�aL��D��]]Y8���ѐ�EG�r@;�TՄ�|(�Hz$D�ls-�Qd�&J�!��UOU�,��+{5V�"":�X,�>�j$s�Hh����w��:*���UB���jV���n�UO�	�WHP��? ��L�d8r�n8��@��p��i�	���Q��\8�V<,�Y�7�Ն�@����dyK,[�W��g!��?��͞�[�-�&�1p��e
�`+n���J��J8d""�p�hx6$[ƤAc� А�����r�f�B���������TD
������]ݑly�{���	P$²��nV-�����^�U3�lk�V=������,��5��i\AX����a��â7!�h�۶��r�D[gN���.��ͺD'�ɚ�V!4������Du�qũ0vWB�D��fU�:s&�j&YG�l-g
��^�D#�Dw�l���ˆ���m�E�����D��ַ�uX�V=�n��y\8�e��4�]���""�y,� zk7�\[�4\u_�2AB�
����84�ib��5����WY�Sf@�80""��`����%. pJ:<44( �c�P(�aAAHQ&un[a�R>xT@�mhV��f��4��?69� ��L �� �vMF��DT	���؞�-�K8.���#�V��L^�\H}����(���w�
Z�	P�9@\�Zk��W$������C� ���N����5lb�95�����F;��5�u���Nckb��s�N�jo��#�r�&�3�PE���	(���F��LА��V'UWVb���іJw�OHG�����o���D,4�D�W���(��S_�bl)L-�q�-r@�+�~&g���i*�ˁ�i�h'J<^Ϋ�n^dm�:�r���Δ�G^{TA/(X�EAC��\��gl���TK�""`u1����#��>��Fkλ�f!��	�x�L��ǔ������&䐭J�x���6� ��jx�Fi���xC$��ܶE&�o�m����S4�Գ�j�0�.+y��s�[�=��@
gv7
�E�H8Q,K���Ì�]Q/
�
�����@�-����h���},� �_ܚa�0;�UN�H|���W���/�'�qmq�7^�cV�ӛ�dv��`�:�o)Ǎ�2Fъr�N�""DA��`�zGs�8��ޘ��r]�2�����d�""�q�����w��~|!�j-k �{�Ś+��J����JQN������9�G��'�_�zHս���tA���C�)»���o�u+r`���6?ggcz��և�~-�p�o���fQd#:oa\D@L�b�e����~g�|��H�Gxx�g���|c�17
��h�Pi�n��83�0Y�$���<�z:�pe�C���	�c�Y]��-:�����a�Nl6����s��ҽ}-�.�pc@p�P<2w��A�|9@�|�ۦNH�`7�Ȟ�-��Yd�r��yY�ڍ,�b�����7""}|W�N�;w�.۬�)wjm;�}���26���ȝb�d���k� ����I)�ѱ��SKG2�������`�Ʉh�Y՚`>\�l�N�N]Q7o\��8\��;'7K��צ�������t���&�P�YC9�tB!ȼZulx
���̄�/�L����zA�l�B�A,1�����H@zՌ��e�(�=}I
"":��HaH/kf>xwJ�(4wt�3��w��l��ڞ�	R�j�0冊h7��wѮ�Ğ�/���ѧ���y��6�r�ҷ�a�賳&���CO(�0�� �j��<�$���.�����mx��� �Wy	�wt	���q�^���%����g�.w�V�ې��\v�V�n���c�J�b	��~W>Ub�4�$�Jt1=m���X��EM����W���r���]C}���7��]^㙱2��J-��L���7+It�@����A�_h���#�K�(ADp#��sE���3a,�rs�\�y�����$�?��/jr'��|������#,2<�D�qmY���W���ڸ����F߈��8���1�oޕU��EpMUڪ��,����H��t/Y8V��i�<��4����{��eS�!�����b6-B�;o��yy�ZT�m62�������o~�x��v@�LL��QD�Z�C{�`��!���`P}L�f����щ�j�
6	���/�	�۱i�ƆW8&���t\v��c:��Ɇ���^�D�N�$MQ֨y
[$@�Q-.�M�v�1V��k����D�z/^f�%�J`�q(DsG�������]W�c�]�t]�]N��i#i�=��ТM[��I+�ZF�9�s�\��lY�P�CP�߈bE����5}}��Rs��u�gr��
_tZx�^��$�O�R^�i�""�v(rټzf�z�]�%�~3���|���/���""I��Ή�q��h���뼺��������p!��8T���-�u?�B�8�࿃3N���[{-
N]�ԩ��r���L1�z��'���zL5�ěLå�9x��00�g]���?�&m]\�B�j�:�z�fj�
��Md�{m�l��9|
�9Sd��$�ho�L�T�8)�K�2�L1mvm�k,��e��e9XGٹCZ^��b���OS�4�^�@�""W;^ږ��*��%f�-�mnCaa �G�k�_R1Y�/�����*��>�y��*j�{��1]�ɢv�k/��R{�Qt
�l��)
�V��W�]ӽ�U	�/�k�ЩD��f�6�&���A�c��Z빡�?����J耂=u��sz��)�����=�?Gt� |�v���^Z��͏�ɍy�zT(n""f'��Vr��%N�2�C�V{�x�A�C""�W���l/""6��3�]W�����z��!���	-x<�;�Q
iNә���AF�?P��	�!���3�R@�[�8�.qط�QR�jsO�Cl9/m9�d=ѥ����$yǣhOOx��K`�""攞)�N[&��d�����
O�-�(��r,+����-�F��6�$�+F�@B&����hEk�Xa7�k��5FRf�	�߫��G�K�Uyr�N{�Æ���0���C�|isG�ė�I�H�
�T��ڢ���k��ywe��""b2�^a��	Q�QqU7_iIbA%.2�5e���{8W�k�4�g7���yG]Ӧ�l����<��<�\N��b1��ִ�j�����m���٫=Z�Z$�Bµ
���ť�#�σ+�5��xjc�m��9�T9@W�ܺ�I�0`�Lpϯ
��1��C�i��Ԅ^.��'�{��s�}N/�kY�Z��L��X�p-�`�H�P�<�qPm���.�)a{ѻ3��&v9@�^J1_x=��oc)�ߔ��>�]����U���{w'��־�Gϖ�
�oc�o�@O��`Y3��ă�tK0X@_����hVE�|Z�wi`99�	�/�5��P��`x��jt�a�L����Ac�{����~�lL��$�Sύ�""^������*���D�-���9�rv����G9FK���kHx3
U���g���]�����=}?�?U�7W�z�n*X3�S�H�Df�r�8µ�7�G��&'��b��w'�fP&�+T-}��o�h��TTvw�Rm1
�5�B&�uTX�U�I^��1h������ݐT�'�+�e���w�0Q�x�Wz�������w�MG��E�L�Y�a��r�m��m�����s��`L�?w������/\ǂ{�/A�!��w�F�� �ޟd[�lvs	�N�����5��J<��3��^""�r�!e킬7�f����^��]���iP�a
əf�ң�""���6n�-�R�a(T��Sg.��������˽���մ01%٢>Q7K����7I�P�f��oFlлZv�F`� -ɬ��\�$}v�g���-C5�c�����*8R��Y�J�6i����y{+�ϿO�t���H]�a��@t�kF
 �9�:��o�]M��ĆPo��L-'���#�����~n�X��!�l� ʿ�܆�ՠ�t�ja�O@Č�K82�/Ai����5�F��J]�:��@=�P�26��	�`ؠ)��|�A������(^�����R{>���g���Ʋ��'�hfߟ��&��Є�U��	|́�c.�)�6})o��a,L�qK�L��/����IZ������$��b�N�· ��1p�A��@�k��D�Sy}|�p���_v��W(w��g՟�ctE���YC@�H��0�qB��j��7�+Y0���zdI�a�7w���5T�14e��D&��AG20Z���_��������.����Y9�z8I�����,Z�""��|�$�C�f
�-�IQn��n+
�	�J��w����[�SC��,+$v��+M��$�3��2�
^��6��Q<��˚Q<�x]�7��������u%��A�CodJ���Hh�+���
vЋ,Pߺ�H���(�0�
���ȑM_9��t8r-���S�w�#��Q�B�(�*_�����F�j�X""�%��N�.�������%�`�h�?�G�Ap�s���m=t��o��$6E���
Jv��S_��p�V;$D� L����g��OT���tL/A�~��y2y�=�f�F��D��m��n�jb5�gPjO��%�t�mʑ���6������!oa�GU��5.K�w�+�����eM�����
K�^�T��RzO�jyi�9N��hҤ%C4�
lM[ש'�Fjq��i�9fȸ�2�6]�
 Z�pU��Y������)7""�,�%�>7^}��e��
̱-�Tqp��)w���.g�2#��s�hoR�֧WT��""���+��fF���""C��t9$""[���5�V���s`��d�@��1��ܼf_)�+V�}_""�H�/�)|R�=͑�o��ٴ1����Y�?���2���8�$�G��4����d'ܰr�R%��`�yЉ�9�~!���M� ��B����5sƩ�""�y������qi���cKM�R,�2�4p�_V`�E�����Q��L��q�8^JC(�A�{HnG|^�o���(�Nғ��G�o�( M�T�\�>��+,u͞�KaL�ٖ��4k@��C�_<�5���R^�7c���
K���]F0Q�%ЪHXS�0�QH���>����<��NAMt����CĂ('_I@���I�b3��E�K������Ka�7��1�ȧ�e��Ue!�7:�D'�^伩��� ��w@�pD����%8��C���mXB�*�8=��Cy�15DR=O!;�""� �l�R��l�.?+W����&�1mt�#����:�""��Є͘Kl����zC!,Z�J�:��|�ɨ��;f��g��{{�'U��R_�'�8�""���	Q>Om��B\1D�-������s:2���Ld�zG2�D\h��wZo�$|8r�L�=E1��R`E�b���ڨNa�(���խ�N����+t�0�C�r~hFŭ?�9*��jc�'�n&^v��6��""ك,�W~�7I�j�:	�~�?�D�N:� ��m�T�n*�$j��-Nؕ�����K y�H�����ڀ�*�G�j��Ad�X
�q��|����z�+��p{q�Z�U�*��;�.��(>	J�m�����n�PFX�P#�؏ԅ�����+�O�aFJپ�}�k��Ƴž45(L�	Z���7�S@9��;o����{�H�?�e�EsέG=m��Ӗ$�������a����T7e���v����Y��!Cs�H��79���U""C��F�A]����G��Ül� �8z3Q��o�xOb�r�	U��DTy��	����ơJ�!�+��X5���.O�W�FiNϖ�<��G���T����c䰉""�kB@�����ag*��䧌T8	�^�֚����7a:���_�,�tf��S�""��9sm�i�e�V�Ф�@���49DŁ�4�,�&E��-a�,�����g��!rjT3=ܗ�&ǒ��n
�:����x���]��n���_\{ǀ:����&����'AhD`?#�!
F��-�N����~�ݗ�͇%����𰎂���gQ@[o�H#;:MfN���RPB��ȢJ�b9����֦5�$�Q�.�*�9�������/��NL9Δ�Wd����K�����T��iYkt5�X��L�RKϏ���1�H�>��H�;6�>����O^@\ێ��)I���J��Y&d�N�.�Or�o$��n�uu��f�*F�Ŭ/���rHU���$�c@�w_���/�yT��]�,�ׇ�%~z|OQ�L���ҥ�^}6\���Pt
`eه�0K��a7�(3>��\p7��9��)|�:20���$�*;}�k(~�n""����6͌	f�����b����J�8���}�Ch��5�^�2�ݥ���l$TEb����!^����P���vP�����K &�IG�V�DU�K
p��� �o뢜��P�ycP�1��Y*����� ̰�[xZ��_4���1��y�I�uB�ޜS3""N��6�G�������e���'�gg���D���JU�e&��{�W
��	���c ��0��\�J�M�Eij�Q�
�f��@5~�c0�y��f����PZ.��""�%�ǳ�/i��%�qP�?���?�3��䶌���}��?�X�����iJA�]��\~��a])�ҧc�@�'�b�>�@�h哽a�?�d��ai扯��kn`Ϋ�e���|?#�8YϐT�ov��@e�]��A���	s������%�i�9�?Z�`�FXO�;|""�@I�C4 ��_��9(s��KRYzN�Q�t�ȫe�?r��N��2z(�ّztu*r�s�W������Y�gb�5���K���D����Z!�2;�z�nܱ�1�./��9���9��X�;(�v
})�*S�l��z�pbp�μ�%��*}����`�KN��a�ǂ����:j�4	|���`��忋)�:DO�U{��]Ob���]��E��G!��Y��ڿWL����(u�
�=/`�KÑ��k��3�:�D�q@_䇰x��������	M�̈	""��^t;/�(��Q���|��<��d2�+�ǅ?e�������|����3�l�7�������N��{!�N�}sOc~4���l�f>�ٜ�\�]¿s&m��5�x�L��`�^���@�#2Y&`�	)��
�rƮ��Q""��y5?�������:���ٯ���H��'���%�pl*�'��(J�]�793e�_��َ��EԸq83M��&z�������l��c1-59B�ç5O�3s�����;uy~4ɷl���q�����a���j
��R���χ�%Mn
q��,c�Ԓx��/W~l�c�(�ۙ��qU`G�}��][K���[�t�G$f�
��@������P_%Y��q�aQ������b�1����)N�x�����I�a�������skM��7�Tw�0P�n�l��Y���,~d�b=oK
�f[=����<�3�{3f�;#���lV
��پ�f�`59�L�QωD�U��S�����3!۰ٴ�� !��""?�""k��g�1o�ݢ/>�/2��3?�v��w.���E��6��z�ҟ��H�� ;���}�����*y��#�~V.�SĀ.DՅ}�`�;����i����4R8*�+P����{f�����""�|�@�=���:�UV8k'�/���A��L�}��CD���i���W,��k�Z��k<:S���Z6V�S)[o,k��YhG8�p}�@7������	��:pF�{��\iK�0�8���l�K9/}Lc0$u$v�r�]�:��i에�!a�ɨNT;$�[���s���b�hy�Ej��L����]�O,)�˪����
 �ّ-����������z�N��Ёs�;���/;W��˘�Q�L��Q�4q������c+	�Kz��3f��������1q�'�@\̮��Z�<�z���X�����x�蛉v�^�8�A�b���(��4""�����#��a�XB��fɱ|jg��G+�/L;sK�zG/F�6f��:f`�D�W""� =�&
�	�b[���D�Md����Ջ��H�)���ԽkO�o��2����v�ޫ�I���p.D<]���%�3�m�f��A�m��q6���G���nr�6Oj��)�B�����s嬶�O���͂�'�����N+�����H$�w*_�
��m�x���Y���'M^�� \W��ؚpNc���
Mw��,kG�&���sV��r�{Q�d""�-g�c�Vd���*g��2���+4b���6S1�뢄e]	��P��%P04����Zc!mt���z	g��ĕy��W��u#N��""Q(�!��c!M�""4^/?�N��Xu�x]�f��T�U����k��,����
��t�@������������Z��a�۷o@�+ӱ���n<����O�+���! �{""-���4������ �_�t05^½�c��x��
W�����I���܂�r�d�� � 1�PJ�]����^�V�v�ixpUC��OI�l-����2 Dܠ?��0	�`Q���&� �Z@�>\
���Q�2^
om���Knǣx*mŗ,-ܑ|�W�w�&D�G�w�#���}�\�B�1G�ɿ�Ho�������'��l���\mQw.�%�!7�u�ʔ�)�R�Y��9F��!�s��O��±�6)8-�{�*����QJ	op4�n/;$���D[!�h@P�D��v�<)*g!s�Au,Pڔ�-�!R�Dā0zBؓ�-�{�~�gρj�Fj�8{�zr�i,��eUÄu��V��U�P����""�
�]""(ӮIRJ|�����jJ���s��S~o��!:���w��ת�����S�������|
*�0`U�C�����~�s���ƥTy�[�@��{�>�-�m�z�&�Y&��c,���V���A27)h͐��u`Dy��h(1�T����N)�i��%O�%�V���%gIR�̐����ŭ�;���K�7C�&�!���S��[7��j���#L^�Dʡ�F;`��]��I�j�`U��+�ަV��J�#\幨+e�
߀'��<���B1!H�n��c���
��:	�u�<�k%/�x:�Q&�-��=$d8w�������n��,���W�<�dY�O�i�T=�)�Ӏi�L�t͖r{/F��=�Z��3	�����f��Ѡ����%>�����^z�A��)1g���'ÿ��sTl����M�n �U��%�=���","success(trafilatura, resolved_via_decode, 43769 chars)"
Bear Mauls 65 Year Old Woman in Anantnag - Kashmir Observer,2026-08-22,Jammu & Kashmir,,Asiatic Black Bear,Human Injury,0.0,1.0,0.0,A 65-year-old woman was mauled by a bear.,0.98,single_incident,,Kashmir Observer,https://news.google.com/rss/articles/CBMihwFBVV95cUxNVFAxSnlzNngwTWpHZnp0LTBUY0NwSWk1RjlZM1dtR1lKcDhIQ1lXa0hpOUR0N2xjS1BjQ0hyeGhyTVdKcTY2UHU0Rm1hQ3JNcjNoMko3R0ZyX0F1R2NSOGdLTEhkZXpYaEo2R1Y5eHFHT0t1T2UtNjVEejNpVE1uWUs1VXd1anc?oc=5,,,"File Photo

Srinagar- A 65-year-old woman was injured after she was attacked by a wild bear in Achabal in south Kashmir’s Anantnag district on Saturday, officials said.

ADVERTISEMENT

An official said that the woman was injured in Darpora Khundoora village of Achabal and was subsequently shifted to Government Medical College (GMC) Anantnag for treatment, reported news agency KNO.

He said the woman was later identified as Mubeena Banoo (65), wife of late Mohammad Maqbool Mantoo and a resident of Darpora.

Meanwhile, an investigation has been initiate.)","success(newspaper3k, resolved_via_decode, 559 chars)"
Man Injured in Bear Attack in Anantnag - Kashmir Observer,2026-08-04,Jammu & Kashmir,,Asiatic Black Bear,Human Injury,0.0,1.0,0.0,A man was injured in a bear attack.,0.98,single_incident,,Kashmir Observer,https://news.google.com/rss/articles/CBMihwFBVV95cUxNNk40WFpMN19SZlRrZjF6WlNsYmJrckFuM0ZXZ1FOd1NEeFV5YnhxNTl0aHNudm4yWWtnUVlrTnlSdWEtbVdTZTlTMktZcWt1MjhuQkpPN0piM1Z0ZU9TbmltYzVpM0puMkplSWNhRTJWd05UZDl5SWNVeDBQd2hwRExHbEstcm8?oc=5,,,"Representational Photo

Srinagar- A man was injured after being attacked by a bear in the Humnadi forest area of Sallar in Anantnag district on Tuesday.

ADVERTISEMENT

Officials said that the incident occurred at around 11:30 a.m. The man, identified as Lal Hussain, was attacked by a bear in the forest area, reported news agency GNS.

He sustained injuries in the attack and was immediately shifted to a nearby hospital for treatment.

Authorities have advised locals to remain cautious while venturing into forest areas.","success(newspaper3k, resolved_via_decode, 524 chars)"
"Bear attack kills two women in Uttarakhand's Chamoli, sparks panic among villagers - newindianexpress.com",2026-09-04,Uttarakhand,,Asiatic Black Bear,Human Death,0.0,0.0,2.0,Two women were killed in a bear attack in Chamoli.,0.98,single_incident,,newindianexpress.com,https://news.google.com/rss/articles/CBMiywFBVV95cUxNSGhYVjNkVWpZZjB4N09jejRoVGwwd3FRTEZia0c5MVpCclFiTTU3RzhUX3JpeGdrY2VXdXd2UElyb3NuM19jd0VyX1ItZGNSZWo0dHc0MndpU1Biay1ZSmdCc1hUWUdPOEpOd1J6NGx1Z0NmV3Y0dDdUU0drTG5XZFhMSklPa0Z5ZF9kc1hwV1J3amhkT3RRU255TzlTREpFS2M4Q2VwZjIxS2t1aGFiTzFSWEtsNmx2a2U0V2pUYkxxU1luNVZ6d1I3c9IB2AFBVV95cUxPTTV6bEFHTm1sTVdDZGJCVWdYSndlb0ZxRDhrc3QtTmtRSXo2UC1jSmRRMkM0ZHljcDVSQ3dqc2NPNzB2WllrdGZfY0xSeGx5YXVTOElSN3d2QU5LcjQ5QlpyQTFaR01zTDZGcU5yVUM0c20walFBczgxcmVKYkZtdDBGR25XQktaMExiS3V4RFpQUVdVYlR6VDRiRnJfQi13bjlsSjRITm84VlExZGFvYTk2ZUxXck01bDdhdXpLc2lTR3MwdF9rdzVlRUdXVWJFOEhLMUhScWs?oc=5,,,"DEHRADUN: Two women died after being attacked by a bear in a remote village in Uttarakhand’s Chamoli district, triggering panic among residents and renewed demands for stronger measures to address the growing human-wildlife conflict in the hill state.
The incident occurred at Sideli Tok in Nail gram panchayat under the Pokhari development block when the women had gone towards a forested area, local residents said.
The deceased were identified as Laxmi Devi, 42, wife of Gajendra Negi, and Vimla Devi, 55, wife of Chandrashekhar Singh. The two women were sisters-in-law.
According to preliminary accounts, the bear suddenly attacked the women, forcing them to run towards a steep, rocky slope in an attempt to escape.
Vimla Devi reportedly lost her footing and plunged down a cliff. She sustained critical injuries and died at the scene, villagers said.
Laxmi Devi was also grievously injured in the attack. Hearing cries for help, residents rushed to the spot, rescued her from the difficult terrain and alerted the police and Forest Department.
She was initially taken to the Community Health Centre in Pokhari. Owing to the severity of her injuries, doctors referred her to a higher medical facility. She, however, succumbed during treatment while being taken towards Srinagar, according to local accounts.
Chamoli District Magistrate Gaurav Kumar confirmed the fatalities.
“Both women have died following the bear attack. Teams from the district administration and the Forest Department have reached the area and are gathering detailed information about the incident,” Kumar said.
Forest officials were also sent to inspect the site and trace the animal’s movement. The incident drew a large number of villagers to the area, with residents expressing concern over frequent bear sightings close to human settlements.
Villagers have demanded that the Forest Department capture the bear and intensify patrolling around residential areas. They said fear of wild animals was increasingly affecting daily life, particularly the collection of fodder and firewood, for which women often enter forests.
The deaths have again highlighted the worsening human-wildlife conflict in Uttarakhand’s mountain districts. Communities across the Garhwal region have reported a rise in encounters involving bears and leopards, prompting many residents to avoid isolated paths and outdoor movement after dusk.
Similar bear attacks have previously been reported from Paithani and Thalisain, where victims suffered serious injuries, particularly to the head and face.
Available figures indicate that bear attacks in Uttarakhand claimed 76 lives and left 2,016 people injured between 2000 and August of the year for which the latest data was compiled.","success(trafilatura, resolved_via_decode, 2733 chars)"
Elderly woman killed in wild boar attack in Uttarakhand’s Almora | Hindustan Times - Hindustan Times,2021-01-14,Uttarakhand,,Wild Boar,Human Death,0.0,0.0,1.0,Elderly woman killed in a wild boar attack.,0.98,single_incident,,Hindustan Times,https://news.google.com/rss/articles/CBMi0wFBVV95cUxQUnJUckJER2h2dk93S0ZYcTVjWG81WUd3d3lQNUdWcXdPUmJJSTBqWTFDV2dUYUhreWtfTS1uOWZreDk0b3o2bERDTzlJV2NSdll5T0p5MHlNcHh6eXNwT1JFVG1GQkM0aWEwMGJ6N0dQTm94a1RxTXJLUWJCdUtfSDNQdU5IWWdTU0tUaF9kQW40WU9uVUJ1ME5MeHdJWFlSS2RqSWo0Q0MtQnF4RTdrMmF1WjZjUzMwbHlsUjVIQS1DVjdSUWYyWE41V2hTNzJCa3pr0gHYAUFVX3lxTE5FaXc1c25fVlNJenVDQllkSWJtaXI3SUFvTElvUFlwZXh6dHpiWlg3Vks1cTVuQWxUdXZpb2lQemFJbG1uQzVCaTJHQjJLSG9MdGFQc2FXc1JUTEp6TlJMVmF6cFlnRVpmLWRveElSeUtQTjc0aXVvRmR2eG1VNm1hUkIwU3lUSC1GR0pKYi1pd2E4MEtxM3N3ZlRmTEEySFkzc2Fid0ttWGhMT1U0SGxxY2JLN3pRb2wwZUhLX3Y2MWs5OEZnMmJsVmJZamJrSk5aMk5RVTFoZg?oc=5,,,"Elderly woman killed in wild boar attack in Uttarakhand’s Almora
A labourer carrying an axe rushed to save the elderly woman and attacked the boar. While the boar succumbed to severe injuries, the woman could not be saved.
An elderly woman was killed in a wild boar attack in Uttarakhand’s Almora district on Wednesday evening, said forest officials. A villager rushed to rescue her and attacked the boar with an axe. Though the boar was killed, the woman could not be saved.
Saraswati Devi, 62, resident of Naini Dewal village in Bhaisiyachhana block of Almora district, was returning home from a nearby forest with her cattle on Wednesday evening. On the way to her home, a boar suddenly attacked her. Women, who were accompanying her, raised an alarm, but in vain.
On seeing the woman being mauled by a boar, Ramnath Goswami, a labourer, rushed to the spot with an axe, in a bid to save the elderly woman and attacked the boar. While the boar succumbed to severe injuries, the woman could not be saved.
Range officer of Almora Sanchita Verma rushed to the village. She took the bodies of the woman and the wild boar into possession. She said, the kin of the deceased woman would be provided with an ex-gratia relief of ₹ 3 lakh.
She added that such incidents were not common. Post-mortem of the victim and the wild animal will be conducted on Thursday.
Raghunath Singh Chauhan, vice-chairman of the Uttarakhand assembly, also arrived in the village after the incident. He said, “There are several herds of wild boars in the area, which are posing a threat to humans as well as agriculture. We will ensure that the forest department takes concrete steps to avoid such untoward incidents in the future.”","success(trafilatura, resolved_via_decode, 1704 chars)"
Woman Killed in Bear Attack in South Kashmir - Kashmir Life,2026-08-31,Jammu & Kashmir,,Asiatic Black Bear,Human Death,0.0,0.0,1.0,A woman was killed in a bear attack.,0.98,single_incident,,Kashmir Life,https://news.google.com/rss/articles/CBMihAFBVV95cUxNeFhZeUljb0xSZWhIRm9uV21KNVJXMzQyR1lxbnBlOGxrRU83WTBHT3FqOHBfOEJGX0pqOGY0WTRwb2ZHQWdFdkRSOFVfMko5bDJ4ZXUtUEQyall4TDRWcHFaLXN0TU9lekxsRl9hM2Z5ZkllaXRhVVR0dEQ2a3UtZlJrbU8?oc=5,,,"SRINAGAR: A 45-year-old woman was killed after being attacked by a bear in an orchard in Tarigam village of south Kashmir’s Kulgam district on Monday, reports said.

The deceased was identified as Latifa Banoo, a resident of Tarigam.

According to reports, Banoo was working in an orchard when the bear attacked her. She suffered critical injuries and died at the spot.

The incident has raised fresh concerns over human-wildlife encounters in the area, particularly as residents continue to work in orchards and other agricultural fields.","success(newspaper3k, resolved_via_decode, 539 chars)"
38-Year-Old Man Injured in Bear Attack in South Kashmir - Kashmir Life,2026-07-29,Jammu & Kashmir,,Asiatic Black Bear,Human Injury,0.0,1.0,0.0,A 38-year-old man was injured in a bear attack.,0.98,single_incident,,Kashmir Life,https://news.google.com/rss/articles/CBMikAFBVV95cUxON3lxU1N0RXRpQ0tVU2g1R21lZ2ZhZjgzN1BGeVV2SDhWM2tDNWNPR0V4UVVVNjdpYTlfdEtVNHJ4TDE2TUdFb200OF9mV1hremd4OFNES3dFb19FOFZHVEZPN3pTSnE1RUxERmdWRG1tMEhkVkxSNDJwN0ozUnhMQnZsWVptLUFLZExZY3JUbEc?oc=5,,,"SRINAGAR: A 38-year-old man was injured after being attacked by a wild bear in Ahoo Paisan village of Shangus tehsil in south Kashmir’s Anantnag district on Wednesday, officials said.

Officials said that the injured has been identified as Bilal Ahmad Wani (38), son of Mohammad Afzal Wani, a resident of Ahoo Paisan.

They said the bear attacked Bilal while he was in the area, leaving him injured.

The injured was immediately evacuated and shifted to Sub-District Hospital (SDH) Shangus for treatment. His condition was stated to be stable, officials added.

Meanwhile, the incident has caused concern among residents, who urged the Wildlife Department to take immediate measures to prevent further human-wildlife conflict in the area. (JKNS)","success(newspaper3k, resolved_via_decode, 745 chars)"
Woman Critically Injured in Bear Attack in North Kashmir - Kashmir Life,2026-05-05,Jammu & Kashmir,,Asiatic Black Bear,Human Injury,0.0,1.0,0.0,Woman critically injured in bear attack in North Kashmir.,0.98,single_incident,,Kashmir Life,https://news.google.com/rss/articles/CBMikgFBVV95cUxQMkNKMEtqbFFlcC12RnY5cmxJbGQ4Q1c1SDdhRHpvOVhmTjItU1daX2kyZ3hiV2pyMzlKVHltUm96aXE2ODM5TXZSUklReUlIcUIybXZnM0xmYUhpMmxYZS1VMEo2RlVrb082WHlnZ3RrTElCUU9FS190Q1NPNnZxZUwxTzRTUERkZEZqdXVHc0Z6UQ?oc=5,,,"SRINAGAR: A woman was critically injured after being attacked by a black bear in the forest area of Puthwari Nowgam, Lawoosa in the Qalamabad area of north Kashmir’s Kupwara district on Tuesday.

The injured has been identified as Hameeda Begum, 32, wife of Bashir Ahmad Kumar, a resident of Lawoosa.

According to initial reports, she was collecting wild mushrooms in a nearby forest when she was attacked by the bear, sustaining grievous injuries.

She was immediately shifted to Government Medical College (GMC) Handwara for treatment, where her condition is stated to be critical.

The incident highlights recurring human–wildlife encounters in forested areas of north Kashmir, particularly during seasons when locals venture into forests for foraging. (KNT)","success(newspaper3k, resolved_via_decode, 762 chars)"
"Central Kashmir: Woman Critically Injured in Bear Attack, Shifted to SKIMS - Kashmir Life",2026-05-06,Jammu & Kashmir,,Asiatic Black Bear,Human Injury,0.0,1.0,0.0,Woman critically injured in bear attack in Central Kashmir.,0.98,single_incident,,Kashmir Life,https://news.google.com/rss/articles/CBMipwFBVV95cUxORFhwdlAxem1wWG83Y3lBODM2ZmlOWXZmd1ZheVJ2SDQ2ZmcyWkJDa0JwWHNZMGZGQno4NzFYLTVSR0o5S1dPZHdLSEZMTHdpQUpHNXlZcl9waTFCRl9RdFl0R2Y1Vzl1aHdhSmlQbmg5QkJxbnVKOEx5dHpDSlAxeXNla1c5M3ZFeTJUSFpKLVVOMmNOM1NLZWVuVnVXbXdRU0E0S0duQQ?oc=5,,,"SRINAGAR: A woman was injured after being attacked by a wild bear in the forest area of Gund Aku in central Kashmir’s Ganderbal district on Wednesday, officials said.

The injured woman has been identified as Zahida Begum (32), wife of Mumtaz Ahmad Chechi, a resident of Gund Aku.

Officials said the woman was attacked by a wild bear in the nearby forest area, leaving her injured.

She was immediately shifted to the Primary Health Centre (PHC) Gund for treatment. However, after initial medical examination, doctors referred her to SKIMS Soura, Srinagar, for specialised treatment due to the nature of her injuries.

The incident has caused concern among local residents, with repeated cases of man-animal conflict being reported from several forest-adjacent areas of Kashmir in recent years. (KNT)","success(newspaper3k, resolved_via_decode, 801 chars)"
Woman Mauled to Death by Bear in Kulgam - thekashmirhorizon.com,2026-08-31,Jammu & Kashmir,,Asiatic Black Bear,Human Death,0.0,0.0,1.0,Woman mauled to death by bear in Kulgam.,0.98,single_incident,,thekashmirhorizon.com,https://news.google.com/rss/articles/CBMiiAFBVV95cUxPTFdhYzJLMUhKRFYzWkhWNmVpODN1QndXdUhRLTZhUldwRG1UTUVYWWhLRnlmUkZQZ0djanAwN0JvZm5VTUFXLVB6UXFvWTJfTllfSDdrNTlUY3o5cFR5OGlzbU1NOEJwUXkyVzdIdXJpN0FiR2kxY0duazRSb1hJajd4ci01aWEt?oc=5,,,"Kulgam: A 45-year-old woman was killed in a bear attack in Tarigam village of south Kashmir’s Kulgam district on Monday.

Officials said the wild animal attacked the woman while she was working in an orchard. She sustained critical injuries and died on the spot. The deceased has been identified as Latifa Banoo, wife of Farooq Ahmad Bhat, a resident of Tarigam. Local police have taken cognisance of the tragedy.","success(newspaper3k, resolved_via_decode, 413 chars)"
45-Year-Old Woman Injured in Bear Attack in Rajouri - Kashmir Observer,2026-09-02,Jammu & Kashmir,,Asiatic Black Bear,Human Injury,0.0,1.0,0.0,45-year-old woman injured in bear attack in Rajouri.,0.98,single_incident,,Kashmir Observer,https://news.google.com/rss/articles/CBMilgFBVV95cUxQaVBCelFsS2g5NEp0YWl6ZTdBbWRBUDM0REQ2YXRDZThFaF91S0Q4ckxDMjQycHBHLXQ4ZDVYdXU4eURTYzlSTWVYajNhUmZsNVVIT09RZEpYQXpGQ2FIaXhEdEhnNzNfdjJZSjJHd2tsNFF2ZEFwZXh5RjhJWUZiZFJrek5NcTVqc3FLLUNPRnhPeVp0ZGc?oc=5,,,"File Photo

Srinagar- A 45-year-old woman was injured after being attacked by a bear in Tarkasi village of the Peeri area in Rajouri district of Jammu and Kashmir on Wednesday.

ADVERTISEMENT

An official said that the woman was attacked by the wild animal in Tarkasi village, leaving her injured, reported news agency KNO.

He said she was immediately referred to Government Medical College (GMC), Rajouri, for further treatment. The woman was later identified as Nazira Begum (45), a resident of Tarkasi village.

Meanwhile, an investigation has been launched, while residents urged the Forest Department to take necessary measures to prevent such incidents.","success(newspaper3k, resolved_via_decode, 660 chars)"
3 Injured in Wild Bear Attack in Shopian - Kashmir Observer,2026-07-18,Jammu & Kashmir,,Asiatic Black Bear,Human Injury,0.0,3.0,0.0,Three people injured in wild bear attack in Shopian.,0.98,single_incident,,Kashmir Observer,https://news.google.com/rss/articles/CBMihwFBVV95cUxNOGF6d0hoVm9HUXZNcF9UMFhybXhXNWdnNTY0V3JyUE5mdDU2ZzhFalVnQUExWWxDZGVyUzRNZEdZTXdwRDF3Z2V3dmlRSlQwZmQ0Q3VUWklwX1pONnhFUUV1d3RTRnB1VjJSUnhCQVZ5M2lJV050T29BT1JSaVJJenJWUm1USmM?oc=5,,,"Representational Photo

Srinagar- Three persons, including a woman, were injured after a wild bear attacked them in the Reshipora area of South Kashmir’s Shopian district on Saturday.

ADVERTISEMENT

Officials said that following the attack, one of the injured was shifted to District Hospital Kulgam, while the other two were taken to District Hospital Anantnag. The woman sustained minor injuries and is currently being treated at PHC Behibagh.

Officials said the condition of all the injured persons is stated to be stable.

The injured have been identified as Fayaz Ahmad Malla, Abdul Hamid Chopan and Dilshada, all residents of Reshipora Hermain.

Soon after the incident, teams from the Wildlife Department along with J&K Police rushed to the spot and launched an operation to tranquilize the animal and ensure public safety.

Jammu and Kashmir Police also made announcements, asking people to stay away from orchards till the area is cleared.

ADVERTISEMENT

However, due to darkness the operation has been put on hold and will resume in the morning, officials said. (GNS)","success(newspaper3k, resolved_via_decode, 1080 chars)"
Man Injured in Bear Attack in Central Kashmir - Kashmir Life,2026-07-26,Jammu & Kashmir,,Asiatic Black Bear,Human Injury,0.0,1.0,0.0,Man injured in bear attack in Central Kashmir.,0.98,single_incident,,Kashmir Life,https://news.google.com/rss/articles/CBMigwFBVV95cUxOX3RYV25objlFd0tJcklIVV9yX2RnNkMwVGQxOV9ESi1UdmZqNmctbWJ4WV9UejRPamNRQjlYQlZacUtYci1Wb2NIY2d4U3RSZkhNVzhrSkg1aWx4Tk1kX1BaS0dlUVdlMFpzN3lJbEZzSElMQnpYWXRzdWJ4MW9pTjdJaw?oc=5,,,"SRINAGAR: A man was injured after being attacked by a bear in the Zilsidara area of Brenwar in Chadoora area of central kashmir’s Budgam district, on Saturday evening, triggering concern among local residents over increasing movement of wild animals.

According to local residents, the man was returning home after offering the Isha prayer when the bear attacked him. People nearby rushed to the spot and rescued him from the animal.

The victim sustained injuries in the attack. However, his condition was not immediately known.

The incident has sparked fear among residents, who urged the Forest Department and the Department of Wildlife Protection to intensify monitoring of wild animal movement in the area and take immediate steps to prevent such incidents.

Residents called for appropriate measures to ensure the safety of people living in vulnerable areas prone to wildlife movement.","success(newspaper3k, resolved_via_decode, 892 chars)"
Three Critically Injured in Bear Attack in South Kashmir - Kashmir Life,2026-06-14,Jammu & Kashmir,,Asiatic Black Bear,Human Injury,0.0,3.0,0.0,Three people critically injured in bear attack in South Kashmir.,0.98,single_incident,,Kashmir Life,https://news.google.com/rss/articles/CBMikgFBVV95cUxQTFBYZlgyb0dKQXBvRldSNnh5QnRTVXFBQW9rdUcwRjh6QXBWaTVNOUx1WFB0dkI1N3hvM0RuNTl4Yk1FanJDVk1maktRQmRVSUZSV0Q1OHlsbF9OcS1CWU9BV3JzaGt3Y3pkVGRIOTlrazhKTmxLak5kZmhjSnFNVGZrckRqZ1IwallTNTFnRUtRUQ?oc=5,,,"SRINAGAR: Three persons sustained serious injuries after being attacked by a wild bear in the Duroo area of south Kashmir’s Anantnag district on Sunday, officials said.

According to local sources, the bear attacked two persons in the Shankerpora area of Duroo, while another individual was injured in a separate incident in Rain Shahbad, Verinag.

The injured were immediately shifted to a nearby medical facility for treatment. Their condition is reported to be serious but stable.

The incidents have triggered panic among residents, who have urged the Wildlife Department to take immediate measures to prevent further attacks and ensure the safety of the local population.

Meanwhile, wildlife officials have been informed, and efforts are underway to trace the bear and prevent it from straying into residential areas again.

Further details are awaited. (KNC)","success(newspaper3k, resolved_via_decode, 865 chars)"
Woman Hospitalised After Bear Attack in Ganderbal - Kashmir Life,2026-06-05,Jammu & Kashmir,,Asiatic Black Bear,Human Injury,0.0,1.0,0.0,Woman hospitalised after bear attack in Ganderbal.,0.98,single_incident,,Kashmir Life,https://news.google.com/rss/articles/CBMiiAFBVV95cUxQMFZEQ0diOEhoLVk5UmRwVGJxLXAzWnM0S1NLdzVyN0RXLVE5ZFJaOU9YOWZNa3VwRWUxbmRWNnIzb1AwZENZUF9SZ0V2QURGWEctZGM3ZWFmamVRQzJXTUFFSmpNNld2QUY3bUVmREtDdmR2RjVxemVQUEpMMUI1LXlwRWtMVGxW?oc=5,,,"SRINAGAR: A woman sustained injuries after being attacked by a bear in the Gutlibagh area of central Kashmir’s Ganderbal district on Friday morning, officials and sources said.

They said the woman was immediately shifted to District Hospital Ganderbal for treatment soon after the incident. Her condition was not immediately known.

The attack triggered panic among residents in the area, with locals expressing concern over increasing wildlife movement in habitations.

Police authorities and the Wildlife Department have been informed, and necessary steps have been sought to prevent further such incidents in the future, officials said.","success(newspaper3k, resolved_via_decode, 640 chars)"
Mother–Son Duo Hospitalised After Bear Attack in South Kashmir - Kashmir Life,2026-05-30,Jammu & Kashmir,,Asiatic Black Bear,Human Injury,0.0,2.0,0.0,Mother and son hospitalised after bear attack in South Kashmir.,0.98,single_incident,,Kashmir Life,https://news.google.com/rss/articles/CBMimgFBVV95cUxNa3o0UWlucGY4cnpRSHRrbDg0ejJ5aDAtUmZ5Q0V1SkpUWXNKTzIyZ05FRTVrVXdVU1hzZ0lZVWl6S2xHSzJSRG1SSmRtOFR4WE5PVG5SbThVYWR5MTJJR3hSUk5OdXRHMHZNQ1ZCam9GRlcxdER5R2RJZDNvZFM2Q1VqU1ZtY2tYQk56Zk5ZdVdISlVuNDB0czln?oc=5,,,"SRINAGAR: A mother and her son were seriously injured after being attacked by a bear in the Gujjar Basti Lammer area of Qazigund in South Kashmir’s Kulgam district on Saturday. The woman was later referred to Government Medical College (GMC) Anantnag for advanced treatment.

The incident has sparked concern among locals, who said increasing movement of wild animals in the area is posing a threat to public safety.

The injured have been identified as Raqiya, wife of Bashir Ahmad Chechi, and her son Saqib Ahmad Chechi, residents of Chechi Mohalla, Gujjar Basti Lammer.

According to local sources, the duo was attacked by a wild bear, leaving both of them severely injured. Soon after the incident, residents rushed to the spot and shifted them to a nearby health facility for immediate medical attention.

After initial treatment, doctors referred both patients to Emergency Hospital Qazigund for specialised care. However, due to the severity of her injuries, Raqiya was later shifted to GMC Anantnag, while Saqib Ahmad Chechi continues to receive treatment.

Locals have urged the Wildlife Department to take effective preventive measures to prevent such incidents and ensure the safety of residents in vulnerable areas. (KNT)","success(newspaper3k, resolved_via_decode, 1233 chars)"
Suspected Wild Boar Attack Leaves 4 Injured in South Kashmir’s Tral - Asian Mail,2026-01-17,Jammu & Kashmir,,Wild Boar,Human Injury,0.0,4.0,0.0,Suspected wild boar attack leaves four injured in South Kashmir's Tral.,0.5,single_incident,,Asian Mail,https://news.google.com/rss/articles/CBMioAFBVV95cUxOWDRiRXozenVvOW5PZkNUT0dueG5PVDh1c19sTkJ1Q1A5MVVaVk5HUC1jM0tDSlVKUTRYbHFnTDRuX1BPQXVoMDhVNzlIdnFRVmVjQUozR250R2JfaktVMlBuQ08tLVpmZjRVN2V0OXBobXFpeUtMTThaWEVwbFFLTmRtVmthb2tLSXNoMHBKMUhYOEpWVlY3QmV5b1dncXNi?oc=5,,,"Tral, Jan 17,: At least four civilians were injured on Saturday after a wild animal, suspected to be a wild boar, attacked pedestrians at Tral market area in south Kashmir’s Pulwama district, officials said.

The incident triggered panic among locals as the animal reportedly entered the busy market area and attacked people at random. Officials said four persons sustained injuries in the attack.

All injured individuals were promptly evacuated to a nearby hospital, where they are undergoing medical treatment. Their condition was stated to be stable.

Authorities said the situation was swiftly brought under control with the intervention of concerned teams.

Officials urged locals to remain cautious and avoid unnecessary movement in the area until the situation is fully secured. [KNT]","success(newspaper3k, resolved_via_decode, 792 chars)"
Wild boar attack injures four in Tral market - Brighter Kashmir,2026-01-17,Jammu & Kashmir,,Wild Boar,Human Injury,0.0,4.0,0.0,Wild boar attack injures four in Tral market.,0.5,single_incident,,Brighter Kashmir,https://news.google.com/rss/articles/CBMifkFVX3lxTE1KNXVVUTNkZmxNc0xjdzZKY1VKNTNaTU80Z21KTVE3cEVJMnpCT0F0UFpiYzlreW9lam9JTm1vZGhxR2xLQzJ1NkU2d3FRSlc4SFIwMk96WlJ5SUhEQTdCZGRnbjI5Y0cwemQ3QkVCRDJxZ0NwN0d1ZGF3a0wxQQ?oc=5,,,"Tral, Jan 17: At least four civilians were injured on Saturday after a wild animal, suspected to be a wild boar, went on a rampage in the busy Tral market area of south Kashmir’s Pulwama district, officials said.
The sudden appearance of the animal in the crowded marketplace triggered panic among locals as it attacked pedestrians at random. Officials confirmed that four people sustained injuries in the incident.
All the injured were immediately shifted to a nearby hospital for treatment, where their condition was reported to be stable.
Authorities said the situation was swiftly brought under control with the timely intervention of concerned teams. Meanwhile, locals have been advised to remain cautious and avoid unnecessary movement in the area until complete safety is ensured.
© Copyright 2023 brighterkashmir.com All Rights Reserved. Quantum Technologies","success(trafilatura, resolved_via_decode, 866 chars)"
68-Year-Old Man Killed in Bear Attack in Jammu Kashmir - Kashmir Life,2026-07-10,Jammu & Kashmir,,Asiatic Black Bear,Human Death,0.0,0.0,1.0,68-year-old man killed in bear attack in Jammu Kashmir.,0.98,single_incident,,Kashmir Life,https://news.google.com/rss/articles/CBMijwFBVV95cUxNWUNnVUxhV1BNS0VlZ0VRbE5BaWQzRERiak9GTWN6b1F0dUZrOV9oM19YU1FlZ0J3bGhJNjQ4a1p6bGViUXZkRDZRUVRYNWt0cm9EWmFvbm9QRzU5UVc1dUhvT3M4cTJsTFh4TXZDNHhXRXE4dFM1Z3ZQd04ycDk2Nm9PWDhiczVobUpCYlhubw?oc=5,,,"SRINAGAR: A 68-year-old man was killed after being attacked by a bear in the upper reaches of the Darhal area of Rajouri district in Jammu and Kashmir on Friday, officials said.

The deceased has been identified as Mohammad Amin, son of Ali Mohammad, a resident of Dhok Jangwala, Panj Katha, they said.

Officials said the incident occurred when the elderly man was in the upper reaches of Darhal. He sustained critical injuries in the attack and died on the spot.

Police have taken cognisance of the incident.

Further details are awaited. (GNS)","success(newspaper3k, resolved_via_decode, 547 chars)"
Bear Attack Leaves Three Injured in South Kashmir Village - Kashmir Life,2026-07-18,Jammu & Kashmir,,Asiatic Black Bear,Human Injury,0.0,3.0,0.0,Three injured in bear attack in South Kashmir village.,0.98,single_incident,,Kashmir Life,https://news.google.com/rss/articles/CBMikwFBVV95cUxPYldlN0lfU2N3ZElmbjZ3d3pnU1lkWW5WbUZ1QzZnODhhNWdsbjVfN21oQ0dScDRDYkl5QmlCUEVvNzN2bk9qbDVwcHlfS2xYRU1hM3BWMHNZcHZpcklxOExXbzA3NmtkU0toczlTRWZtT3ZhVnA2SngtenBjWGNnb29pUmJKMDhCSFczZzN1WF9RcXM?oc=5,,,"SRINAGAR: Three people, including a woman, were injured after a wild bear attacked them in the Reshipora area of Hermain in south Kashmir’s Shopian district on Saturday.

Officials said one of the injured was shifted to District Hospital Kulgam, while two others were taken to District Hospital Anantnag. The woman, who sustained minor injuries, is being treated at the Primary Health Centre (PHC) Behibagh.

The injured have been identified as Fayaz Ahmad Malla, Abdul Hamid Chopan and Dilshada, all residents of Reshipora, Hermain.

Officials said the condition of all three injured persons is stable.

Following the incident, teams from the Wildlife Department, along with the Jammu and Kashmir Police, rushed to the area and launched an operation to tranquilise the bear and ensure public safety.

Police also issued public announcements advising residents to stay away from orchards until the area is declared safe.

However, officials said the operation was suspended due to darkness and will resume on Sunday morning. (GNS)","success(newspaper3k, resolved_via_decode, 1030 chars)"
65-Year-Old Man Injured in Bear Attack in Anantnag Village - Brighter Kashmir,2026-09-10,Jammu & Kashmir,,Asiatic Black Bear,Human Injury,0.0,1.0,0.0,65-year-old man injured in bear attack in Anantnag village.,0.98,single_incident,,Brighter Kashmir,https://news.google.com/rss/articles/CBMijwFBVV95cUxObW4tNHFsSXlyWUpVODc0RVQ0bEtfQ25OTjVvLVVyWVkxMUN0Z1JhTWRYYzF2SGg3M2NKMmc0RnZkaUkxTlhVaURTNlBJd3hUR3d4NlEtak5aT19SNEVCV2w4Qjl4WUdiYW5CcXhCOG9xQkRncHZ6N1kwbWdaU0p6MU9wMjNSZ09WakNQYkxTbw?oc=5,,,"Anantnag, September 10: A 65-year-old man was injured after being attacked by a wild bear near Chowgam village in the Shangus area of Anantnag district on Thursday.
The injured man, identified as Ghulam Hassan Magray, son of Habibullah Magray, was reportedly outside his home when the bear suddenly appeared and attacked him.
Locals rushed to the spot after hearing about the incident and evacuated Magray to Sub-District Hospital Shangus for treatment. His condition is reported to be stable.
Residents have appealed to the Wildlife Department to conduct an inspection of the area and take necessary measures to prevent further encounters between wild animals and local residents.
© Copyright 2023 brighterkashmir.com All Rights Reserved. Quantum Technologies","success(trafilatura, resolved_via_decode, 760 chars)"
40-year-old Shepherd Critically Injured in Bear Attack in Jammu Kashmir - Kashmir Life,2026-05-30,Jammu & Kashmir,,Asiatic Black Bear,Human Injury,0.0,1.0,0.0,40-year-old shepherd critically injured in bear attack in Jammu Kashmir.,0.98,single_incident,,Kashmir Life,https://news.google.com/rss/articles/CBMipgFBVV95cUxNZzZMb3U0c3UzZ1lnOXhjTGZfVVNNVTI4d1RHNGh5UkFiSmZNdk1ONmZCcnFsb2xFU1RKXzJZY2J6WWc5S05fSllHTDB1QW5KV2NVcTdaNGVmaXh1aWpBLUFqTURVN1U0aHJnUDlfZ3dIR0kxbVY5Z1JUYm9mQjl4NjdxWUktWldrXzM5T01TVFB3WFV6V0h6V2lxZHV0cnZodUw4X01B?oc=5,,,"SRINAGAR: A 40-year-old shepherd was critically injured in a bear attack in the Gagrian area of Poonch district in Jammu and Kashmir on Saturday while he was grazing cattle, officials said.

Health officials at a local medical facility said the injured man, identified as Mahmood Ahmad, son of Mohammad Akbar, was received with multiple injuries on his foot, head and wrist.

“He was given initial treatment here and referred to District Hospital Poonch for specialised care,” a health official said.

Following the incident, residents expressed concern over increasing wildlife movement in human habitations and demanded urgent action for the capture or management of wild animals in the area.","success(newspaper3k, resolved_via_decode, 694 chars)"
Jammu and Kashmir: Man Injured in Bear Attack in Anantnag - The Chenab Times,2026-09-03,Jammu & Kashmir,,Asiatic Black Bear,Human Injury,0.0,1.0,0.0,Man injured in bear attack in Anantnag.,0.98,single_incident,,The Chenab Times,https://news.google.com/rss/articles/CBMipgFBVV95cUxPOWhTUGc0amg1Zkc1Z1EweFREMHZjc09IUkt4RFpNYVduQzA2U3FOVUxWNHNkb2RKYUlBbjlYbkVwNnBZU3pyZ1BEejNPclJGM0p2cGR6ZXpENEg1UWtXeU03WVBxaTdPQkVPNjN3SU1nWlF0eldHaXFWUkdkS2tvbGhQWmRUZlVnQ0JoMUNvNElreGVpeUg1UVFUNzJfaGNOME51VUZR0gGuAUFVX3lxTE9GQnV5Q2wza0o4dVFlcEJzS2swZzAzdGNKVzRmZFVUeWRwRWc0RUl5OWNXZWJwOWd1dVdmLXhWbUNzcFRrMlFjUFo3dkU2LUhJdVJxY2t4bXdDazhIRVd1MWJJWWFDSDFDR1dldHRGNXlZdFpZRzQyWWdKaDEyaWNxRGtYN3lScFA3NXJEWDI0d0ZYbFROcTBIaVJXZDJXNDJzbmQtaDlNTW56dXRNdw?oc=5,,,"Anantnag, Jammu and Kashmir — A man sustained injuries after being mauled by a bear in an orchard located in the Mirmadan area of Dooru in south Kashmir’s Anantnag district on Thursday. Officials confirmed the incident, which prompted an immediate medical response.
Information was available with The Chenab Times that the injured individual, identified as Mohd Maqbool Bhat, a resident of Mirmadan, Dooru, was promptly transported to Sub-District Hospital (SDH) Dooru for initial medical attention. Doctors at SDH Dooru, after assessing his condition, referred him to Government Medical College (GMC) Anantnag for further specialized treatment.
The attack occurred in an orchard setting, highlighting the increasing instances of human-wildlife encounters in the region. Local authorities have stated that a probe into the exact circumstances of the bear attack has been initiated to understand the factors leading to the incident and to explore measures to prevent future occurrences.
Incidents involving wild animals, particularly bears and leopards, have been reported with growing frequency in various parts of Jammu and Kashmir. These encounters often stem from habitat encroachment, changes in environmental conditions, and the search for food sources by wildlife, bringing them into closer proximity with human settlements and agricultural areas.
The forest department and wildlife authorities in Jammu and Kashmir are tasked with managing human-wildlife conflict. Their efforts typically involve monitoring animal movements, advising local communities on safety protocols, and intervening in critical situations. However, the vast and often rugged terrain of the region presents significant challenges in effectively containing wildlife and ensuring the safety of residents.
Previous reports from the region have indicated a rise in such encounters, leading to concerns among residents, particularly those living in rural and fringe areas adjacent to forests. Wildlife officials have often called for increased awareness and community participation in mitigation strategies, emphasizing the need for responsible waste management to avoid attracting animals and maintaining a safe distance when wild animals are sighted.
The local administration in Anantnag has been urged to take proactive measures to address the growing concerns regarding human-wildlife encounters in the district. This includes reinforcing existing safety guidelines for orchard workers and farmers, and enhancing rapid response mechanisms for medical emergencies arising from such incidents. The investigation into Thursday’s attack is expected to provide insights that could inform future preventive strategies.
(We don't allow anyone to copy content. For Copyright or Use of Content related questions, visit here.)
The Chenab Times News Desk","success(trafilatura, resolved_via_decode, 2822 chars)"
14-Year-Old Boy Injured in Bear Attack in Jammu Kashmir - Kashmir Life,2026-08-22,Jammu & Kashmir,,Asiatic Black Bear,Human Injury,0.0,1.0,0.0,14-year-old boy injured in bear attack in Jammu Kashmir.,0.98,single_incident,,Kashmir Life,https://news.google.com/rss/articles/CBMikAFBVV95cUxPN1hjZEp6MnRFUlk4TzB1NzNhTVozRjd4ekwxNjdaaDF3V0VyLVc1WWZ3WU1SLTlSXzZzcTBrR21GblE4WWVqQ2RicnhGeHhQU3F4d0hyNDNCcDZFM2JmU0h5ek5zM1dZM2p2dE50YUJBYlJZZGt6al81aTVZeXgzMWJQNG55RHFJaUo2VHpfVm4?oc=5,,,"SRINAGAR: A 14-year-old boy was injured after being attacked by a wild bear in the Asher area of Banihal in Ramban district of Jammu and Kashmir on Saturday, reports said.

The teenager, identified as Akram Ahmed Chohan, son of Nazir Ahmed Chohan and a resident of Seeri, Ramban, was attacked by the animal near his residential area.

Reports said that the boy sustained injuries in the attack and was shifted to Sub-District Hospital (SDH) Banihal, where he is undergoing treatment.

Police have taken cognisance of the incident and initiated an investigation.","success(newspaper3k, resolved_via_decode, 561 chars)"
Bear Attack in North Kashmir Leaves Two Critically Injured - Kashmir Life,2026-04-08,Jammu & Kashmir,,Asiatic Black Bear,Human Injury,0.0,2.0,0.0,Two people were injured in a bear attack in North Kashmir.,0.98,single_incident,,Kashmir Life,https://news.google.com/rss/articles/CBMilAFBVV95cUxNWERhd280YVlIRjhYd1V6QURJa0FSUmx5eGN3dlpPaVN6bUt6US1fZVNTNnVIRTU2SE5KQkxWRGFJZFEzcFhvSUhsZGRvS2RxeE0tekM4OEFJRWtzcW1fNnJubWZoRGluV0NmZDR5eUNsZXhYSkRvczBGZ2N5X2xpbWdLYmtKMGFHU2M0Rl9fY0pEc2JF?oc=5,,,"SRINAGAR: Two persons sustained critical injuries after a bear attack in the Madian area of Kamalkote in north Kashmir’s Uri on Wednesday afternoon.

An official said that one of the injured has been identified as Syed Sharafat Hussain, son of Syed Irshad Hussain and a resident of Madian Tangar, while the identity of the second victim could not be immediately ascertained.

The incident, the official said, occurred when the victims had ventured into a nearby forest area and were suddenly attacked by a bear, resulting in severe injuries.

“Soon after the incident, local residents, along with police personnel from Police Post Madian, rushed to the spot and carried out a rescue operation,” said the official, adding the injured duo was subsequently shifted under critical conditions to Sub-District Hospital (SDH) Uri for treatment.

A police officer confirmed the incident and said that necessary precautions have been advised in the area.

Authorities have in the meantime urged residents to remain vigilant and avoid venturing into forested zones, particularly in areas prone to wildlife movement. (GNS)","success(newspaper3k, resolved_via_decode, 1111 chars)"
Tiger kills second person in 13 days in Uttarakhand's Kumaon; villagers block highway with victim's body - newindianexpress.com,2026-02-26,Uttarakhand,,Tiger,Human Death,0.0,0.0,1.0,"A tiger killed a second person in Kumaon, Uttarakhand, in 13 days.",0.98,single_incident,,newindianexpress.com,https://news.google.com/rss/articles/CBMi5wFBVV95cUxPeXNONE9YQXdEMnZySUlQakNZMlM3dGRtQ1BkVDlsaEhaY2dOR1lnM2s0RFpsUWRzdUhtZlJweE1nejB4b1JJZTlCbmN5aDY5TjFJNEZjYXNDejlZVG1OSzRBV1JvdkZISTI0LW1hcUlCNGFnNUd1OFhpOHBkb3h0MHdyaENkX1BfN3hoQnZORlJYTFRHM29lSGRIc1ZqXy16dldETGE4ajRfYk9nanRmWmt2a1Nqb2dSTlFFMjl6ZGNDVnRXSUN4M1BsVHh3UWpBVk15MUcwS0I5c0FiYUczbzhKT1U4R0HSAfQBQVVfeXFMUDYtRlp0TmlZUVN2eEtfVjNkRUZKbnhtb3R0TEJlVk54dmhpLXE4QWh6MDUyU0VMUlh5aDF1ZVJidzhQWU8ybzBiSktkdWpSSGFuTHRkNDRnVF9LZkZ1ejF2ZHY0ZkI2RjhNUTZOc1JIQ2kyM0xJNEpyVy1PbkYweFdUVXJtaWlMLW5jeHQxc1BtRE5ITkJvYVBSY19oUGFJR04wZGNnVC1NQWpZc1phZmgxb3Q1azlNNnNPTVJ4OVZfTWpqRENPOGxWSEQ2aUtSVE1OSV9pcTR1amk3dzlpS1FmY2pkczQtLVlFaU1telZkVnhxQg?oc=5,,,"DEHRADUN: Tensions reached a breaking point in the foothills of Uttarakhand as a suspected man-eating tiger claimed its second victim within a fortnight.
The latest tragedy, involving the gruesome death of a woman in Paniyali village, sparked a massive public outcry, with agitated locals placing the victim’s mutilated body on a main highway to protest administrative negligence.
The victim, identified as Kamala Devi, had ventured into the forest at approximately 8.00 am on Wednesday. When she failed to return by evening, anxious villagers launched a search operation, only to discover her half-eaten remains deep within the woods.
This incident comes just 13 days after another local woman, Ganga Devi of Peepalpokhara village, was similarly hunted and killed by a tiger.
As news of the kill spread, the atmosphere in Paniyali turned volatile. By 7.00 pm, after waiting hours for Forest Department officials to arrive, the villagers’ patience wore thin. Led by local representatives, including District Panchayat member Chhavi Kandpal and former Village head Manish Arya, hundreds of residents carried Kamala Devi’s body to the Kathghariya main road.
The protesters placed the body inside the Forest Department’s 'Van Chowki' ( local outpost ) and blocked the arterial Kathghariya-Haldwani road, bringing traffic to a standstill. Angry locals reportedly attempted to breach the gates of the forest office, demanding immediate accountability and protection from the man-eater.
Recognising the gravity of the situation, a heavy police contingent led by SP City Manoj Kumar Katyal, along with divisional forest officers, rushed to the spot. DFO Dhruv Singh Martolia faced the brunt of the public's ire as residents highlighted the department's failure to neutralise the threat after the first killing.
Following intense negotiations with the affected villagers, the administration gave protesters written assurance, pledging to initiate the legal process to declare the tiger a “man-eater,” immediately deploy specialised cages and camera traps to track and capture the animal, provide interim financial compensation to the bereaved family, and increase patrolling in the fringe forest areas.
The twin killings have highlighted the escalating human-wildlife conflict in Uttarakhand’s Terai and hill regions. ""The forest department only wakes up when someone dies,"" lamented Surendra Singh, a local villager. ""We have been living in terror for two weeks, and now another life is lost because of their lethargy.""
After the assurances were documented, the villagers ended their blockade, allowing the police to send the body for a post-mortem examination. While the immediate protest has subsided, the region remains on high alert as the predator remains at large.","success(trafilatura, resolved_via_decode, 2763 chars)"
"Tiger Terror Haunts Uttarakhand's Ramnagar, Three People Mauled To Death In One Week - ETV Bharat",2026-01-05,Uttarakhand,,Tiger,Human Death,0.0,0.0,3.0,"Three people were mauled to death by a tiger in Ramnagar, Uttarakhand, in one week.",0.98,single_incident,,ETV Bharat,https://news.google.com/rss/articles/CBMiywFBVV95cUxPZVE3LUowa2tfNkU0UndBalk4YWxQY1NWN0l4MGhkeFRKdGt3clU5NnZlZkwybmRSMkU3TlNhTnJlcE12ZG1sUmw1Y0ZQUnVGWG1PRU1MN2ZXc2FrWjdHamI1a1I3LXJ0QWhZV3UycVZuYUc4RFhOTko3UnAzMmF1eUxncXFvMUtxdVE4ZHcyRTQtMDdyY2FKdXlaWFh6MHlkZ2dUdzRZQTY0R0dOTDI3V01ScWp3ZVFiQmY3RXBfYVg5eHV0WnpmcFBGb9IB0AFBVV95cUxQaE1ieWhHcEFRNGJvZ0xOZXlRdUc1M0FGcjB0eHc2SjZSY0RRamU5eHVmTHM4b0l4OUFfbFVNelFRQUhnWEFXZmRHVGktbFUyTUlHTGN1UWxyR05FRllubXlRU0hJV2ZJODVsQTZNVDRvc2VxMFA5U2JfZUVUNUFMd1p3cVFZZzlfTTc1azlZY0EtRmFjcVdNM2xfYTJwSGdQdWZjalRaZTh1LTB3VnQyUE9ENnJVZWtIWFhMdDNCRXlxaTM2LUgwOWJhekxsVmRW?oc=5,,,"Tiger Terror Haunts Uttarakhand's Ramnagar, Three People Mauled To Death In One Week
A labourer working in a field was attacked and killed by a big cat in Bhalon village on Sunday evening, triggering fear in the region.
Ramnagar: Fear and panic gripped Ramnagar of Uttarakhand on Sunday evening after a tiger attacked and killed a labourer working near the forest area of Patkot in Dechori Range, marking the third such incident in a span of less than seven days.
Deceased Abhimanyu Kumar (30), who happened to be a resident of Jokatia in Bettiah district (West Champaran) of Bihar, had come to Ramnagar to work on a pipeline-laying project being carried out under the Irrigation Department.
The incident happened in Bhalon village under Ramnagar Forest Division, when the labourer was fitting pipes near cowshed of former village head Manmohan Pathak in Bhalon. Sunday evening, at around 7 PM, a tiger ventured from the forest into the human settlement and then dragged him away. Other labourers present at the spot raised an alarm and shouted loudly, but the tiger did not release him.
Receiving information, a team from Ramnagar Forest Division reached the spot and started an intensive search operation using elephants, foot patrol teams and drones. The labourer's body was recovered inside the forest at some distance.
DFO Dhruv Martolia termed the incident as tragic and an alert has been issued in the entire area. ""The big cat's movements are being closely monitored. We also appeal to the citizens to remain cautious and cooperate with the Forest Department,"" Martolia said.
""Permission has been granted to install a cage at the incident site. Efforts have been intensified to capture the tiger. Patrolling by forest staff has been increased and the entire area is under surveillance,"" the official added.
It is pertinent to mention here that this is the third tiger attack in the last one week. Earlier, two women were killed in attacks by tiger in Kyari village of Totam and Sanvalde area.
Owing to repeated incidents, there is fear among villagers and labourers. Regional state movement president Naveen Nainwal, along with villagers, has demanded Forest Department to ensure the safety of villagers, capture the tiger as soon as possible, and put in place strong security arrangements to prevent human casualty.
Also Read:","success(trafilatura, resolved_via_decode, 2335 chars)"
Suspected man-eater tiger tranquillised in Corbett after fatal attack on woman - Garhwal Post,2026-01-10,Uttarakhand,,Tiger,Human Death,0.0,0.0,1.0,A woman was killed by a suspected man-eater tiger in Corbett.,0.98,single_incident,,Garhwal Post,https://news.google.com/rss/articles/CBMipAFBVV95cUxNVnZQRGd6SUwxSDdmYjZySXEzOXpUY2ZlSExoLWFuVU9qaE9ONF8zZUNENE95RUNkc2VGSE1CNnZlV0RUNW5lUTdKbkpGNUxhajRJQXFVV3dXZVI0S2l2QlBfLVJSakM3dTkySjFRZURuWFN6U1UtRmRGUVFoVXFlNkVIM3NuWHZyLWkwVzB1OS1EQkF2eXRzd3VCS2lwOEl4TEZQVQ?oc=5,,,"By Arun Pratap Singh
Garhwal Post Bureau
Ramnagar (Nainital), 9 Jan: The Corbett Tiger Reserve (CTR) administration today successfully tranquillised a suspected man-eater tiger in the early hours following the killing of a 60-year-old woman in a forest area falling within the reserve. This has brought at least temporary relief to the local residents who had been living under a cloud of fear for over a week. The operation was carried out at around 2.30 a.m. after intensive surveillance. The sedated tiger was later shifted to the rescue centre in the Dhela range of the reserve, where a detailed medical examination is being conducted by a veterinary team led by Corbett Park Senior Medical Officer Dr Dushyant Sharma.
Deputy Director of CTR Rahul Mishra said the fatal incident had happened on 2 January when the tiger attacked an elderly woman who had gone to collect firewood in the forests near Sawalde village. The victim, identified as Sakhiya Devi, wife of Chandu Singh and a resident of Sawalde, had ventured into the forest with other village women as part of her routine activity. The tiger reportedly dragged her deep into the forest, resulting in her death on the spot. The incident had triggered panic across Sawalde and neighbouring villages, with the residents expressing grave concern over their safety and demanding immediate action from the forest authorities.
Following the attack, the reserve administration intensified monitoring of the entire area. Camera traps were installed at strategic locations around the site of the incident and a cage was also placed to capture the animal. Mishra said the decision to tranquillise the tiger was taken after repeated appearances of the same animal were recorded by camera traps in the precise vicinity of the attack site. The captured tiger has been identified as a male, estimated to be between five and seven years old, and is presently in good physical condition. To conclusively establish whether this tiger was responsible for the attack, biological samples from both the animal and the deceased woman are being sent to the Centre for Cellular and Molecular Biology in Hyderabad for DNA analysis.
Corbett Tiger Reserve Director Saket Badola said several tigers are active in the broader landscape, but this particular animal was consistently sighted near the location of the fatal incident, strengthening the suspicion against it. He asserted that the capture was carried out strictly as per protocol and only after careful assessment of movement patterns and behavioural cues. The villagers, who had been pressing for the capture of the animal for days, have expressed relief after the operation, though anxiety continues to persist given the frequency of such incidents in the region.
The latest case adds to a worrying pattern of human–tiger conflict in Uttarakhand, particularly in forest fringe areas. The incident is also worrying particularly in the wake of the fact that the captured tiger is young and healthy which indicates that even healthy and fit tigers are now resorting to attacking the humans, something that was not seen to be usual in the past. In recent months, multiple fatal and non-fatal tiger attacks have been reported from different parts of the state, including the buffer zones of Corbett, Ramnagar, Terai East Forest Division and parts of Kumaon, where villagers depend heavily on forest resources for firewood and fodder. Last year alone, several people lost their lives to tiger attacks in and around protected areas, prompting the Forest Department to increase patrolling, deploy additional camera traps and issue repeated advisories to local communities.
The officials have attributed the rise in encounters to factors such as expanding tiger populations, habitat fragmentation, shrinking prey base in certain pockets and increased human movement inside forest areas. The Forest Department has once again urged the residents living near forest boundaries to exercise extreme caution, avoid venturing into forests alone or during early morning and evening hours, and strictly follow safety guidelines issued from time to time. While the tranquillisation of the suspected tiger has restored a measure of calm in Sawalde, the incident has once again underscored the urgent need for long-term solutions to mitigate human–wildlife conflict in Uttarakhand’s tiger landscapes.","success(trafilatura, resolved_via_decode, 4374 chars)"
"Uttarakhand Tiger Attack Viral Video: Tiger Kills Horse, Drags Carcass Into Forest Near Ramnagar In Broad - Free Press Journal",2026-08-18,Uttarakhand,,Tiger,Livestock Attack,1.0,0.0,0.0,A tiger killed a horse near Ramnagar in Uttarakhand.,0.98,single_incident,,Free Press Journal,https://news.google.com/rss/articles/CBMi5AFBVV95cUxQd3VXa0FkZnlUak93bmgxeHVOVm1tM3FUa1J5M0dZZGFjS3lyT0I1aDB0OUpaUWZuenJjQlI5bUNKR2d0ZjZUZ3ZSVW5TMEFEZVlmNk1FZWhzQjF5QnF2d2dZVDlpSTV6bS01d2ctUlhsc2lEblpwQk9lNUNYV2RZZlRJVEgwdmROSGFPYXZGMG5NVDBZYjdjejRGRkRQckIycktHWm9qNGFXRmplTUhSdlNJUUN3NTZnSkswZGc4S1RQZVdjUzg0WWpndmFmbTJaNjJKc2hlVS1UVmdCWkNBZ3J5MGfSAeoBQVVfeXFMUFlVUEljMzUtUVBNMVNOOVNLWVdRUWQ3X1hWQ253QW10WFdBbnNzbUlxWFE1bEI2YXh0elEzZFlicFR1cVgzWXRGQUZJUHdCN0kwNkhYR2dIRlkzZjYwV3ZfN0dSTWx0ZEtNRmh2cy12WlhaUlY5eEFMek1aMDhxQVJKdUxQaHFTZXdicEVoeW1kT3hqTzdRdUVERktZVVhJYTZpRUJrWmc2WXZsZDdsMDNkaHYzaWhoUktLMnNJWFdvb1k0VWRBWUFrNTlQOENIeTRHSXpWSUpQc193eV9LMDFPbVRSRG9GdFN3?oc=5,,,"Ramnagar: Panic gripped the Garjia area of Ramnagar in Uttarakhand's Nainital district after a tiger ventured close to human habitation and killed a horse in broad daylight on Monday, August 17. A video of the incident has surfaced online, showing the big cat attacking the animal and later dragging its carcass towards the forest.
The incident reportedly took place around 1:30 pm near National Highway 309, close to the Jhula Pul intersection and the gate of the previously established Garjia Tourism Zone. The presence of the tiger so close to a populated area has sparked concern among residents and tourists.
Tiger Attacks Horse Near Busy Area
As seen in the viral video, the tiger emerged near the road and attacked a horse while people were present in the vicinity. The animal was later seen dragging the horse's carcass towards the forest. The chilling scenes caused panic among people in the area.
The incident occurred during the daytime near the Jhula Pul intersection, an area that witnesses regular movement of locals and tourists. The tiger's proximity to human habitation has raised fresh concerns over the risk of human-wildlife conflict.
Forest Department Steps Up Surveillance
Following the incident, the Forest Department launched increased patrolling and surveillance in the area. Teams from the Ramnagar Forest Division are monitoring the surroundings and attempting to track the tiger's movements.
Krishna Singh Mehra, Range Officer of the Ramnagar Forest Division, said teams were keeping a continuous watch on the area and had been instructed to remain alert following the tiger's movement, reported Latestly.
Residents, Tourists Advised To Stay Alert
Authorities have urged locals and tourists to exercise caution and avoid venturing towards the forest, particularly the suspension bridge and adjoining areas, while the tiger remains in the vicinity. Residents have also been advised to keep children away from the forest and bridge area and avoid unnecessary movement in locations where the big cat has been spotted.
Tiger activity has been reported in the area on several occasions. The latest incident, in which a horse was killed during daylight hours near a populated location, has intensified concerns over safety.
The Forest Department continues to monitor the area and track the tiger. Officials are also maintaining surveillance to prevent any further incident and reduce the possibility of conflict between the animal and humans.","success(trafilatura, resolved_via_decode, 2464 chars)"
"Uttarakhand: Wild boar attacks 13-year-old boy in Bageshwar village, locals demand compensation - The Times of India",2026-03-27,Uttarakhand,,Wild Boar,Human Injury,0.0,1.0,0.0,"A wild boar attacked a 13-year-old boy in Bageshwar, Uttarakhand.",0.98,single_incident,,The Times of India,https://news.google.com/rss/articles/CBMi9AFBVV95cUxOSVV1LXkyMk02akNlQllET0F0UmZnSWJmc3dKSHlrd2M1SEh2YWpvVmczUWJhNDFyUk1GVjJBMjhScF9HWG5IREFybmtoZ3lpTThFTmhsWjJCUXFmaXA3UkxnTl9WVTlVT0hyV0xwRkRQaW5kekRkZDlvSWdOUG0zUmJDVEFxZ3NNMEhrS21TSWpQOUFyTllCTlhrUGJiYWU2RndNeVAxQ2hfMlZhOXpqNnpjV0dhMnhFZ2Z3d0Q3YXZNaXFDR3JrVkYzcm9QdmZvOVpzSnR3OEtsNXN0ZGUxWU5aYUowMlZwSEN2eGhJcXhGb1hj0gH6AUFVX3lxTFBMUVd4OWJRNFR5ZHl2cHo5OEdDaVpIeUNDMHRCZ25mLVVIS2NlbDZVVUt5bW9GRmpQaldIWGRjTG93Qnd5VkZnT042YUQ5dGV0a1htRks0Z3Z2N0tmWEgyRmF3eG5pWFpnRFpMeEMyZUc0UmdxWEtHYm1YcWx3VkR0MjV1ams2Tm90LTNfQWpJbk9TX1Y4VFRkWWt5UTJxTjhRY1V5QTJrbElsdHpqeWFWZThaX3FjYThOTFBrOGdYZXVXNFlPMnc1eFpGcHZWV0RhZVhJc1NUblotc0JZRUN3b2k0VHo2c0JmcnNLVjhNazBzMUFvU01mOFE?oc=5,,,"By Yogesh Nagarkoti BAGESHWAR: A 13-year-old boy was injured after a wild boar attacked him while he was playing in the courtyard of his house in a village under the Kapkot forest range on Friday morning. He is undergoing treatment at a Community Health Centre (CHC). 
The incident occurred in Malladesh Farsali village around 8 am when Anand Giri, son of Devendra Giri, was playing outside his home. The animal suddenly emerged and attacked him, leaving him injured. Despite the attack, the boy managed to escape by running to safety. 
On hearing his screams, family members and nearby residents rushed to the spot and raised an alarm, prompting the wild boar to flee into the forest. 
The injured boy was taken to the health centre in a private vehicle. Doctors said he sustained injuries to both legs and is receiving primary treatment. 
The attack occurred close to residential houses, leaving villagers in fear. Locals said incidents of wild animal movement have increased in the area over the past few months. They have demanded compensation for the injured boy and urged the forest department to intensify patrolling. 
Forest department forester Kesar Singh Harkotiya said compensation would be provided as per medical norms. He added that patrolling in Farsali village has been stepped up following the incident to prevent further attacks.","success(trafilatura, resolved_via_decode, 1347 chars)"
Mohan safari zone in Corbett shut after 2 tiger attacks in a month - The Times of India,2026-05-05,Uttarakhand,,Tiger,aggregate_period_total,0.0,0.0,0.0,Two tiger attacks occurred in the Mohan safari zone in Corbett within a month.,0.98,aggregate_period_total,unrecognized_conflict_type:aggregate_period_total,The Times of India,https://news.google.com/rss/articles/CBMi2gFBVV95cUxQRE4xa0tpUjl0ZlhQYXNPZWFHZDVNcm1SWU9LYjRlbmlaYVRzcWFOSzM4NlhvSi1kOTdvSE91TTlONFdKN2pPWFoyZDhoYkszdWlMMjFjSjZ6QUhSTFpETHB6OVpLWmdnY0MzNkg3YnBzRFJqbjctZk1uWnNhcFRtWVdneHB2MS1VXy01VHNJWHpjTkFKTWk1Mkw5ZTNXZVdDT1lxLUtPemVFLUdieXRTdklTM2lfOUd5QnNUdUFNZjRmMVZIalo2VWd3b0dwbS1pTmJ0bWRpdHk5d9IB3wFBVV95cUxOaF9LWjhIaXMwa3NPREZac0lUc1FEcE1KcU04bXg5NmZTYzB5aE84NFlpZG5mMkJDTDh3VUhJa011T2pOOE1wMHlMNzM2cWpVcGtocnVTVTdyYnM5NnNudldaOUlUc2wwdGhWdFVwcGViZHBYaWRvLUhCMXhHZFlXMlhVbVVpakVnRVFVcDNDb25NT3FaRk1HQ29QN3hzUlppR0prSWZ1Mkl1MzZLUGNSMTBXVzk0VVQ1U09aNXU2NmppRkpMX3BXdDIwZlVESm15T2dnY2xYTy1zTnRGMzdv?oc=5,,,"Bageshwar:
 The Mohan safari zone in the Corbett Tiger Reserve, located in Tadam village of Talla Salt, has been shut indefinitely after two tiger attacks in a month, officials said on Tuesday. The zone allowed around 20 safari jeeps per day.
Mohan range officer Ganga Saran said, “Our focus is on identifying and capturing the animal. Patrolling is under way in nearby villages and experts from Corbett Tiger Reserve have been called in.”
The move follows protests by villagers, who said safari activity since its opening in 2024 has disturbed wildlife movement.
The latest incident occurred on Sunday evening when 53-year-old Mahipal Singh Mehra was killed by a tiger while cutting grass near his field. Earlier, an elderly villager was also killed in a similar attack in the same area.
Social activist Narayan Singh Rawat said rising tourism pressure was pushing animals out of their habitat. “While the govt earns revenue from tourism, residents are facing the consequences,” he added.","success(trafilatura, resolved_via_decode, 989 chars)"
Two women fall to death after bear attack in Chamoli - Prashant News,2026-09-05,Uttarakhand,,Asiatic Black Bear,Human Death,0.0,0.0,2.0,"Two women died after a bear attack in Chamoli, Uttarakhand.",0.98,single_incident,,Prashant News,https://news.google.com/rss/articles/CBMiigFBVV95cUxQTkVJVFJnNGVnUFQtWXlfMGRFSm5Od25nYjh0aXpSVjlUeFlxRV9vSGk5MWZRbzBfSE9CTWJHLWQyNkdDeHJSY09PaVZUcGItTlFEdHBHaGVlQ3k0ekRQMjdvUm1EMkhlMG1pY29kQmtSVUNrR2dRS0VFRmdNOHpCaGRkeVU3WFB3NlE?oc=5,,,"PrashantNews
Two women died after falling into a deep gorge while trying to escape a bear attack in Chamoli district of Uttarakhand, officials said.
The incident occurred on Friday morning near Sidelii village in Pokhari tehsil when the two women, who were sisters in law in relations, had gone into the Boga forest to collect fodder for their cattle.
According to officials, a bear suddenly attacked the women, identified as Vimla Devi, 55, and her sister-in-law Lakshmi Devi, 42. In an attempt to escape the animal, both women fell several hundred feet down a steep rocky slope.
Villagers rushed the injured women to the Community Health Centre in Pokhari, where Vimla Devi was found to be in critical condition. Despite treatment, she succumbed to her injuries.
Lakshmi Devi, who had also sustained serious injuries was given initial treatment at the health centre and referred to the Base Hospital in Srinagar Garhwal.
Pokhari Tehsildar Ramkishor Dhyani said that a helicopter had been arranged on the directions of the Chamoli District Magistrate to airlift the critically injured woman. However, the helicopter could not take off because of adverse weather conditions.
Lakshmi Devi was subsequently taken to the Base Hospital by ambulance, but she too succumbed to her injuries during treatment.
Vimla Devi’s husband Chandrashekhar told reporters in Pokhari that his wife and Lakshmi Devi had gone to the Boga forest to cut grass when the bear suddenly attacked them.
The incident has once again highlighted the risks faced by villagers in Uttarakhand where people frequently enter forests to collect fodder and firewood and face encounters with wild animals.","success(trafilatura, resolved_via_decode, 1665 chars)"
"Wild Bear creates panic, chases locals and cows in Rishikesh; video goes viral - India TV News",2026-01-02,Uttarakhand,,Asiatic Black Bear,Human Injury,0.0,0.0,0.0,"A wild bear chased locals and cows in Rishikesh, causing panic.",0.98,single_incident,,India TV News,https://news.google.com/rss/articles/CBMigwJBVV95cUxNNnhBQmc0MkwwdENHNDJYal9SR1QtUDVsZ0FIWFNmSnQydU02c25aUUEzc2c3XzhYUWpkTWFEeHp3NHVJRGRvcmdrNzdIQWVjeEpHaDIteHB5Q08tUTBwLVJEQ0o5dFZmSXVNblNUSWU0YWptbUNMZ2RGUlJIa1JwMm8xR05qZE5iaE8zSExVd0FOLUxrQWdNUGhoSloyR0NRb0VLMUY5Njl4ZXJ4LXprZnBSM1UwbFY3SEpPdUlOMDY0VkJRSkl2SXJJQkl6YXJOOVZIcU9pR1J5ZTZjYXhfZWhpTWQtWkdwZTlnM24tZ2lWeWR2OXdHWElzcnJ5MW9KZkNF0gGIAkFVX3lxTFB5cElkU1FyX2xfb0M1R1ZhSVB4NG51LW1pM0h6R1FLaXNiRkNYYXJHUWotU3RQUGhwcVBQUWpvVXQ4Y0JLVTk5UHNSM2VfQUdIU09yVG1XbHBXTFpJZ3hTYzhqbDhENVREZWxFV2pvLVg0WW5nWkdDOHBzUFl2TFh6S09aZDN1cXpEVjdlU2tVbmV4SmhVYndpUWJ3bjlpR2gzQmx3MVZfMGxxZWJVRTczMmszMWNMZlhFdXZuQld6N2gyMVpKa2YxNGtPSUpCbUZHTUwzQkdFVmsyOHQtLVR1NFBNeWtpZ083ZUpRQ1B6QzJLV1ltdmV2RG11Mm14SHl1aXQ4dlhwUA?oc=5,,,"Hill regions are known for their beauty but also for their harsh realities. Residents often face natural hazards and the constant threat of wild animals. In such an incident, chaos erupted in the pilgrimage town of Rishikesh when a wild bear entered a residential locality as preparations were underway to welcome the New Year. The incident took place on Wednesday (December 31) night in the Shyampur Hat Road area, and the CCTV footage surfaced on Friday. The sudden appearance of the bear just two hours before the New Year celebrations created fear across the town. The entire sequence was captured on CCTV and has now gone viral on social media.
What the viral video reveals
The incident occurred near Shyampur Hat Road around 10 pm on December 31. The video shows two men casually strolling on the street, unaware of what lies ahead. A few cows are also seen wandering peacefully behind them. As the duo reaches the corner of the lane, a bear suddenly appears in front of them. Stunned and terrified, the two immediately turned back and ran for safety. The cows also scattered in fear. The bear was seen running behind them, adding to the panic captured in the clip.
Forest department unable to trace the bear
After the video went viral on social media, locals immediately alerted the Forest Department. However, officials have not yet been able to trace the bear or identify the route it used to reach the urban settlement. CCTV footage confirmed the animal's presence in the area, prompting authorities to strengthen patrolling and advisory measures for residents.
What to do if you spot a bear
It is advised to follow essential safety guidelines to avoid danger during a bear encounter:
- Stay calm: Loud noise or running suddenly can provoke the bear.
- Slowly move back: Do not turn your back, maintain eye contact and step away gradually.
- Make yourself appear bigger: Raise your arms or open a jacket so the bear does not see you as weak.
- Protect yourself if attacked: Lie down on the ground, cover your stomach and protect your head with your arms.
- Call for help: Contact emergency services at 112 or inform the local wildlife department.
ALSO READ: Woman seriously injured in bear attack in Uttarakhand's Chamoli, spends night in forest: Video","success(trafilatura, resolved_via_decode, 2262 chars)"
